date,hour,battery_soc,pvout,price,action,cumrev_agent,cumrev_dp,gap,gap_pct,cumrev_baseline
2022-09-01,0.0,0.0,0.0,19.99,0.0,0.0,0.0,0.0,,0.0
2022-09-01,0.5,0.0,0.0,22.87,0.0,0.0,0.0,0.0,,0.0
2022-09-01,1.0,0.0,0.0,20.8,0.0,0.0,0.0,0.0,,0.0
2022-09-01,1.5,0.0,0.0,20.16,0.0,0.0,0.0,0.0,,0.0
2022-09-01,2.0,0.0,0.0,20.16,0.0,0.0,0.0,0.0,,0.0
2022-09-01,2.5,0.0,0.0,20.49,0.0,0.0,0.0,0.0,,0.0
2022-09-01,3.0,0.0,0.0,20.53,0.0,0.0,0.0,0.0,,0.0
2022-09-01,3.5,0.0,0.0,20.53,0.0,0.0,0.0,0.0,,0.0
2022-09-01,4.0,0.0,0.0,20.45,0.0,0.0,0.0,0.0,,0.0
2022-09-01,4.5,0.0,0.0,20.53,0.0,0.0,0.0,0.0,,0.0
2022-09-01,5.0,0.0,0.0,20.84,0.0,0.0,0.0,0.0,,0.0
2022-09-01,5.5,0.0,0.008725786,21.32,0.0,0.18603375751999998,0.0,-0.18603375751999998,,0.18603375751999998
2022-09-01,6.0,0.0,0.035594525,21.24,0.0,0.94206146852,0.0,-0.94206146852,,0.94206146852
2022-09-01,6.5,0.0,0.138850704,20.84,0.0,3.8357101398799998,0.0,-3.8357101398799998,,3.8357101398799998
2022-09-01,7.0,0.0,0.245011243,21.89,0.0,9.199006249149999,0.0,-9.199006249149999,,9.199006249149999
2022-09-01,7.5,0.0,0.259357473,20.84,-0.25935748,9.199006249149999,0.0,-9.199006249149999,,14.60401598647
2022-09-01,8.0,0.2593574821949005,0.247701419,20.53,-0.24770142,9.199006249149999,0.0,-9.199006249149999,,19.68932611854
2022-09-01,8.5,0.5070589184761047,0.181503342,20.53,-0.18150334,9.19900627785256,0.0,-9.19900627785256,,23.415589729799997
2022-09-01,9.0,0.688562273979187,0.11999605,29.99,-0.11999605,9.199006322535421,0.0,-9.199006322535421,,27.014271269299996
2022-09-01,9.5,0.8085583448410034,0.289277997,34.1,-0.289132,9.203984853796365,0.0,-9.203984853796365,,36.878650967
2022-09-01,10.0,1.0976903438568115,0.411089043,38.55,1.0867373,66.945189417461,0.0,-66.945189417461,,52.72613357465
2022-09-01,10.5,0.010953068733215332,0.436975423,36.93,-0.43697435,66.94522916751978,0.0,-66.94522916751978,,68.86363594604
2022-09-01,11.0,0.44792741537094116,0.448955531,38.55,-0.44895357,66.94530480511034,0.0,-66.94530480511034,,86.17087166609001
2022-09-01,11.5,0.8968809843063354,0.513904787,41.39,-0.5138176,66.9489131291658,0.0,-66.9489131291658,,107.44139080002
2022-09-01,12.0,1.410698652267456,0.625234322,42.15,-0.62516147,66.95198388384514,27.5661,-39.385883883845146,-142.87796925878214,133.79501747232
2022-09-01,12.5,2.035860061645508,0.6913364,40.0,-0.6912885,66.9539010349682,27.5661,-39.3878010349682,-142.88492400074077,161.44847347232002
2022-09-01,13.0,2.7271485328674316,0.715363635,45.0,-0.7152876,66.95732144943429,59.7411,-7.216221449434286,-12.079157312862144,193.63983704732001
2022-09-01,13.5,3.4424362182617188,0.78249077,64.94,-0.55756015,81.56431618141384,110.52418,28.959863818586157,26.20228787816943,244.45478765112
2022-09-01,14.0,3.9999964237213135,0.941370046,65.5,-3.576271e-06,143.22381994866623,232.74718,89.52336005133375,38.46377861649441,306.11452566412
2022-09-01,14.5,4.0,0.924653531,65.43,-0.0,203.72390048199622,232.74718,29.02327951800376,12.469873756581611,366.61460619745
2022-09-01,15.0,4.0,1.091412566,67.1,-0.0,276.9576836605962,306.02038000000005,29.06269633940383,9.496980671484632,439.84838937604997
2022-09-01,15.5,4.0,0.746334819,67.1,-0.0,327.0367500154962,357.08348000000007,30.046729984503884,8.41448335400559,489.92745573095
2022-09-01,16.0,4.0,0.404505229,67.1,-0.0,354.17905088139617,384.79578,30.616729118603814,7.956617694353045,517.06975659685
2022-09-01,16.5,4.0,0.287131288,67.1,0.23973323,389.53166031080957,402.44308,12.911419689190438,3.2082598337112516,536.33626602165
2022-09-01,17.0,3.7602667808532715,0.169781032,67.94,1.9997644,536.9305798445246,549.87288,12.942300155475436,2.3536894846451486,547.8711893357299
2022-09-01,17.5,1.7605023384094238,0.095183537,67.31,1.7605023,661.8367961183329,690.88733,29.050533881667093,4.204814970578067,554.2779932111999
2022-09-01,18.0,0.0,0.007591613,67.1,0.0,662.3461933506329,691.22283,28.87663664936713,4.177616160242729,554.7873904434999
2022-09-01,18.5,0.0,0.006848807,67.1,0.0,662.8057483003329,691.5583300000001,28.75258169966719,4.157650982190784,555.2469453931999
2022-09-01,19.0,0.0,0.006070751,67.1,0.0,663.2130956924328,691.75963,28.546534307567185,4.126655137069387,555.6542927852998
2022-09-01,19.5,0.0,0.001842051,67.1,0.0,663.3366973145328,692.4306300000001,29.09393268546728,4.201710817655088,555.7778944073998
2022-09-01,20.0,0.0,0.0,65.5,0.0,663.3366973145328,692.4306300000001,29.09393268546728,4.201710817655088,555.7778944073998
2022-09-01,20.5,0.0,0.0,66.04,0.0,663.3366973145328,692.4306300000001,29.09393268546728,4.201710817655088,555.7778944073998
2022-09-01,21.0,0.0,0.0,65.0,0.0,663.3366973145328,692.4306300000001,29.09393268546728,4.201710817655088,555.7778944073998
2022-09-01,21.5,0.0,0.0,55.37,0.0,663.3366973145328,692.4306300000001,29.09393268546728,4.201710817655088,555.7778944073998
2022-09-01,22.0,0.0,0.0,50.51,0.0,663.3366973145328,692.4306300000001,29.09393268546728,4.201710817655088,555.7778944073998
2022-09-01,22.5,0.0,0.0,40.12,0.0,663.3366973145328,692.4306300000001,29.09393268546728,4.201710817655088,555.7778944073998
2022-09-01,23.0,0.0,0.0,32.26,0.0,663.3366973145328,692.4306300000001,29.09393268546728,4.201710817655088,555.7778944073998
2022-09-01,23.5,0.0,0.0,33.8,0.0,663.3366973145328,692.4306300000001,29.09393268546728,4.201710817655088,555.7778944073998
2022-09-02,0.0,0.0,0.0,21.0,0.0,0.0,0.0,0.0,,0.0
2022-09-02,0.5,0.0,0.0,21.41,0.0,0.0,0.0,0.0,,0.0
2022-09-02,1.0,0.0,0.0,23.6,0.0,0.0,0.0,0.0,,0.0
2022-09-02,1.5,0.0,0.0,19.99,0.0,0.0,0.0,0.0,,0.0
2022-09-02,2.0,0.0,0.0,19.99,0.0,0.0,0.0,0.0,,0.0
2022-09-02,2.5,0.0,0.0,20.16,0.0,0.0,0.0,0.0,,0.0
2022-09-02,3.0,0.0,0.0,20.48,0.0,0.0,0.0,0.0,,0.0
2022-09-02,3.5,0.0,0.0,20.45,0.0,0.0,0.0,0.0,,0.0
2022-09-02,4.0,0.0,0.0,22.0,0.0,0.0,0.0,0.0,,0.0
2022-09-02,4.5,0.0,0.0,21.17,0.0,0.0,0.0,0.0,,0.0
2022-09-02,5.0,0.0,0.0,23.37,0.0,0.0,0.0,0.0,,0.0
2022-09-02,5.5,0.0,0.000708589,20.53,0.0,0.014547332169968286,0.0,-0.014547332169968286,,0.014547332169968286
2022-09-02,6.0,0.0,0.002155696,20.48,0.0,0.05869598624997252,0.0,-0.05869598624997252,,0.05869598624997252
2022-09-02,6.5,0.0,0.021109143,20.84,0.0,0.4986105263699301,0.0,-0.4986105263699301,,0.4986105263699301
2022-09-02,7.0,0.0,0.037162611,20.45,-0.03716261,0.4986105591233354,0.0,-0.4986105591233354,,1.2585859213198773
2022-09-02,7.5,0.03716260939836502,0.052224906,20.48,-0.052224904,0.49861059396425844,0.0,-0.49861059396425844,,2.3281519961998356
2022-09-02,8.0,0.08938751369714737,0.07267966,20.16,-0.07267966,0.49861059396425844,0.0,-0.49861059396425844,,3.793373941799814
2022-09-02,8.5,0.16206717491149902,0.124026019,20.16,-0.124026015,0.4986106665223815,0.0,-0.4986106665223815,,6.293738484839764
2022-09-02,9.0,0.28609317541122437,0.158292981,25.0,-0.15829298,0.49861071647239896,0.0,-0.49861071647239896,,10.251063009839754
2022-09-02,9.5,0.44438615441322327,0.220689352,30.0,-0.22068931,0.49861192776518237,0.0,-0.49861192776518237,,16.871743569839737
2022-09-02,10.0,0.6650754809379578,0.263317416,32.0,-0.26324898,0.5008018783149737,0.0,-0.5008018783149737,,25.297900881839723
2022-09-02,10.5,0.9283244609832764,0.344208994,31.0,-0.34417212,0.5019449693917295,0.0,-0.5019449693917295,,35.96837969583976
2022-09-02,11.0,1.2724965810775757,0.39055503,32.0,-0.39053357,0.5026318021945144,0.0,-0.5026318021945144,,48.46614065583981
2022-09-02,11.5,1.6630301475524902,0.359893965,33.0,-0.35986477,0.5035951921125843,0.0,-0.5035951921125843,,60.34264150083982
2022-09-02,12.0,2.022894859313965,0.305699845,34.0,-0.30553532,0.5091891622248568,0.0,-0.5091891622248568,,70.73643623083979
2022-09-02,12.5,2.32843017578125,0.359948021,27.0,-0.35891378,0.5371136892391633,0.0,-0.5371136892391633,,80.45503279783975
2022-09-02,13.0,2.6873440742492676,0.323282997,30.0,-0.30361074,1.127281336475221,0.0,-1.127281336475221,,90.15352270783978
2022-09-02,13.5,2.990954875946045,0.320060394,41.0,-0.01840548,13.495132797752035,0.0,-13.495132797752035,,103.27599886183975
2022-09-02,14.0,3.0093603134155273,0.304037555,43.0,0.55801314,50.56331273242745,0.0,-50.56331273242745,,116.34961372683972
2022-09-02,14.5,2.4513471126556396,0.212617241,45.0,0.49759609,82.52291240564784,0.0,-82.52291240564784,,125.91738957183975
2022-09-02,15.0,1.9537510871887207,0.146161724,46.0,-0.01260603,88.66647431446495,7.636,-81.03047431446495,-1061.1638857315997,132.6408288758397
2022-09-02,15.5,1.9663571119308472,0.147354202,45.0,-0.12207927,89.80384634006043,7.636,-82.16784634006044,-1076.0587524890052,139.27176796583967
2022-09-02,16.0,2.0884363651275635,0.132981255,50.0,-0.056516413,93.6270884577815,14.286,-79.3410884577815,-555.376511674237,145.92083071583966
2022-09-02,16.5,2.1449527740478516,0.095987306,51.0,-0.03703124,96.63384778495617,19.233,-77.40084778495617,-402.4377257055902,150.81618332183962
2022-09-02,17.0,2.1819839477539062,0.060972676,54.0,0.9831287,153.01532351900528,130.527,-22.48832351900529,-17.22886722211136,154.1087078258396
2022-09-02,17.5,1.1988551616668701,0.039293726,51.0,1.1698583,214.68207870388744,132.46499999999995,-82.2170787038875,-62.06702049891483,156.1126878518396
2022-09-02,18.0,0.028996825218200684,0.021971982,51.0,0.028996825,217.28148787201565,235.587,18.305512127984343,7.770170734371737,157.23325893383958
2022-09-02,18.5,0.0,0.008386638,50.85,0.0,217.70794841431564,235.9938,18.285851585684355,7.748445758187018,157.65971947613957
2022-09-02,19.0,0.0,0.0,50.0,0.0,217.70794841431564,235.9938,18.285851585684355,7.748445758187018,157.65971947613957
2022-09-02,19.5,0.0,0.0,48.0,0.0,217.70794841431564,235.9938,18.285851585684355,7.748445758187018,157.65971947613957
2022-09-02,20.0,0.0,0.0,47.51,0.0,217.70794841431564,235.9938,18.285851585684355,7.748445758187018,157.65971947613957
2022-09-02,20.5,0.0,0.0,38.0,0.0,217.70794841431564,235.9938,18.285851585684355,7.748445758187018,157.65971947613957
2022-09-02,21.0,0.0,0.0,33.0,0.0,217.70794841431564,235.9938,18.285851585684355,7.748445758187018,157.65971947613957
2022-09-02,21.5,0.0,0.0,28.67,0.0,217.70794841431564,235.9938,18.285851585684355,7.748445758187018,157.65971947613957
2022-09-02,22.0,0.0,0.0,23.93,0.0,217.70794841431564,235.9938,18.285851585684355,7.748445758187018,157.65971947613957
2022-09-02,22.5,0.0,0.0,24.21,0.0,217.70794841431564,235.9938,18.285851585684355,7.748445758187018,157.65971947613957
2022-09-02,23.0,0.0,0.0,23.35,0.0,217.70794841431564,235.9938,18.285851585684355,7.748445758187018,157.65971947613957
2022-09-02,23.5,0.0,0.0,21.51,0.0,217.70794841431564,235.9938,18.285851585684355,7.748445758187018,157.65971947613957
2022-09-03,0.0,0.0,0.0,20.0,0.0,0.0,0.0,0.0,,0.0
2022-09-03,0.5,0.0,0.0,31.0,0.0,0.0,0.0,0.0,,0.0
2022-09-03,1.0,0.0,0.0,23.93,0.0,0.0,0.0,0.0,,0.0
2022-09-03,1.5,0.0,0.0,22.0,0.0,0.0,0.0,0.0,,0.0
2022-09-03,2.0,0.0,0.0,23.03,0.0,0.0,0.0,0.0,,0.0
2022-09-03,2.5,0.0,0.0,20.81,0.0,0.0,0.0,0.0,,0.0
2022-09-03,3.0,0.0,0.0,20.8,0.0,0.0,0.0,0.0,,0.0
2022-09-03,3.5,0.0,0.0,20.8,0.0,0.0,0.0,0.0,,0.0
2022-09-03,4.0,0.0,0.0,20.43,0.0,0.0,0.0,0.0,,0.0
2022-09-03,4.5,0.0,0.0,23.03,0.0,0.0,0.0,0.0,,0.0
2022-09-03,5.0,0.0,0.0,23.66,0.0,0.0,0.0,0.0,,0.0
2022-09-03,5.5,0.0,0.003202336,23.37,0.0,0.07483859232002033,0.07011,-0.0047285923200203195,-6.744533333362315,0.07483859232002033
2022-09-03,6.0,0.0,0.008629482,20.81,0.0,0.25441811274004067,0.07011,-0.18430811274004066,-262.88420017121757,0.25441811274004067
2022-09-03,6.5,0.0,0.05711218,20.01,0.0,1.397232834540091,0.07011,-1.327122834540091,-1892.9151826274297,1.397232834540091
2022-09-03,7.0,0.0,0.111328619,20.01,-0.110996775,1.4038730263945354,0.07011,-1.3337630263945353,-1902.38628782561,3.624918500730132
2022-09-03,7.5,0.110996775329113,0.24476792,20.0,-0.24476792,1.403873042738951,0.07011,-1.3337630427389509,-1902.3863111381413,8.520276900730096
2022-09-03,8.0,0.3557646870613098,0.40583257,23.03,-0.40583256,1.40387329905559,19.13895,17.73507670094441,92.66483637265581,17.86660098783011
2022-09-03,8.5,0.7615972757339478,0.380837711,20.53,-0.3808377,1.4038733460359936,26.960880000000003,25.55700665396401,94.79292461508678,25.685199194660072
2022-09-03,9.0,1.1424349546432495,0.395889662,15.28,-0.39586392,1.4042666769167909,26.960880000000003,25.556613323083212,94.7914657202703,31.734393230020032
2022-09-03,9.5,1.5382988452911377,0.663778091,16.0,-0.1584131,9.490106576718631,26.960880000000003,17.470773423281372,64.80045689636752,42.35484268601999
2022-09-03,10.0,1.6967118978500366,1.024698833,17.0,0.7539167,39.726570311536875,26.960880000000003,-12.765690311536872,-47.34893783710647,59.77472284702003
2022-09-03,10.5,0.9427952170372009,0.818884726,18.0,-0.036908448,53.802143320172604,26.960880000000003,-26.8412633201726,-99.55633243489306,74.51464791502008
2022-09-03,11.0,0.9797036647796631,0.674485591,17.0,-0.4544224,57.54321732402457,26.960880000000003,-30.582337324024564,-113.43226676586433,85.98090296202008
2022-09-03,11.5,1.4341261386871338,0.636734869,18.0,-0.63009953,57.66265333623335,30.830880000000004,-26.831773336233343,-87.02889225423776,97.44213060402012
2022-09-03,12.0,2.064225673675537,0.635763879,19.0,-0.62918204,57.787708264097205,42.91488,-14.872828264097208,-34.65657660955176,109.52164430502012
2022-09-03,12.5,2.6934077739715576,0.711133665,20.0,-0.70106024,57.98917685409049,74.63488000000001,16.645703145909522,22.30284706816641,123.74431760502011
2022-09-03,13.0,3.394468069076538,0.872555904,19.87,-0.5929852,63.54424648817712,74.63488000000001,11.090633511822887,14.859853076501075,141.08200341750012
2022-09-03,13.5,3.9874532222747803,0.806503449,20.0,-0.010318121,79.46795304934676,90.73488,11.266926950653243,12.417415387173316,157.21207239750015
2022-09-03,14.0,3.9977712631225586,0.724967244,21.0,0.23521423,99.63176407471394,105.95988,6.328115925286056,5.972181098436556,172.43638452150014
2022-09-03,14.5,3.762557029724121,0.871803579,23.0,-0.2113314,114.822624253929,126.01588,11.193255746070989,8.882416839902232,192.48786683850017
2022-09-03,15.0,3.973888397216797,1.02809357,23.93,-0.026041621,138.8017273853077,150.61592,11.814192614692303,7.843920227484786,217.09014596860015
2022-09-03,15.5,3.999929904937744,0.751154156,25.0,-2.695048e-05,157.57990752331068,169.39092,11.811012476689314,6.972636122815387,235.8689998686002
2022-09-03,16.0,3.9999568462371826,0.351253475,27.0,0.53860605,181.60611463432895,178.86792,-2.7381946343289485,-1.5308472499310937,245.35284369360022
2022-09-03,16.5,3.461350917816162,0.403548547,33.44,1.083783,231.34248258626155,192.37768,-38.964802586261555,-20.25432606644469,258.8475071052802
2022-09-03,17.0,2.377567768096924,0.337131114,35.0,1.6534292,301.0120918466092,204.17268,-96.83941184660921,-47.43015169640189,270.6470960952802
2022-09-03,17.5,0.724138617515564,0.250330835,35.02,0.28468788,319.7484471303907,212.92768,-106.82076713039066,-50.16762833765467,279.4136819369802
2022-09-03,18.0,0.439450740814209,0.1211031,39.64,0.43943304,341.96809965001455,217.72412,-124.24397965001455,-57.06486706664129,284.21420882098016
2022-09-03,18.5,1.7702579498291016e-05,0.059840987,42.0,1.770258e-05,344.4821646123536,304.24411999999995,-40.23804461235363,-13.225578398147395,286.72753027498015
2022-09-03,19.0,0.0,0.0,42.0,0.0,344.4821646123536,388.24412,43.761955387646424,11.271762567233838,286.72753027498015
2022-09-03,19.5,0.0,0.0,40.0,0.0,344.4821646123536,388.24412,43.761955387646424,11.271762567233838,286.72753027498015
2022-09-03,20.0,0.0,0.0,38.0,0.0,344.4821646123536,388.24412,43.761955387646424,11.271762567233838,286.72753027498015
2022-09-03,20.5,0.0,0.0,35.0,0.0,344.4821646123536,388.24412,43.761955387646424,11.271762567233838,286.72753027498015
2022-09-03,21.0,0.0,0.0,34.51,0.0,344.4821646123536,388.24412,43.761955387646424,11.271762567233838,286.72753027498015
2022-09-03,21.5,0.0,0.0,34.51,0.0,344.4821646123536,388.24412,43.761955387646424,11.271762567233838,286.72753027498015
2022-09-03,22.0,0.0,0.0,33.92,0.0,344.4821646123536,388.24412,43.761955387646424,11.271762567233838,286.72753027498015
2022-09-03,22.5,0.0,0.0,33.93,0.0,344.4821646123536,388.24412,43.761955387646424,11.271762567233838,286.72753027498015
2022-09-03,23.0,0.0,0.0,23.93,0.0,344.4821646123536,388.24412,43.761955387646424,11.271762567233838,286.72753027498015
2022-09-03,23.5,0.0,0.0,20.81,0.0,344.4821646123536,388.24412,43.761955387646424,11.271762567233838,286.72753027498015
2022-09-04,0.0,0.0,0.0,18.03,0.0,0.0,0.0,0.0,,0.0
2022-09-04,0.5,0.0,0.0,21.0,0.0,0.0,0.0,0.0,,0.0
2022-09-04,1.0,0.0,0.0,20.0,0.0,0.0,0.0,0.0,,0.0
2022-09-04,1.5,0.0,0.0,19.0,0.0,0.0,0.0,0.0,,0.0
2022-09-04,2.0,0.0,0.0,19.0,0.0,0.0,0.0,0.0,,0.0
2022-09-04,2.5,0.0,0.0,19.0,0.0,0.0,0.0,0.0,,0.0
2022-09-04,3.0,0.0,0.0,17.25,0.0,0.0,0.0,0.0,,0.0
2022-09-04,3.5,0.0,0.0,19.0,0.0,0.0,0.0,0.0,,0.0
2022-09-04,4.0,0.0,0.0,19.0,0.0,0.0,0.0,0.0,,0.0
2022-09-04,4.5,0.0,0.0,19.0,0.0,0.0,0.0,0.0,,0.0
2022-09-04,5.0,0.0,0.0,19.99,0.0,0.0,0.0,0.0,,0.0
2022-09-04,5.5,0.0,0.019804914,20.01,0.0,0.39629632913988644,0.4002,0.0039036708601135617,0.9754300000283763,0.3962963291400001
2022-09-04,6.0,0.0,0.037426263,18.98,0.0,1.1066468008798438,0.4002,-0.7064468008798438,-176.5234385007106,1.1066468008799575
2022-09-04,6.5,0.0,0.08953027,17.36,0.0,2.660892288079822,0.4002,-2.260692288079822,-564.8906267066022,2.6608922880799355
2022-09-04,7.0,0.0,0.126111481,17.0,-0.12611136,2.6608943722092135,0.4002,-2.2606943722092137,-564.8911474785641,4.804787465079926
2022-09-04,7.5,0.12611135840415955,0.44610747,16.01,-0.44610748,2.6608943722092135,0.4002,-2.2606943722092137,-564.8911474785641,11.94696805977992
2022-09-04,8.0,0.5722188353538513,0.758424711,19.72,-0.7584247,2.6608946028052287,29.132240000000003,26.471345397194774,90.86615171780396,26.903103360700015
2022-09-04,8.5,1.3306435346603394,0.752518928,14.77,-0.75251895,2.6608946028052287,29.132240000000003,26.471345397194774,90.86615171780396,38.01780792726004
2022-09-04,9.0,2.083162546157837,0.759117666,15.68,-0.7580846,2.67709315289585,29.132240000000003,26.455146847104153,90.81054820056457,49.92077293013995
2022-09-04,9.5,2.841247081756592,1.003485703,12.42,0.20001717,17.624598824600525,29.132240000000003,11.507641175399478,39.50139493358381,62.38406536139996
2022-09-04,10.0,2.6412298679351807,1.464816455,12.67,1.9999903,61.52370096853292,29.132240000000003,-32.39146096853292,-111.18767718696851,80.94328984624985
2022-09-04,10.5,0.6412395238876343,1.315946866,16.01,0.6368769,92.78840915996557,49.88120000000001,-42.90720915996556,-86.01879898632261,102.0115991709099
2022-09-04,11.0,0.004362642765045166,1.126090086,16.58,-1.0423251,94.1772319804677,68.55028000000001,-25.62695198046768,-37.384168205392704,120.68217279678993
2022-09-04,11.5,1.0466878414154053,0.857137163,16.87,-0.26776826,104.11988530968779,83.41275000000002,-20.70713530968777,-24.824904237886614,135.14207673659985
2022-09-04,12.0,1.3144561052322388,0.660189365,16.87,-0.65158206,104.26509050717459,94.14207000000002,-10.123020507174573,-10.752918973605075,146.27947132414988
2022-09-04,12.5,1.9660382270812988,0.840487014,20.0,-0.82450855,104.58465983151655,111.36207000000002,6.77741016848347,6.085923302685977,163.0892116041498
2022-09-04,13.0,2.7905468940734863,1.056090013,20.0,-1.0463637,104.77918586437431,143.70207000000002,38.92288413562571,27.085820082915784,184.2110118641499
2022-09-04,13.5,3.8369107246398926,1.192584213,20.0,-0.16306365,125.36959721711719,155.92207000000002,30.55247278288283,19.594707011574965,208.06269612414985
2022-09-04,14.0,3.999974250793457,1.466843918,20.01,-2.5749163e-05,154.72062877554777,185.27674,30.556111224452223,16.49214640998769,237.41424292332977
2022-09-04,14.5,4.0,1.342492988,23.0,-0.0,185.59796749954785,243.62774,58.02977250045214,23.81903329253563,268.29158164732985
2022-09-04,15.0,4.0,1.194783867,22.0,-0.0,211.88321257354778,243.62774,31.74452742645221,13.029931413578852,294.5768267213298
2022-09-04,15.5,4.0,1.110037481,25.0,-0.0,239.63414959854776,271.37774,31.743590401452252,11.69719756729209,322.32776374632977
2022-09-04,16.0,4.0,0.827369145,27.0,-0.0,261.97311651354767,293.70674,31.73362348645236,10.804526816937315,344.66673066132967
2022-09-04,16.5,4.0,0.671046736,30.0,0.08228805,284.57316006839073,313.83674,29.263579931609286,9.324459568248537,364.7981327413297
2022-09-04,17.0,3.9177119731903076,0.475508895,33.92,0.15193474,305.85604826689337,329.98266,24.126611733106643,7.31147864954681,380.9273944597296
2022-09-04,17.5,3.765777111053467,0.275903059,42.04,0.39992383,334.2678107319289,341.58570000000003,7.317889268071156,2.1423289288957807,392.5263590600896
2022-09-04,18.0,3.3658533096313477,0.086582843,49.6,1.6072171,418.28028658738026,345.90090000000004,-72.37938658738022,-20.92489108509987,396.82086807288965
2022-09-04,18.5,1.758636236190796,0.047909343,49.6,1.7586362,507.88494731524383,352.89450000000005,-154.99044731524378,-43.919768462031506,399.19717148568975
2022-09-04,19.0,0.0,0.0,49.6,0.0,507.88494731524383,448.0769,-59.80804731524381,-13.34771940156786,399.19717148568975
2022-09-04,19.5,0.0,0.0,49.6,0.0,507.88494731524383,546.6817,38.79675268475614,7.096771793304248,399.19717148568975
2022-09-04,20.0,0.0,0.0,45.0,0.0,507.88494731524383,546.6817,38.79675268475614,7.096771793304248,399.19717148568975
2022-09-04,20.5,0.0,0.0,34.51,0.0,507.88494731524383,546.6817,38.79675268475614,7.096771793304248,399.19717148568975
2022-09-04,21.0,0.0,0.0,33.44,0.0,507.88494731524383,546.6817,38.79675268475614,7.096771793304248,399.19717148568975
2022-09-04,21.5,0.0,0.0,33.44,0.0,507.88494731524383,546.6817,38.79675268475614,7.096771793304248,399.19717148568975
2022-09-04,22.0,0.0,0.0,25.01,0.0,507.88494731524383,546.6817,38.79675268475614,7.096771793304248,399.19717148568975
2022-09-04,22.5,0.0,0.0,26.37,0.0,507.88494731524383,546.6817,38.79675268475614,7.096771793304248,399.19717148568975
2022-09-04,23.0,0.0,0.0,22.0,0.0,507.88494731524383,546.6817,38.79675268475614,7.096771793304248,399.19717148568975
2022-09-04,23.5,0.0,0.0,20.0,0.0,507.88494731524383,546.6817,38.79675268475614,7.096771793304248,399.19717148568975
2022-09-05,0.0,0.0,0.0,18.0,0.0,0.0,0.0,0.0,,0.0
2022-09-05,0.5,0.0,0.0,20.43,0.0,0.0,0.0,0.0,,0.0
2022-09-05,1.0,0.0,0.0,18.01,0.0,0.0,0.0,0.0,,0.0
2022-09-05,1.5,0.0,0.0,21.0,0.0,0.0,0.0,0.0,,0.0
2022-09-05,2.0,0.0,0.0,20.81,0.0,0.0,0.0,0.0,,0.0
2022-09-05,2.5,0.0,0.0,20.81,0.0,0.0,0.0,0.0,,0.0
2022-09-05,3.0,0.0,0.0,20.53,0.0,0.0,0.0,0.0,,0.0
2022-09-05,3.5,0.0,0.0,20.01,0.0,0.0,0.0,0.0,,0.0
2022-09-05,4.0,0.0,0.0,18.98,0.0,0.0,0.0,0.0,,0.0
2022-09-05,4.5,0.0,0.0,20.01,0.0,0.0,0.0,0.0,,0.0
2022-09-05,5.0,0.0,0.0,20.01,0.0,0.0,0.0,0.0,,0.0
2022-09-05,5.5,0.0,0.010027141,21.32,0.0,0.21377864612009034,0.0,-0.21377864612009034,,0.21377864612009034
2022-09-05,6.0,0.0,0.026856023,20.81,0.0,0.7726524847500968,0.0,-0.7726524847500968,,0.7726524847500968
2022-09-05,6.5,0.0,0.111142638,20.84,0.0,3.0888650606700594,0.0,-3.0888650606700594,,3.0888650606700594
2022-09-05,7.0,0.0,0.187487451,20.81,0.0,6.99047891598002,0.0,-6.99047891598002,,6.99047891598002
2022-09-05,7.5,0.0,0.36199319,23.0,-0.36199266,6.990491170734231,0.0,-6.990491170734231,,15.31632228598005
2022-09-05,8.0,0.36199265718460083,0.546930651,23.37,-0.5469307,6.990491170734231,0.0,-6.990491170734231,,28.098091599850022
2022-09-05,8.5,0.908923327922821,0.511547016,20.01,-0.511547,6.990491170734231,0.0,-6.990491170734231,,38.33414739001
2022-09-05,9.0,1.4204703569412231,0.530563897,23.93,-0.5305539,6.99073094087089,0.0,-6.99073094087089,,51.030541445220024
2022-09-05,9.5,1.9510242938995361,0.464804372,32.0,-0.46411145,7.012904530173728,0.0,-7.012904530173728,,65.90428134922013
2022-09-05,10.0,2.4151358604431152,0.448734481,33.44,-0.43091434,7.608809964843658,0.0,-7.608809964843658,,80.90996239386004
2022-09-05,10.5,2.846050262451172,0.455730503,28.25,-0.4551918,7.6240285772169045,0.0,-7.6240285772169045,,93.78434910361011
2022-09-05,11.0,3.3012421131134033,0.627339973,33.92,-0.54757696,10.32958984583729,9.63328,-0.6963098458372912,-7.228169905133985,115.06372098777001
2022-09-05,11.5,3.8488190174102783,0.712547134,33.93,1.8215241,96.31062828187783,40.10242,-56.20820828187782,-140.16163683358215,139.24044524439
2022-09-05,12.0,2.027294874191284,0.843685478,35.0,-0.7428479,99.83994283063385,139.64242,39.80247716936614,28.503141931632342,168.76943697438992
2022-09-05,12.5,2.7701427936553955,1.07592205,26.42,-1.0725077,99.93014892548172,139.64242,39.71227107451827,28.4385440144322,197.19529753538995
2022-09-05,13.0,3.8426504135131836,1.108745235,31.0,-0.15734598,129.4235258179017,139.64242,10.218894182098296,7.3179010948809795,231.56639982038996
2022-09-05,13.5,3.9999964237213135,1.359692429,43.0,-3.5762785e-06,187.89014648492798,198.12242,10.232273515072023,5.164621709684358,290.03317426739
2022-09-05,14.0,4.0,1.510677837,47.0,-0.0,258.8920048239279,269.13942,10.247415176072082,3.80747464495245,361.0350326063899
2022-09-05,14.5,4.0,1.543190043,50.0,-0.0,336.0515069739281,346.28941999999995,10.237913026071851,2.9564613975419327,438.1945347563899
2022-09-05,15.0,4.0,1.329462639,55.0,-0.0,409.17195211892795,419.38442,10.21246788107203,2.4351090298185207,511.31497990138996
2022-09-05,15.5,4.0,1.111643698,60.0,-0.0,475.87057399892774,486.10442,10.233846001072266,2.105277298460332,578.01360178139
2022-09-05,16.0,4.0,0.872985269,65.8,-0.0,533.3130046991278,543.54782,10.234815300872242,1.882965016927534,635.45603248159
2022-09-05,16.5,4.0,0.637675559,65.8,-0.0,575.2720564813276,585.52822,10.256163518672452,1.7516087471706232,677.4150842637898
2022-09-05,17.0,4.0,0.515236542,66.09,1.9998175,741.4919774943878,751.7445700000001,10.252592505612256,1.363839915147276,711.4670673245698
2022-09-05,17.5,2.000182628631592,0.289886597,65.81,2.0,892.189414442958,902.44947,10.260055557042051,1.136911915638008,730.5445042731396
2022-09-05,18.0,0.00018262863159179688,0.118029613,65.8,0.00018262863,899.9677799423166,902.58107,2.6132900576833435,0.2895352167848306,738.3108528085397
2022-09-05,18.5,0.0,0.055822892,65.8,0.0,903.6409262359166,902.71267,-0.9282562359165922,-0.10282964521995601,741.9839991021397
2022-09-05,19.0,0.0,0.0,65.8,0.0,903.6409262359166,903.04167,-0.5992562359166413,-0.06635975457440865,741.9839991021397
2022-09-05,19.5,0.0,0.0,65.8,0.0,903.6409262359166,913.89867,10.257743764083443,1.1224158761587257,741.9839991021397
2022-09-05,20.0,0.0,0.0,52.0,0.0,903.6409262359166,913.89867,10.257743764083443,1.1224158761587257,741.9839991021397
2022-09-05,20.5,0.0,0.0,47.0,0.0,903.6409262359166,913.89867,10.257743764083443,1.1224158761587257,741.9839991021397
2022-09-05,21.0,0.0,0.0,41.0,0.0,903.6409262359166,913.89867,10.257743764083443,1.1224158761587257,741.9839991021397
2022-09-05,21.5,0.0,0.0,36.49,0.0,903.6409262359166,913.89867,10.257743764083443,1.1224158761587257,741.9839991021397
2022-09-05,22.0,0.0,0.0,33.93,0.0,903.6409262359166,913.89867,10.257743764083443,1.1224158761587257,741.9839991021397
2022-09-05,22.5,0.0,0.0,33.93,0.0,903.6409262359166,913.89867,10.257743764083443,1.1224158761587257,741.9839991021397
2022-09-05,23.0,0.0,0.0,26.0,0.0,903.6409262359166,913.89867,10.257743764083443,1.1224158761587257,741.9839991021397
2022-09-05,23.5,0.0,0.0,24.0,0.0,903.6409262359166,913.89867,10.257743764083443,1.1224158761587257,741.9839991021397
2022-09-06,0.0,0.0,0.0,21.0,0.0,0.0,0.0,0.0,,0.0
2022-09-06,0.5,0.0,0.0,24.0,0.0,0.0,0.0,0.0,,0.0
2022-09-06,1.0,0.0,0.0,23.0,0.0,0.0,0.0,0.0,,0.0
2022-09-06,1.5,0.0,0.0,23.0,0.0,0.0,0.0,0.0,,0.0
2022-09-06,2.0,0.0,0.0,23.0,0.0,0.0,0.0,0.0,,0.0
2022-09-06,2.5,0.0,0.0,22.8,0.0,0.0,0.0,0.0,,0.0
2022-09-06,3.0,0.0,0.0,23.93,0.0,0.0,0.0,0.0,,0.0
2022-09-06,3.5,0.0,0.0,23.93,0.0,0.0,0.0,0.0,,0.0
2022-09-06,4.0,0.0,0.0,24.0,0.0,0.0,0.0,0.0,,0.0
2022-09-06,4.5,0.0,0.0,24.0,0.0,0.0,0.0,0.0,,0.0
2022-09-06,5.0,0.0,0.0,23.93,0.0,0.0,0.0,0.0,,0.0
2022-09-06,5.5,0.0,0.028818984,24.0,0.0,0.6916556159999345,0.0,-0.6916556159999345,,0.6916556159999345
2022-09-06,6.0,0.0,0.060023325,24.0,0.0,2.132215415999781,0.0,-2.132215415999781,,2.132215415999781
2022-09-06,6.5,0.0,0.207874069,23.5,0.0,7.017256037499919,0.0,-7.017256037499919,,7.017256037499919
2022-09-06,7.0,0.0,0.398263755,20.81,0.0,15.305124779049947,0.0,-15.305124779049947,,15.305124779049947
2022-09-06,7.5,0.0,0.530098688,20.81,-0.5300985,15.305128735705694,0.0,-15.305128735705694,,26.33647847632983
2022-09-06,8.0,0.5300984978675842,0.648929113,22.41,-0.6489291,15.305128735705694,0.0,-15.305128735705694,,40.87897989865996
2022-09-06,8.5,1.1790275573730469,0.773753263,20.01,-0.7737533,15.305128735705694,0.0,-15.305128735705694,,56.361782691290045
2022-09-06,9.0,1.952780842781067,0.837665434,27.0,-0.8376363,15.305915570225807,0.0,-15.305915570225807,,78.97874940929023
2022-09-06,9.5,2.790417194366455,0.90647405,35.0,-0.9027945,15.434700508893002,13.72,-1.7147005088930012,-12.497817120211378,110.70534115929013
2022-09-06,10.0,3.693211555480957,0.939693695,38.37,1.9996452,128.21713518217348,126.52779999999998,-1.6893351821734939,-1.335149415522513,146.76138823644033
2022-09-06,10.5,1.6935663223266602,1.097027687,35.02,1.6935663,225.94373738879312,126.52779999999998,-99.41593738879314,-78.57240652946874,185.17929783518048
2022-09-06,11.0,0.0,1.081845891,38.0,0.0,267.053881246793,133.4058,-133.64808124679303,-100.18161222884838,226.28944169318038
2022-09-06,11.5,0.0,1.007398044,38.0,-0.32642004,292.9310454391293,171.5958,-121.33524543912932,-70.70991565010875,264.5705673651805
2022-09-06,12.0,0.32642003893852234,0.874129482,39.01,-0.873038,292.9736243896009,252.54155,-40.4320743896009,-16.01006820050043,298.67035845800046
2022-09-06,12.5,1.1994580030441284,1.201027065,35.02,-1.2004358,292.9943319734525,252.54155,-40.45278197345252,-16.01826787451511,340.7303262743003
2022-09-06,13.0,2.3998937606811523,1.568806899,39.64,-1.5688037,292.9944600494141,314.73671,21.742249950585915,6.9080756263182375,402.9178317506603
2022-09-06,13.5,3.9686975479125977,1.44902677,45.0,-0.03130245,356.7920545231191,379.94171,23.149655476880923,6.092949225522232,468.1240364006603
2022-09-06,14.0,4.0,1.11901112,50.0,-0.0,412.74261052311886,435.89171,23.149099476881133,5.3107455236717245,524.0745924006601
2022-09-06,14.5,4.0,1.013615433,50.01,-0.0,463.43351832744884,486.60185,23.168331672551176,4.761250223884512,574.7655002049901
2022-09-06,15.0,4.0,0.818814198,55.25,-0.0,508.6730027669487,531.8516,23.178597233051278,4.358094858237012,620.0049846444899
2022-09-06,15.5,4.0,0.578160239,64.56,-0.0,545.9990277967886,569.2318399999999,23.232812203211324,4.081432304140142,657.3310096743298
2022-09-06,16.0,4.0,0.292418098,64.56,-0.0,564.8775402036686,588.0187999999999,23.141259796331383,3.9354625730217108,676.2095220812098
2022-09-06,16.5,4.0,0.368211899,65.41,0.43102536,617.1556490567709,612.0896799999999,-5.065969056770996,-0.8276514410063239,700.2942623947997
2022-09-06,17.0,3.568974733352661,0.442197241,77.24,1.9999999,805.7909547438853,800.70976,-5.081194743885362,-0.6345863379866086,734.4495772896398
2022-09-06,17.5,1.5689748525619507,0.275474201,67.0,1.5689749,929.3690413325362,953.13476,23.76571866746383,2.493426917665224,752.90634875664
2022-09-06,18.0,0.0,0.108181053,66.73,0.0,936.5879629992264,960.3416,23.75363700077355,2.4734570491139354,760.1252704233302
2022-09-06,18.5,0.0,0.058441724,64.57,0.0,940.3615451179066,960.59988,20.23833488209334,2.1068433698006857,763.8988525420104
2022-09-06,19.0,0.0,0.0,64.57,0.0,940.3615451179066,964.08666,23.725114882093408,2.4608902774459516,763.8988525420104
2022-09-06,19.5,0.0,0.0,64.56,0.0,940.3615451179066,964.08666,23.725114882093408,2.4608902774459516,763.8988525420104
2022-09-06,20.0,0.0,0.0,60.5,0.0,940.3615451179066,964.08666,23.725114882093408,2.4608902774459516,763.8988525420104
2022-09-06,20.5,0.0,0.0,50.0,0.0,940.3615451179066,964.08666,23.725114882093408,2.4608902774459516,763.8988525420104
2022-09-06,21.0,0.0,0.0,50.0,0.0,940.3615451179066,964.08666,23.725114882093408,2.4608902774459516,763.8988525420104
2022-09-06,21.5,0.0,0.0,39.64,0.0,940.3615451179066,964.08666,23.725114882093408,2.4608902774459516,763.8988525420104
2022-09-06,22.0,0.0,0.0,34.28,0.0,940.3615451179066,964.08666,23.725114882093408,2.4608902774459516,763.8988525420104
2022-09-06,22.5,0.0,0.0,38.57,0.0,940.3615451179066,964.08666,23.725114882093408,2.4608902774459516,763.8988525420104
2022-09-06,23.0,0.0,0.0,33.44,0.0,940.3615451179066,964.08666,23.725114882093408,2.4608902774459516,763.8988525420104
2022-09-06,23.5,0.0,0.0,24.21,0.0,940.3615451179066,964.08666,23.725114882093408,2.4608902774459516,763.8988525420104
2022-09-07,0.0,0.0,0.0,21.23,0.0,0.0,0.0,0.0,,0.0
2022-09-07,0.5,0.0,0.0,24.0,0.0,0.0,0.0,0.0,,0.0
2022-09-07,1.0,0.0,0.0,23.0,0.0,0.0,0.0,0.0,,0.0
2022-09-07,1.5,0.0,0.0,20.38,0.0,0.0,0.0,0.0,,0.0
2022-09-07,2.0,0.0,0.0,18.3,0.0,0.0,0.0,0.0,,0.0
2022-09-07,2.5,0.0,0.0,17.9,0.0,0.0,0.0,0.0,,0.0
2022-09-07,3.0,0.0,0.0,18.98,0.0,0.0,0.0,0.0,,0.0
2022-09-07,3.5,0.0,0.0,20.01,0.0,0.0,0.0,0.0,,0.0
2022-09-07,4.0,0.0,0.0,20.0,0.0,0.0,0.0,0.0,,0.0
2022-09-07,4.5,0.0,0.0,20.01,0.0,0.0,0.0,0.0,,0.0
2022-09-07,5.0,0.0,0.0,20.01,0.0,0.0,0.0,0.0,,0.0
2022-09-07,5.5,0.0,0.001231161,20.01,0.0,0.024635531609874306,0.0,-0.024635531609874306,,0.024635531609874306
2022-09-07,6.0,0.0,0.005115374,22.0,0.0,0.13717375961005018,0.0,-0.13717375961005018,,0.13717375961005018
2022-09-07,6.5,0.0,0.104789241,20.01,0.0,2.2340064720201553,0.0,-2.2340064720201553,,2.2340064720201553
2022-09-07,7.0,0.0,0.203945313,20.01,0.0,6.314952185150105,0.0,-6.314952185150105,,6.314952185150105
2022-09-07,7.5,0.0,0.234722344,20.81,-0.23472235,6.314952185150105,0.0,-6.314952185150105,,11.199524163790102
2022-09-07,8.0,0.2347223460674286,0.287718743,24.0,-0.28771874,6.314952185150105,0.0,-6.314952185150105,,18.10477399579031
2022-09-07,8.5,0.5224410891532898,0.481071318,24.12,-0.48107132,6.314952185150105,0.0,-6.314952185150105,,29.70821418595051
2022-09-07,9.0,1.0035123825073242,0.664756744,33.25,-0.66475654,6.3149590850648565,0.0,-6.3149590850648565,,51.811375923950436
2022-09-07,9.5,1.6682689189910889,0.682962496,39.64,0.28151783,44.54695934530719,17.91728,-26.629679345307185,-148.62568060167158,78.88400926539043
2022-09-07,10.0,1.3867510557174683,0.857164749,39.0,1.3867499,132.05962923766538,17.91728,-114.14234923766537,-637.0517692287298,112.31343447639028
2022-09-07,10.5,1.1920928955078125e-06,0.599713477,37.0,-0.599492,132.06782338885114,17.91728,-114.15054338885113,-637.0975024604801,134.50283312539023
2022-09-07,11.0,0.5994932055473328,0.328472381,38.0,-0.32847103,132.0678745457717,17.91728,-114.1505945457717,-637.0977879777047,146.98478360339004
2022-09-07,11.5,0.9279642105102539,0.338623349,45.0,-0.33854857,132.07123956156101,33.21728,-98.85395956156101,-297.59799586709386,162.22283430839025
2022-09-07,12.0,1.2665127515792847,0.404123704,45.0,-0.40391314,132.0807149281991,69.57728,-62.503434928199084,-89.83311064789984,180.40840098839044
2022-09-07,12.5,1.6704258918762207,0.404660391,40.1,-0.4037646,132.11663592586046,69.57728,-62.53935592586046,-89.8847381298327,196.63528266749063
2022-09-07,13.0,2.074190616607666,0.43004291,49.49,-0.34451565,136.34937995078417,90.85798,-45.49139995078417,-50.06868956450955,217.91810628339044
2022-09-07,13.5,2.418706178665161,0.435677933,63.77,-0.15486503,154.25681899994743,118.6617,-35.59511899994743,-29.997142296079893,245.70128807080027
2022-09-07,14.0,2.57357120513916,0.417333539,63.77,0.1991922,193.5726651292357,145.4451,-48.127565129235705,-33.08984979847084,272.31464785283015
2022-09-07,14.5,2.3743789196014404,0.287471796,63.77,0.9535434,272.71220574730114,167.06313,-105.64907574730114,-63.23901374725898,290.64672428375025
2022-09-07,15.0,1.4208354949951172,0.141577218,63.77,-0.13924906,272.86067260120217,172.61112,-100.24955260120217,-58.078270160811286,299.6751034756103
2022-09-07,15.5,1.560084581375122,0.115082907,66.22,-0.11507421,272.8612485252229,186.58354,-86.27770852522289,-46.24079301165735,307.2958935771503
2022-09-07,16.0,1.6751587390899658,0.096461872,65.3,-0.09645938,272.86141116908675,186.58354,-86.27787116908675,-46.24088018111713,313.5948538187504
2022-09-07,16.5,1.771618127822876,0.090943451,67.1,-0.09086088,272.86695162203523,192.68964,-80.17731162203523,-41.609560131014426,319.6971593808503
2022-09-07,17.0,1.8624789714813232,0.103799807,77.84,1.8624781,425.92202678426383,356.46500000000003,-69.4570267842638,-19.484949934569677,327.7769363577304
2022-09-07,17.5,8.344650268554688e-07,0.075856181,70.95,8.3446497e-07,431.30408203150364,503.7572,72.45311796849637,14.382547379669486,333.15893239968045
2022-09-07,18.0,5.684341886080802e-14,0.038487049,67.1,5.684342e-14,433.8865630194073,506.307,72.42043698059274,14.303661016061941,335.74141338758045
2022-09-07,18.5,0.0,0.015747109,66.17,0.0,434.9285492219374,507.36572,72.43717077806264,14.277111740632108,336.78339959011055
2022-09-07,19.0,0.0,0.0,63.77,0.0,434.9285492219374,507.36572,72.43717077806264,14.277111740632108,336.78339959011055
2022-09-07,19.5,0.0,0.0,60.2,0.0,434.9285492219374,507.36572,72.43717077806264,14.277111740632108,336.78339959011055
2022-09-07,20.0,0.0,0.0,52.0,0.0,434.9285492219374,507.36572,72.43717077806264,14.277111740632108,336.78339959011055
2022-09-07,20.5,0.0,0.0,47.0,0.0,434.9285492219374,507.36572,72.43717077806264,14.277111740632108,336.78339959011055
2022-09-07,21.0,0.0,0.0,44.01,0.0,434.9285492219374,507.36572,72.43717077806264,14.277111740632108,336.78339959011055
2022-09-07,21.5,0.0,0.0,35.02,0.0,434.9285492219374,507.36572,72.43717077806264,14.277111740632108,336.78339959011055
2022-09-07,22.0,0.0,0.0,29.99,0.0,434.9285492219374,507.36572,72.43717077806264,14.277111740632108,336.78339959011055
2022-09-07,22.5,0.0,0.0,28.86,0.0,434.9285492219374,507.36572,72.43717077806264,14.277111740632108,336.78339959011055
2022-09-07,23.0,0.0,0.0,32.81,0.0,434.9285492219374,507.36572,72.43717077806264,14.277111740632108,336.78339959011055
2022-09-07,23.5,0.0,0.0,25.0,0.0,434.9285492219374,507.36572,72.43717077806264,14.277111740632108,336.78339959011055
2022-09-08,0.0,0.0,0.0,21.0,0.0,0.0,0.0,0.0,,0.0
2022-09-08,0.5,0.0,0.0,25.0,0.0,0.0,0.0,0.0,,0.0
2022-09-08,1.0,0.0,0.0,24.0,0.0,0.0,0.0,0.0,,0.0
2022-09-08,1.5,0.0,0.0,23.93,0.0,0.0,0.0,0.0,,0.0
2022-09-08,2.0,0.0,0.0,24.0,0.0,0.0,0.0,0.0,,0.0
2022-09-08,2.5,0.0,0.0,24.0,0.0,0.0,0.0,0.0,,0.0
2022-09-08,3.0,0.0,0.0,25.0,0.0,0.0,0.0,0.0,,0.0
2022-09-08,3.5,0.0,0.0,25.0,0.0,0.0,0.0,0.0,,0.0
2022-09-08,4.0,0.0,0.0,25.0,0.0,0.0,0.0,0.0,,0.0
2022-09-08,4.5,0.0,0.0,25.0,0.0,0.0,0.0,0.0,,0.0
2022-09-08,5.0,0.0,0.0,27.0,0.0,0.0,0.0,0.0,,0.0
2022-09-08,5.5,0.0,0.01317553,27.0,0.0,0.3557393099999899,0.0,-0.3557393099999899,,0.3557393099999899
2022-09-08,6.0,0.0,0.033557387,27.0,0.0,1.2617887589999555,0.0,-1.2617887589999555,,1.2617887589999555
2022-09-08,6.5,0.0,0.063377403,25.0,0.0,2.8462238339998294,0.0,-2.8462238339998294,,2.8462238339998294
2022-09-08,7.0,0.0,0.10311603,24.21,0.0,5.342662920299972,0.0,-5.342662920299972,,5.342662920299972
2022-09-08,7.5,0.0,0.19374483,24.0,-0.19374482,5.342663080221428,0.0,-5.342663080221428,,9.992538840299858
2022-09-08,8.0,0.19374482333660126,0.269559988,25.5,-0.26955998,5.342663298532443,0.0,-5.342663298532443,,16.866318534299808
2022-09-08,8.5,0.4633048176765442,0.525387461,25.0,-0.52538747,5.342663298532443,0.0,-5.342663298532443,,30.001005059299587
2022-09-08,9.0,0.9886922836303711,0.793591159,40.0,-0.7935911,5.342666374688633,0.0,-5.342666374688633,,61.74465141929977
2022-09-08,9.5,1.7822833061218262,0.587287263,57.95,-0.5101748,9.81133297467295,0.0,-9.81133297467295,,95.7779483101499
2022-09-08,10.0,2.2924580574035645,0.432694162,50.01,1.9995981,131.45027127199364,0.0,-131.45027127199364,,117.41698335176989
2022-09-08,10.5,0.29285991191864014,0.39939101,58.52,0.29271442,171.95228085890676,0.0,-171.95228085890676,,140.78934525696968
2022-09-08,11.0,0.00014549493789672852,0.359687044,58.17,-0.35900158,171.9921544800859,0.0,-171.9921544800859,,161.71234060644974
2022-09-08,11.5,0.3591470718383789,0.50422981,60.0,-0.5041645,171.9960720645372,16.740000000000002,-155.2560720645372,-927.4556276256701,191.96612920644975
2022-09-08,12.0,0.8633115887641907,0.602625078,65.15,-0.6025926,171.99818882250065,109.44845,-62.54973882250066,-57.14995399432395,231.22715303814994
2022-09-08,12.5,1.4659042358398438,0.484898992,55.0,-0.48425716,172.03348949354995,109.44845,-62.58503949354996,-57.182207234136214,257.89659759815004
2022-09-08,13.0,1.9501614570617676,0.334646627,57.99,-0.15788455,182.2839221604704,109.44845,-72.83547216047042,-66.54774202875457,277.30275549787984
2022-09-08,13.5,2.108046054840088,0.339726779,67.15,0.46030527,236.0060744880525,132.27945,-103.7266244880525,-78.41476849809436,300.1154087077298
2022-09-08,14.0,1.6477408409118652,0.284229411,67.15,-0.11014245,247.6960141170007,151.8201,-95.87591411700069,-63.1510018218936,319.2014136563798
2022-09-08,14.5,1.7578833103179932,0.286717324,67.15,-0.28445,247.8482652886246,185.6637,-62.18456528862458,-33.49311970440349,338.45448196298
2022-09-08,15.0,2.0423333644866943,0.230446713,67.15,-0.2302781,247.85958734646601,187.61105,-60.24853734646601,-32.11353347602181,353.92897874093023
2022-09-08,15.5,2.272611379623413,0.200023542,67.15,-0.19990152,247.86778104278937,204.12995,-43.73783104278937,-21.426464388390514,367.36055958623
2022-09-08,16.0,2.47251296043396,0.190930917,67.15,-0.19005808,247.92639189006377,237.97355,-9.95284189006378,-4.182331141449872,380.1815706627799
2022-09-08,16.5,2.6625709533691406,0.113733159,67.15,-0.09616964,249.10578198247504,239.9209,-9.184881982475048,-3.828295901888935,387.8187522896301
2022-09-08,17.0,2.7587406635284424,0.056997143,67.15,1.9991021,387.1728471995534,372.27355,-14.899297199553416,-4.002244370988327,391.64611044208004
2022-09-08,17.5,0.7596385478973389,0.037766155,67.15,0.75963855,440.71857299911017,494.9566,54.238027000889815,10.958137946011796,394.18210775033003
2022-09-08,18.0,0.0,0.014631817,65.0,0.0,441.6696411041098,495.9316,54.26195889589019,10.941419924822332,395.13317585533014
2022-09-08,18.5,0.0,0.005253587,64.0,0.0,442.0058706721097,496.2516,54.245729327890274,10.9310940917652,395.46940542333004
2022-09-08,19.0,0.0,0.0,62.07,0.0,442.0058706721097,496.2516,54.245729327890274,10.9310940917652,395.46940542333004
2022-09-08,19.5,0.0,0.0,58.0,0.0,442.0058706721097,496.2516,54.245729327890274,10.9310940917652,395.46940542333004
2022-09-08,20.0,0.0,0.0,54.0,0.0,442.0058706721097,496.2516,54.245729327890274,10.9310940917652,395.46940542333004
2022-09-08,20.5,0.0,0.0,49.0,0.0,442.0058706721097,496.2516,54.245729327890274,10.9310940917652,395.46940542333004
2022-09-08,21.0,0.0,0.0,43.0,0.0,442.0058706721097,496.2516,54.245729327890274,10.9310940917652,395.46940542333004
2022-09-08,21.5,0.0,0.0,33.92,0.0,442.0058706721097,496.2516,54.245729327890274,10.9310940917652,395.46940542333004
2022-09-08,22.0,0.0,0.0,30.0,0.0,442.0058706721097,496.2516,54.245729327890274,10.9310940917652,395.46940542333004
2022-09-08,22.5,0.0,0.0,31.24,0.0,442.0058706721097,496.2516,54.245729327890274,10.9310940917652,395.46940542333004
2022-09-08,23.0,0.0,0.0,27.0,0.0,442.0058706721097,496.2516,54.245729327890274,10.9310940917652,395.46940542333004
2022-09-08,23.5,0.0,0.0,25.0,0.0,442.0058706721097,496.2516,54.245729327890274,10.9310940917652,395.46940542333004
2022-09-09,0.0,0.0,0.0,21.0,0.0,0.0,0.0,0.0,,0.0
2022-09-09,0.5,0.0,0.0,23.01,0.0,0.0,0.0,0.0,,0.0
2022-09-09,1.0,0.0,0.0,23.6,0.0,0.0,0.0,0.0,,0.0
2022-09-09,1.5,0.0,0.0,23.93,0.0,0.0,0.0,0.0,,0.0
2022-09-09,2.0,0.0,0.0,23.93,0.0,0.0,0.0,0.0,,0.0
2022-09-09,2.5,0.0,0.0,26.0,0.0,0.0,0.0,0.0,,0.0
2022-09-09,3.0,0.0,0.0,26.0,0.0,0.0,0.0,0.0,,0.0
2022-09-09,3.5,0.0,0.0,36.02,0.0,0.0,0.0,0.0,,0.0
2022-09-09,4.0,0.0,0.0,40.0,0.0,0.0,0.0,0.0,,0.0
2022-09-09,4.5,0.0,0.0,40.0,0.0,0.0,0.0,0.0,,0.0
2022-09-09,5.0,0.0,0.0,39.79,0.0,0.0,0.0,0.0,,0.0
2022-09-09,5.5,0.0,0.005080356,42.4,0.0,0.21540709439977945,0.212,-0.003407094399779459,-1.607119999895971,0.21540709439977945
2022-09-09,6.0,0.0,0.015571069,31.1,0.0,0.6996673403000386,0.212,-0.48766734030003867,-230.0317642924711,0.6996673402995839
2022-09-09,6.5,0.0,0.038350638,28.5,0.0,1.7926605232996735,0.212,-1.5806605232996735,-745.5945864621102,1.7926605232996735
2022-09-09,7.0,0.0,0.063487149,26.0,0.0,3.443326397299643,0.212,-3.2313263972996427,-1524.2105647639826,3.443326397299643
2022-09-09,7.5,0.0,0.202496741,25.0,-0.20249674,3.4433264912559025,0.212,-3.2313264912559023,-1524.210609082973,8.505744922299527
2022-09-09,8.0,0.202496737241745,0.349019703,23.93,-0.3490197,3.4433264912559025,0.212,-3.2313264912559023,-1524.210609082973,16.857786415089322
2022-09-09,8.5,0.5515164136886597,0.374589004,20.01,-0.374589,3.4433266478954465,0.212,-3.2313266478954463,-1524.2106829695501,24.353312385129357
2022-09-09,9.0,0.9261053800582886,0.401580909,26.01,-0.40158084,3.4433284335027565,0.212,-3.2313284335027563,-1524.2115252371493,34.798431828219236
2022-09-09,9.5,1.3276861906051636,0.378519967,34.51,-0.37834868,3.449239604799004,0.212,-3.237239604799004,-1526.999813584436,47.86115588938901
2022-09-09,10.0,1.7060348987579346,0.362369373,35.32,-0.07729072,13.518217585045022,0.212,-13.306217585045022,-6276.517728794822,60.6600421437488
2022-09-09,10.5,1.7833256721496582,0.431175638,34.51,-0.3839362,15.148450708945347,0.212,-14.936450708945348,-7045.495617427051,75.53991341112896
2022-09-09,11.0,2.167261838912964,0.550758884,35.02,-0.52295035,16.122305526261698,0.212,-15.910305526261698,-7504.861097293254,94.82748952880911
2022-09-09,11.5,2.6902122497558594,0.802175397,39.64,1.9938372,126.95624635221611,2.5904000000000003,-124.36584635221611,-4801.028657821807,126.62572226588918
2022-09-09,12.0,0.6963750123977661,1.164259701,39.64,-1.092278,129.80960083348054,110.17336,-19.636240833480542,-17.823038921097208,172.77697681352902
2022-09-09,12.5,1.788653016090393,0.830232839,26.88,-0.8294841,129.82972680043895,110.17336,-19.656366800438946,-17.841306465046493,195.0936355258491
2022-09-09,13.0,2.6181371212005615,0.690438146,26.42,-0.6840427,129.99869469024543,110.17336,-19.825334690245427,-17.994671933619365,213.3350113431693
2022-09-09,13.5,3.3021798133850098,0.904807402,39.64,-0.69775903,138.20609206715744,141.29076,3.0846679328425637,2.1832057049183993,249.2015767584494
2022-09-09,14.0,3.99993896484375,1.133434778,40.22,-6.1035116e-05,183.79038400594254,186.86002,3.0696359940574496,1.642746262179277,294.78832352960944
2022-09-09,14.5,4.0,0.844599631,41.22,-0.0,218.60478079576296,221.69092,3.0861392042370426,1.3920909364429732,329.6027203194294
2022-09-09,15.0,4.0,0.545493102,45.79,-0.0,243.58290993634273,266.01564,22.43273006365729,8.432861339903656,354.58084946000963
2022-09-09,15.5,4.0,0.422755712,45.0,-0.0,262.6069169763423,266.01564,3.4087230236577284,1.281399478488456,373.60485650000965
2022-09-09,16.0,4.0,0.284722574,60.9,-0.0,279.94652173294253,283.37214,3.425618267057473,1.2088761679456115,390.94446125660943
2022-09-09,16.5,4.0,0.177087104,65.2,-0.0,291.49260091374254,296.08614,4.593539086257465,1.5514198287895087,402.49054043740944
2022-09-09,17.0,4.0,0.070060168,70.0,1.9998461,436.386039730246,440.98614,4.600100269753966,1.0431394215142376,407.3947521974096
2022-09-09,17.5,2.0001540184020996,0.048382673,65.2,2.0,569.9405900098463,441.18174,-128.75885000984636,-29.184990750035656,410.5493024770094
2022-09-09,18.0,0.00015401840209960938,0.039371722,65.2,0.0001540184,572.5176682840629,574.12454,1.6068717159371317,0.27988208201954434,413.11633875140933
2022-09-09,18.5,0.0,0.015036728,65.2,0.0,573.4980629496631,576.86294,3.3648770503368723,0.583306157670117,414.09673341700955
2022-09-09,19.0,0.0,0.0,65.0,0.0,573.4980629496631,576.86294,3.3648770503368723,0.583306157670117,414.09673341700955
2022-09-09,19.5,0.0,0.0,62.0,0.0,573.4980629496631,576.86294,3.3648770503368723,0.583306157670117,414.09673341700955
2022-09-09,20.0,0.0,0.0,45.63,0.0,573.4980629496631,576.86294,3.3648770503368723,0.583306157670117,414.09673341700955
2022-09-09,20.5,0.0,0.0,52.0,0.0,573.4980629496631,576.86294,3.3648770503368723,0.583306157670117,414.09673341700955
2022-09-09,21.0,0.0,0.0,45.0,0.0,573.4980629496631,576.86294,3.3648770503368723,0.583306157670117,414.09673341700955
2022-09-09,21.5,0.0,0.0,35.0,0.0,573.4980629496631,576.86294,3.3648770503368723,0.583306157670117,414.09673341700955
2022-09-09,22.0,0.0,0.0,32.0,0.0,573.4980629496631,576.86294,3.3648770503368723,0.583306157670117,414.09673341700955
2022-09-09,22.5,0.0,0.0,29.0,0.0,573.4980629496631,576.86294,3.3648770503368723,0.583306157670117,414.09673341700955
2022-09-09,23.0,0.0,0.0,29.0,0.0,573.4980629496631,576.86294,3.3648770503368723,0.583306157670117,414.09673341700955
2022-09-09,23.5,0.0,0.0,23.35,0.0,573.4980629496631,576.86294,3.3648770503368723,0.583306157670117,414.09673341700955
2022-09-10,0.0,0.0,0.0,20.01,0.0,0.0,0.0,0.0,,0.0
2022-09-10,0.5,0.0,0.0,21.99,0.0,0.0,0.0,0.0,,0.0
2022-09-10,1.0,0.0,0.0,23.0,0.0,0.0,0.0,0.0,,0.0
2022-09-10,1.5,0.0,0.0,20.42,0.0,0.0,0.0,0.0,,0.0
2022-09-10,2.0,0.0,0.0,19.05,0.0,0.0,0.0,0.0,,0.0
2022-09-10,2.5,0.0,0.0,19.05,0.0,0.0,0.0,0.0,,0.0
2022-09-10,3.0,0.0,0.0,19.05,0.0,0.0,0.0,0.0,,0.0
2022-09-10,3.5,0.0,0.0,17.82,0.0,0.0,0.0,0.0,,0.0
2022-09-10,4.0,0.0,0.0,17.73,0.0,0.0,0.0,0.0,,0.0
2022-09-10,4.5,0.0,0.0,19.05,0.0,0.0,0.0,0.0,,0.0
2022-09-10,5.0,0.0,0.0,19.05,0.0,0.0,0.0,0.0,,0.0
2022-09-10,5.5,0.0,0.016346525,19.05,0.0,0.3114013012500436,0.3048,-0.006601301250043601,-2.1657812500143048,0.3114013012500436
2022-09-10,6.0,0.0,0.034725372,15.0,0.0,0.8322818812503101,0.3048,-0.5274818812503101,-173.05835999025922,0.8322818812498554
2022-09-10,6.5,0.0,0.19099533,17.2,0.0,4.11740155725056,4.192,0.07459844274944061,1.7795430045190983,4.11740155724965
2022-09-10,7.0,0.0,0.315129051,3.0,-0.31512904,4.1174015852357115,4.192,0.07459841476428863,1.7795423369343661,5.062788710249606
2022-09-10,7.5,0.31512904167175293,0.53339124,10.0,-0.53339124,4.117401612646972,4.192,0.07459838735302782,1.7795416830397857,10.396701110249523
2022-09-10,8.0,0.8485202789306641,0.823777559,16.0,-0.82377756,4.117401653937122,20.288,16.170598346062878,79.70523632720267,23.577142054249634
2022-09-10,8.5,1.6722978353500366,1.033430142,15.82,-1.0334301,4.117402326487536,20.288,16.170597673512464,79.70523301218682,39.92600690068957
2022-09-10,9.0,2.705728054046631,1.09876672,12.67,-1.0987324,4.11783776579432,20.288,16.17016223420568,79.7030867222283,53.84738124308933
2022-09-10,9.5,3.8044605255126953,1.20154511,12.26,-0.07922224,17.877516157463106,20.288,2.4104838425368946,11.881328088214188,68.57832429168957
2022-09-10,10.0,3.8836827278137207,1.408323291,18.0,1.999998,79.22729891742074,81.632,2.4047010825792654,2.9457823924187396,93.9281435296898
2022-09-10,10.5,1.883684754371643,1.445953925,19.5,1.8836848,144.15525316516778,148.829,4.6737468348322295,3.140346864409644,122.1242450671898
2022-09-10,11.0,0.0,1.584089202,17.0,0.0,171.08476959916788,175.757,4.67223040083212,2.658346695057449,149.0537615011899
2022-09-10,11.5,0.0,1.734682353,16.1,0.0,199.01315548246748,203.6905,4.677344517532504,2.2962997869476016,176.9821473844895
2022-09-10,12.0,0.0,1.608985128,13.57,-1.4998128,200.49462341142043,212.97238,12.477756588579552,5.858861411315192,198.8160755714498
2022-09-10,12.5,1.4998128414154053,1.552391654,12.24,-1.3164582,203.3824485793175,212.97238,9.58993142068249,4.502899118037038,217.81734941641025
2022-09-10,13.0,2.8162710666656494,1.523108609,12.26,-1.1586045,207.85126892282642,212.97238,5.121111077173566,2.404589307389797,236.49066096275055
2022-09-10,13.5,3.9748754501342773,1.344372919,15.69,-0.025123132,228.55029807469418,234.05974,5.509441925305822,2.3538614224325043,257.58387206186035
2022-09-10,14.0,3.9999985694885254,1.538212199,19.05,-1.4305097e-06,257.8532132144355,263.35864000000004,5.505426785564509,2.0904675030082585,286.88681445281054
2022-09-10,14.5,4.0,1.267011912,23.0,-0.0,286.9944871904354,292.77564000000007,5.781152809564674,1.974601715349225,316.0280884288104
2022-09-10,15.0,4.0,1.119448706,23.0,-0.0,312.7418074284351,341.32864000000006,28.58683257156497,8.37516376345242,341.7754086668101
2022-09-10,15.5,4.0,1.003711398,20.01,-0.0,332.8260725024147,341.32864000000006,8.502567497585346,2.491020823094524,361.85967374078973
2022-09-10,16.0,4.0,0.807005778,23.66,-0.0,351.9198292098945,360.4222600000001,8.50243079010562,2.3590193319651283,380.9534304482695
2022-09-10,16.5,4.0,0.611461506,23.99,0.08262143,368.57087891268566,375.08015000000006,6.509271087314403,1.7354347030399775,395.6223919772092
2022-09-10,17.0,3.9173786640167236,0.41104363,33.62,0.44325453,397.2923830663367,388.89797,-8.39441306633671,-2.1585129555540523,409.4416788178096
2022-09-10,17.5,3.4741241931915283,0.227291387,34.46,0.6051706,425.9790233991098,396.72039000000007,-29.258633399109726,-7.375127202085509,417.2741400138293
2022-09-10,18.0,2.8689537048339844,0.046293476,40.0,1.1574045,474.126944117882,478.5603900000001,4.4334458821181215,0.926413045199608,419.1258790538295
2022-09-10,18.5,1.711549162864685,0.025290149,35.0,1.7115492,534.9163200331459,549.4353900000001,14.519069966854204,2.6425436422750637,420.01103426882946
2022-09-10,19.0,0.0,0.0,34.11,0.0,534.9163200331459,549.4353900000001,14.519069966854204,2.6425436422750637,420.01103426882946
2022-09-10,19.5,0.0,0.0,33.62,0.0,534.9163200331459,549.4353900000001,14.519069966854204,2.6425436422750637,420.01103426882946
2022-09-10,20.0,0.0,0.0,31.42,0.0,534.9163200331459,549.4353900000001,14.519069966854204,2.6425436422750637,420.01103426882946
2022-09-10,20.5,0.0,0.0,27.71,0.0,534.9163200331459,549.4353900000001,14.519069966854204,2.6425436422750637,420.01103426882946
2022-09-10,21.0,0.0,0.0,23.99,0.0,534.9163200331459,549.4353900000001,14.519069966854204,2.6425436422750637,420.01103426882946
2022-09-10,21.5,0.0,0.0,33.62,0.0,534.9163200331459,549.4353900000001,14.519069966854204,2.6425436422750637,420.01103426882946
2022-09-10,22.0,0.0,0.0,23.93,0.0,534.9163200331459,549.4353900000001,14.519069966854204,2.6425436422750637,420.01103426882946
2022-09-10,22.5,0.0,0.0,29.99,0.0,534.9163200331459,549.4353900000001,14.519069966854204,2.6425436422750637,420.01103426882946
2022-09-10,23.0,0.0,0.0,23.0,0.0,534.9163200331459,549.4353900000001,14.519069966854204,2.6425436422750637,420.01103426882946
2022-09-10,23.5,0.0,0.0,21.99,0.0,534.9163200331459,549.4353900000001,14.519069966854204,2.6425436422750637,420.01103426882946
2022-09-11,0.0,0.0,0.0,18.03,0.0,0.0,0.0,0.0,,0.0
2022-09-11,0.5,0.0,0.0,21.0,0.0,0.0,0.0,0.0,,0.0
2022-09-11,1.0,0.0,0.0,21.02,0.0,0.0,0.0,0.0,,0.0
2022-09-11,1.5,0.0,0.0,17.48,0.0,0.0,0.0,0.0,,0.0
2022-09-11,2.0,0.0,0.0,17.47,0.0,0.0,0.0,0.0,,0.0
2022-09-11,2.5,0.0,0.0,17.02,0.0,0.0,0.0,0.0,,0.0
2022-09-11,3.0,0.0,0.0,16.85,0.0,0.0,0.0,0.0,,0.0
2022-09-11,3.5,0.0,0.0,16.85,0.0,0.0,0.0,0.0,,0.0
2022-09-11,4.0,0.0,0.0,15.92,0.0,0.0,0.0,0.0,,0.0
2022-09-11,4.5,0.0,0.0,16.66,0.0,0.0,0.0,0.0,,0.0
2022-09-11,5.0,0.0,0.0,16.9,0.0,0.0,0.0,0.0,,0.0
2022-09-11,5.5,0.0,0.008656288,16.68,0.0,0.14438688383961562,0.0,-0.14438688383961562,,0.14438688383961562
2022-09-11,6.0,0.0,0.023269121,18.98,0.0,0.5860348004198386,0.60736,0.021325199580161436,3.511130067861142,0.5860348004198386
2022-09-11,6.5,0.0,0.111224648,17.17,0.0,2.495762006579753,2.51323,0.017467993420247296,0.6950415767855428,2.495762006579753
2022-09-11,7.0,0.0,0.19401616,15.68,-0.1939803,2.496324191232816,5.55515,3.0588258087671845,55.06288414835214,5.537935395379463
2022-09-11,7.5,0.19398030638694763,0.391906869,12.65,-0.39190686,2.496324336827456,10.51395,8.017625663172543,76.25702674230469,10.495557288229065
2022-09-11,8.0,0.5858871936798096,0.570578811,4.65,-0.5705788,2.496324336827456,13.169100000000002,10.672775663172546,81.04407790336883,13.148748759379487
2022-09-11,8.5,1.156466007232666,0.689664973,1.0,-0.68966496,2.4963243499196324,13.173100000000002,10.67677565008037,81.04983375272614,13.838413732379195
2022-09-11,9.0,1.8461309671401978,0.745786464,0.02,-0.74577814,2.496324516331697,13.173100000000002,10.676775483668305,81.04983248945429,13.853329461659087
2022-09-11,9.5,2.591909170150757,0.863058988,0.97,-0.1460943,3.1917802566076716,13.173100000000002,9.98131974339233,75.77046969500215,14.69049668001935
2022-09-11,10.0,2.7380034923553467,0.951577594,0.02,-0.21264488,3.2065589109870416,13.173100000000002,9.96654108901296,75.65828156632045,14.70952823189964
2022-09-11,10.5,2.950648307800293,0.953802461,1.0,1.2628602,5.423221550934613,13.374100000000002,7.950878449065389,59.449820541684204,15.663330692899763
2022-09-11,11.0,1.6877881288528442,0.93076485,1.2,1.0119258,7.7544503507779154,14.491300000000004,6.736849649222089,46.48892541885191,16.78024851289956
2022-09-11,11.5,0.6758623123168945,0.939070363,1.2,0.55140054,9.543015437088798,15.618100000000002,6.075084562911204,38.897718435092635,17.907132948499566
2022-09-11,12.0,0.12446177005767822,1.09367478,5.0,-0.6705696,11.658541343715115,21.088100000000004,9.42955865628489,44.71506990333358,23.375506848499754
2022-09-11,12.5,0.7950313687324524,1.060202946,12.26,-1.0025716,12.365101856617912,34.08370000000001,21.718598143382096,63.72136283144756,36.37359496645968
2022-09-11,13.0,1.797602891921997,1.133819843,12.28,-1.115545,12.589516506121072,62.41366000000001,49.824143493878935,79.82890843747815,50.29690263849989
2022-09-11,13.5,2.9131479263305664,1.172870525,12.26,-1.0661113,13.898384283193082,62.41366000000001,48.515275716806926,77.7318229964513,64.67629527499957
2022-09-11,14.0,3.9792592525482178,1.166007038,12.67,-0.020727513,28.40907586040703,90.5664,62.15732413959297,68.6317708770504,79.44960444645949
2022-09-11,14.5,3.9999866485595703,1.055570141,12.28,-1.330647e-05,41.3713137884406,90.5664,49.1950862115594,54.319357081168505,92.41200577793916
2022-09-11,15.0,4.0,1.008948913,15.0,-0.0,56.50554748344075,128.15640000000002,71.65085251655927,55.90891482326224,107.5462394729393
2022-09-11,15.5,4.0,0.720951254,12.28,-0.0,65.35882888256037,128.15640000000002,62.797571117439645,49.000729668935485,116.39952087205893
2022-09-11,16.0,4.0,0.432168805,12.65,-0.0,70.82576426581,128.15640000000002,57.330635734190025,44.73489871297104,121.86645625530855
2022-09-11,16.5,4.0,0.3437067,14.16,-0.0,75.69265113780966,128.15640000000002,52.46374886219036,40.937283555242146,126.73334312730822
2022-09-11,17.0,4.0,0.265683978,20.13,-0.0,81.04086961494977,133.51098000000002,52.47011038505025,39.30022113915293,132.08156160444832
2022-09-11,17.5,4.0,0.167726063,23.93,-0.0,85.05455430254005,137.53122000000002,52.476665697459964,38.15618424490087,136.0952462920386
2022-09-11,18.0,4.0,0.051340568,43.39,0.27940983,99.40581388960254,139.74411,40.338296110397465,28.86582920052764,138.32291353755863
2022-09-11,18.5,3.720590114593506,0.024977795,44.55,2.0,189.61857465685262,229.95786,40.339285343147395,17.54203372006827,139.43567430480834
2022-09-11,19.0,1.7205901145935059,0.0,44.55,1.7205901,266.27086426199367,319.05786,52.78699573800634,16.544646710162958,139.43567430480834
2022-09-11,19.5,0.0,0.0,43.84,0.0,266.27086426199367,319.05786,52.78699573800634,16.544646710162958,139.43567430480834
2022-09-11,20.0,0.0,0.0,40.0,0.0,266.27086426199367,319.05786,52.78699573800634,16.544646710162958,139.43567430480834
2022-09-11,20.5,0.0,0.0,33.62,0.0,266.27086426199367,319.05786,52.78699573800634,16.544646710162958,139.43567430480834
2022-09-11,21.0,0.0,0.0,28.0,0.0,266.27086426199367,319.05786,52.78699573800634,16.544646710162958,139.43567430480834
2022-09-11,21.5,0.0,0.0,24.62,0.0,266.27086426199367,319.05786,52.78699573800634,16.544646710162958,139.43567430480834
2022-09-11,22.0,0.0,0.0,23.0,0.0,266.27086426199367,319.05786,52.78699573800634,16.544646710162958,139.43567430480834
2022-09-11,22.5,0.0,0.0,33.62,0.0,266.27086426199367,319.05786,52.78699573800634,16.544646710162958,139.43567430480834
2022-09-11,23.0,0.0,0.0,23.0,0.0,266.27086426199367,319.05786,52.78699573800634,16.544646710162958,139.43567430480834
2022-09-11,23.5,0.0,0.0,20.13,0.0,266.27086426199367,319.05786,52.78699573800634,16.544646710162958,139.43567430480834
2022-09-12,0.0,0.0,0.0,17.26,0.0,0.0,0.0,0.0,,0.0
2022-09-12,0.5,0.0,0.0,17.73,0.0,0.0,0.0,0.0,,0.0
2022-09-12,1.0,0.0,0.0,17.5,0.0,0.0,0.0,0.0,,0.0
2022-09-12,1.5,0.0,0.0,17.73,0.0,0.0,0.0,0.0,,0.0
2022-09-12,2.0,0.0,0.0,17.13,0.0,0.0,0.0,0.0,,0.0
2022-09-12,2.5,0.0,0.0,16.67,0.0,0.0,0.0,0.0,,0.0
2022-09-12,3.0,0.0,0.0,16.99,0.0,0.0,0.0,0.0,,0.0
2022-09-12,3.5,0.0,0.0,16.57,0.0,0.0,0.0,0.0,,0.0
2022-09-12,4.0,0.0,0.0,16.5,0.0,0.0,0.0,0.0,,0.0
2022-09-12,4.5,0.0,0.0,16.01,0.0,0.0,0.0,0.0,,0.0
2022-09-12,5.0,0.0,0.0,16.96,0.0,0.0,0.0,0.0,,0.0
2022-09-12,5.5,0.0,0.026891586,17.22,0.0,0.46307311092004966,0.0,-0.46307311092004966,,0.46307311092004966
2022-09-12,6.0,0.0,0.048801597,19.05,0.0,1.3927435337700445,0.0,-1.3927435337700445,,1.3927435337700445
2022-09-12,6.5,0.0,0.177507282,21.26,0.0,5.16654834908968,5.400040000000001,0.2334916509103202,4.323887432506429,5.16654834908968
2022-09-12,7.0,0.0,0.287259606,17.12,0.0,10.08443280380925,5.400040000000001,-4.684392803809249,-86.74737231222822,10.08443280380925
2022-09-12,7.5,0.0,0.531133545,20.0,-0.53113353,10.084433053327302,19.74004,9.655606946672698,48.91381652049691,20.70710370380948
2022-09-12,8.0,0.5311335325241089,0.742343639,18.48,-0.74234366,10.084433053327302,19.74004,9.655606946672698,48.91381652049691,34.425614152529306
2022-09-12,8.5,1.2734771966934204,0.915720002,16.1,-0.91572,10.084433311540124,19.74004,9.655606688459876,48.91381521243055,49.16870618472967
2022-09-12,9.0,2.189197063446045,1.067038991,12.86,-1.0670317,10.08452654471057,19.74004,9.65551345528943,48.91334290755961,62.89082760898964
2022-09-12,9.5,3.2562289237976074,1.173893636,16.94,0.1336904,32.23500014693582,19.74004,-12.494960146935817,-63.297542188039216,82.77658580282969
2022-09-12,10.0,3.1225385665893555,1.307415739,22.0,2.0,104.99814640493605,92.49404,-12.504106404936053,-13.51882392090999,111.53973206082992
2022-09-12,10.5,1.1225385665893555,1.262441964,20.0,1.1225374,152.69773317486488,92.49404,-60.20369317486488,-65.08926756239092,136.78857134082955
2022-09-12,11.0,1.1920928955078125e-06,1.217206224,20.0,-0.69181734,163.20551079016423,102.07404,-61.13147079016423,-59.88934188375833,161.1326958208292
2022-09-12,11.5,0.6918185353279114,1.40721166,22.0,-0.3130038,187.27808352844477,157.40404,-29.87404352844476,-18.97921014507935,192.09135234082896
2022-09-12,12.0,1.0048223733901978,1.655505522,27.0,0.9440073,257.46492911463974,256.11604,-1.3488891146397464,-0.5266710802805425,236.7900014348288
2022-09-12,12.5,0.06081509590148926,1.640571336,21.23,-1.6382605,257.51398850808255,256.11604,-1.3979485080825498,-0.5458262231770216,271.6193308981092
2022-09-12,13.0,1.6990755796432495,1.466819314,20.0,-1.4664439,257.52149686220946,256.11604,-1.405456862209462,-0.5487578451585704,300.9557171781089
2022-09-12,13.5,3.1655194759368896,1.546103328,34.1,-0.83448017,281.7878466715674,308.83464,27.046793328432557,8.757694191439327,353.67784066290915
2022-09-12,14.0,3.999999523162842,1.256939367,40.16,-4.768371e-07,332.26651250050963,359.31575999999995,27.04924749949032,7.527988056936419,404.15652564162883
2022-09-12,14.5,4.0,1.342548349,43.03,-0.0,390.03636795797956,417.10505,27.06868204202044,6.48965579343152,461.92638109909876
2022-09-12,15.0,4.0,1.136334668,43.5,-0.0,439.4669260159799,466.52105,27.054123984020123,5.7991218154079265,511.3569391570991
2022-09-12,15.5,4.0,0.998069867,44.37,-0.0,483.7512860147699,510.8023099999999,27.051023985230017,5.295791239712683,555.6412991558891
2022-09-12,16.0,4.0,0.816617613,58.81,-0.0,531.7765678352998,558.8500799999999,27.073512164700105,4.8445035857738645,603.666580976419
2022-09-12,16.5,4.0,0.726407769,59.74,-0.0,575.1721679553602,602.2213199999999,27.04915204463964,4.491563341636534,647.0621810964794
2022-09-12,17.0,4.0,0.484999201,63.23,1.9984503,732.2006785906724,759.3478699999998,27.147191409327434,3.5750665119173166,677.7286805757094
2022-09-12,17.5,2.00154972076416,0.307190299,61.91,2.0,875.0388300017621,778.3542399999998,-96.68459000176233,-12.421669341939007,696.7468319867994
2022-09-12,18.0,0.0015497207641601562,0.078402182,62.34,0.0015497208,880.0230316200796,907.8967599999996,27.873728379920067,3.070142951046557,701.6344240126791
2022-09-12,18.5,0.0,0.038265894,59.97,0.0,882.3178372832599,910.1756199999998,27.857782716739848,3.060704121775955,703.9292296758595
2022-09-12,19.0,0.0,0.0,59.19,0.0,882.3178372832599,910.1756199999998,27.857782716739848,3.060704121775955,703.9292296758595
2022-09-12,19.5,0.0,0.0,59.27,0.0,882.3178372832599,910.1756199999998,27.857782716739848,3.060704121775955,703.9292296758595
2022-09-12,20.0,0.0,0.0,57.0,0.0,882.3178372832599,910.1756199999998,27.857782716739848,3.060704121775955,703.9292296758595
2022-09-12,20.5,0.0,0.0,47.75,0.0,882.3178372832599,910.1756199999998,27.857782716739848,3.060704121775955,703.9292296758595
2022-09-12,21.0,0.0,0.0,44.11,0.0,882.3178372832599,910.1756199999998,27.857782716739848,3.060704121775955,703.9292296758595
2022-09-12,21.5,0.0,0.0,42.0,0.0,882.3178372832599,910.1756199999998,27.857782716739848,3.060704121775955,703.9292296758595
2022-09-12,22.0,0.0,0.0,33.0,0.0,882.3178372832599,910.1756199999998,27.857782716739848,3.060704121775955,703.9292296758595
2022-09-12,22.5,0.0,0.0,33.0,0.0,882.3178372832599,910.1756199999998,27.857782716739848,3.060704121775955,703.9292296758595
2022-09-12,23.0,0.0,0.0,33.0,0.0,882.3178372832599,910.1756199999998,27.857782716739848,3.060704121775955,703.9292296758595
2022-09-12,23.5,0.0,0.0,28.0,0.0,882.3178372832599,910.1756199999998,27.857782716739848,3.060704121775955,703.9292296758595
2022-09-13,0.0,0.0,0.0,21.23,0.0,0.0,0.0,0.0,,0.0
2022-09-13,0.5,0.0,0.0,25.0,0.0,0.0,0.0,0.0,,0.0
2022-09-13,1.0,0.0,0.0,24.0,0.0,0.0,0.0,0.0,,0.0
2022-09-13,1.5,0.0,0.0,23.93,0.0,0.0,0.0,0.0,,0.0
2022-09-13,2.0,0.0,0.0,23.93,0.0,0.0,0.0,0.0,,0.0
2022-09-13,2.5,0.0,0.0,24.21,0.0,0.0,0.0,0.0,,0.0
2022-09-13,3.0,0.0,0.0,26.0,0.0,0.0,0.0,0.0,,0.0
2022-09-13,3.5,0.0,0.0,28.0,0.0,0.0,0.0,0.0,,0.0
2022-09-13,4.0,0.0,0.0,30.0,0.0,0.0,0.0,0.0,,0.0
2022-09-13,4.5,0.0,0.0,35.0,0.0,0.0,0.0,0.0,,0.0
2022-09-13,5.0,0.0,0.0,41.88,0.0,0.0,0.0,0.0,,0.0
2022-09-13,5.5,0.0,0.002929259,30.0,0.0,0.08787776999997732,0.0,-0.08787776999997732,,0.08787776999997732
2022-09-13,6.0,0.0,0.007589099,35.0,0.0,0.3534962350004207,0.0,-0.3534962350004207,,0.3534962350004207
2022-09-13,6.5,0.0,0.0447857,42.22,0.0,2.2443484890000036,0.0,-2.2443484890000036,,2.2443484890000036
2022-09-13,7.0,0.0,0.086391639,28.0,0.0,4.6633143810004185,0.0,-4.6633143810004185,,4.6633143810004185
2022-09-13,7.5,0.0,0.21411542,28.0,-0.21404417,4.6653094204384615,0.0,-4.6653094204384615,,10.658546141000443
2022-09-13,8.0,0.21404416859149933,0.342818989,28.0,-0.34281898,4.665309799877832,0.0,-4.665309799877832,,20.25747783300085
2022-09-13,8.5,0.5568631291389465,0.341281416,28.0,-0.3412814,4.665309854982297,0.0,-4.665309854982297,,29.81335748100082
2022-09-13,9.0,0.898144543170929,0.391679079,33.0,-0.39167908,4.665309876744686,0.0,-4.665309876744686,,42.738767088000714
2022-09-13,9.5,1.2898236513137817,0.416950492,43.35,-0.37865615,6.325369649673121,80.15415,73.82878035032688,92.10849388375634,60.81357091620066
2022-09-13,10.0,1.6684798002243042,0.435616719,42.0,1.6671476,94.6414725770428,80.19615,-14.445322577042802,-18.01248885020391,79.10947311420023
2022-09-13,10.5,0.0013321638107299805,0.474335017,42.0,-0.47432628,94.64183941597821,80.40615,-14.235689415978214,-17.704727083659915,99.03154382820048
2022-09-13,11.0,0.47565844655036926,0.560412387,42.0,-0.56039417,94.64260461817503,81.12015,-13.522454618175033,-16.669661752567066,122.56886408220089
2022-09-13,11.5,1.0360525846481323,0.569090059,42.0,-0.5689149,94.64996170402446,81.83415,-12.815811704024469,-15.660713411240259,146.4706465602012
2022-09-13,12.0,1.604967474937439,0.621748303,42.0,-0.62164575,94.6542689881835,82.54814999999999,-12.10611898818351,-14.665524288773899,172.58407528620137
2022-09-13,12.5,2.2266132831573486,0.730644282,42.0,-0.7306066,94.65585097936219,83.26214999999999,-11.393700979362194,-13.684130159216638,203.2711351302014
2022-09-13,13.0,2.9572198390960693,0.804891693,42.0,-0.8048764,94.65649382635183,88.42814999999999,-6.228343826351846,-7.0433949215853175,237.07658623620136
2022-09-13,13.5,3.7620961666107178,0.944041604,57.0,-0.2379037,134.90635439545804,142.35015,7.443795604541975,5.229215146272747,290.88695766420096
2022-09-13,14.0,3.999999761581421,0.99986485,57.0,-2.3841748e-07,191.89863725566101,200.71815,8.819512744338994,4.3939786931769715,347.8792541142011
2022-09-13,14.5,4.0,0.863336626,57.0,-0.0,241.10882493766076,248.42715,7.318325062339255,2.945863631386205,397.08944179620084
2022-09-13,15.0,4.0,0.793798883,59.0,-0.0,287.9429590346608,295.27315,7.33019096533917,2.482511859049551,443.9235758932009
2022-09-13,15.5,4.0,0.807877355,60.48,-0.0,336.80338146506074,344.14099,7.33760853493925,2.132151864542277,492.7839983236008
2022-09-13,16.0,4.0,0.694950139,63.32,-0.0,380.8076242665411,388.14839,7.340765733458909,1.8912266346020161,536.7882411250812
2022-09-13,16.5,4.0,0.548351669,70.0,-0.0,419.1922410965408,426.57839,7.38614890345923,1.731486891180594,575.1728579550809
2022-09-13,17.0,4.0,0.33132732,70.0,1.9999901,582.3844608905683,589.74839,7.363929109431638,1.248656076777359,598.3657703550807
2022-09-13,17.5,2.0000100135803223,0.22446949,70.0,2.0,738.097325190568,745.35839,7.261064809432014,0.9741709366727614,614.0786346550804
2022-09-13,18.0,1.0013580322265625e-05,0.072157321,63.88,1.001358e-05,742.7073745235593,749.95775,7.250375476440695,0.9667711916358882,618.68804432056
2022-09-13,18.5,0.0,0.036120693,63.32,0.0,744.9945368043191,752.2372700000001,7.242733195681012,0.9628256249096794,620.9752066013198
2022-09-13,19.0,0.0,0.0,61.95,0.0,744.9945368043191,752.2372700000001,7.242733195681012,0.9628256249096794,620.9752066013198
2022-09-13,19.5,0.0,0.0,59.8,0.0,744.9945368043191,752.2372700000001,7.242733195681012,0.9628256249096794,620.9752066013198
2022-09-13,20.0,0.0,0.0,57.0,0.0,744.9945368043191,752.2372700000001,7.242733195681012,0.9628256249096794,620.9752066013198
2022-09-13,20.5,0.0,0.0,57.0,0.0,744.9945368043191,752.2372700000001,7.242733195681012,0.9628256249096794,620.9752066013198
2022-09-13,21.0,0.0,0.0,42.0,0.0,744.9945368043191,752.2372700000001,7.242733195681012,0.9628256249096794,620.9752066013198
2022-09-13,21.5,0.0,0.0,42.0,0.0,744.9945368043191,752.2372700000001,7.242733195681012,0.9628256249096794,620.9752066013198
2022-09-13,22.0,0.0,0.0,34.46,0.0,744.9945368043191,752.2372700000001,7.242733195681012,0.9628256249096794,620.9752066013198
2022-09-13,22.5,0.0,0.0,43.73,0.0,744.9945368043191,752.2372700000001,7.242733195681012,0.9628256249096794,620.9752066013198
2022-09-13,23.0,0.0,0.0,33.0,0.0,744.9945368043191,752.2372700000001,7.242733195681012,0.9628256249096794,620.9752066013198
2022-09-13,23.5,0.0,0.0,31.0,0.0,744.9945368043191,752.2372700000001,7.242733195681012,0.9628256249096794,620.9752066013198
2022-09-14,0.0,0.0,0.0,24.8,0.0,0.0,0.0,0.0,,0.0
2022-09-14,0.5,0.0,0.0,31.1,0.0,0.0,0.0,0.0,,0.0
2022-09-14,1.0,0.0,0.0,26.0,0.0,0.0,0.0,0.0,,0.0
2022-09-14,1.5,0.0,0.0,28.0,0.0,0.0,0.0,0.0,,0.0
2022-09-14,2.0,0.0,0.0,28.0,0.0,0.0,0.0,0.0,,0.0
2022-09-14,2.5,0.0,0.0,28.0,0.0,0.0,0.0,0.0,,0.0
2022-09-14,3.0,0.0,0.0,22.41,0.0,0.0,0.0,0.0,,0.0
2022-09-14,3.5,0.0,0.0,21.99,0.0,0.0,0.0,0.0,,0.0
2022-09-14,4.0,0.0,0.0,21.23,0.0,0.0,0.0,0.0,,0.0
2022-09-14,4.5,0.0,0.0,21.23,0.0,0.0,0.0,0.0,,0.0
2022-09-14,5.0,0.0,0.0,21.99,0.0,0.0,0.0,0.0,,0.0
2022-09-14,5.5,0.0,0.022692259,21.99,0.0,0.4990027754101902,0.0,-0.4990027754101902,,0.4990027754101902
2022-09-14,6.0,0.0,0.043054666,23.93,0.0,1.529300932789738,0.0,-1.529300932789738,,1.529300932789738
2022-09-14,6.5,0.0,0.156802348,23.37,0.0,5.193771805549659,0.0,-5.193771805549659,,5.193771805549659
2022-09-14,7.0,0.0,0.240682039,20.8,0.0,10.19995821675002,0.0,-10.19995821675002,,10.19995821675002
2022-09-14,7.5,0.0,0.494383692,19.59,-0.4943837,10.19995821675002,0.0,-10.19995821675002,,19.88493474302959
2022-09-14,8.0,0.49438369274139404,0.744011613,20.46,-0.74401164,10.19995821675002,0.0,-10.19995821675002,,35.107412345009834
2022-09-14,8.5,1.2383953332901,0.832240797,17.47,-0.8322408,10.19995821675002,0.0,-10.19995821675002,,49.64665906859955
2022-09-14,9.0,2.07063627243042,0.974309647,23.0,-0.9741876,10.202765009477844,0.0,-10.202765009477844,,72.05578094959947
2022-09-14,9.5,3.0448238849639893,1.025523402,25.0,-0.9034876,13.253659491030703,13.35,0.09634050896929658,0.7216517525790006,97.69386599959944
2022-09-14,10.0,3.9483115673065186,1.204606944,34.46,2.0,123.68441478127079,100.63718,-23.047234781270788,-22.901312200193594,139.20462128983945
2022-09-14,10.5,1.9483115673065186,1.327639652,34.11,1.9483116,235.42711087181578,100.63718,-134.78993087181578,-133.9365141906955,184.49040981955932
2022-09-14,11.0,0.0,1.654651324,34.7,0.0,292.84351181461534,158.06568,-134.77783181461535,-85.26698003931996,241.90681076235887
2022-09-14,11.5,0.0,1.639140314,35.0,0.0,350.2134228046152,254.73568,-95.47774280461522,-37.48110308089358,299.27672175235875
2022-09-14,12.0,0.0,1.713218347,35.21,0.0,410.5358408024849,385.47041,-25.06543080248491,-6.502556396607696,359.59913975022846
2022-09-14,12.5,0.0,1.60240429,34.1,-1.601561,410.5645986869631,385.47041,-25.094188686963093,-6.5100168614662515,414.2411260392282
2022-09-14,13.0,1.6015609502792358,1.52135762,34.11,-1.5213565,410.56463813748724,385.47041,-25.09422813748722,-6.510027095850813,466.13463445742855
2022-09-14,13.5,3.122917413711548,1.430789656,55.0,-0.8770825,441.0185302498776,464.17541,23.156879750122414,4.988820874876248,544.8280655374283
2022-09-14,14.0,4.0,1.537817622,57.0,-0.0,528.6741347038778,552.12641,23.45227529612214,4.247627874950257,632.4836699914285
2022-09-14,14.5,4.0,1.210747553,57.0,-0.0,597.686745224878,623.54741,25.860664775122018,4.1473453919281,701.4962805124287
2022-09-14,15.0,4.0,1.048741095,57.0,-0.0,657.464987639878,680.66141,23.19642236012203,3.4079238251691137,761.2745229274287
2022-09-14,15.5,4.0,0.967139227,59.03,-0.0,714.5552162096883,737.74342,23.188203790311718,3.1431258025062045,818.364751497239
2022-09-14,16.0,4.0,0.824795749,60.0,-0.0,764.0429611496875,787.24342,23.200458850312543,2.947050208474596,867.8524964372391
2022-09-14,16.5,4.0,0.56885652,64.57,-0.0,800.7740266460878,841.28851,40.51448335391217,4.815765682323674,904.5835619336394
2022-09-14,17.0,4.0,0.371955646,64.57,1.9984745,953.8326997993627,983.60079,29.76809020063729,3.0264402492638594,928.6007379958592
2022-09-14,17.5,2.001525402069092,0.199500378,64.57,2.0,1095.8544392068234,1119.19779,23.34335079317657,2.0857216661566644,941.4824774033195
2022-09-14,18.0,0.0015254020690917969,0.067920184,62.48,0.0015254021,1100.193399424421,1123.44643,23.253030575579032,2.0697943359505833,945.7261304996391
2022-09-14,18.5,0.0,0.037647551,60.05,0.0,1102.4541348619714,1125.72833,23.274195138028517,2.067478850605858,947.9868659371887
2022-09-14,19.0,0.0,0.0,59.04,0.0,1102.4541348619714,1125.72833,23.274195138028517,2.067478850605858,947.9868659371887
2022-09-14,19.5,0.0,0.0,47.61,0.0,1102.4541348619714,1125.72833,23.274195138028517,2.067478850605858,947.9868659371887
2022-09-14,20.0,0.0,0.0,39.94,0.0,1102.4541348619714,1125.72833,23.274195138028517,2.067478850605858,947.9868659371887
2022-09-14,20.5,0.0,0.0,43.58,0.0,1102.4541348619714,1125.72833,23.274195138028517,2.067478850605858,947.9868659371887
2022-09-14,21.0,0.0,0.0,42.0,0.0,1102.4541348619714,1125.72833,23.274195138028517,2.067478850605858,947.9868659371887
2022-09-14,21.5,0.0,0.0,35.01,0.0,1102.4541348619714,1125.72833,23.274195138028517,2.067478850605858,947.9868659371887
2022-09-14,22.0,0.0,0.0,33.0,0.0,1102.4541348619714,1125.72833,23.274195138028517,2.067478850605858,947.9868659371887
2022-09-14,22.5,0.0,0.0,33.0,0.0,1102.4541348619714,1125.72833,23.274195138028517,2.067478850605858,947.9868659371887
2022-09-14,23.0,0.0,0.0,29.99,0.0,1102.4541348619714,1125.72833,23.274195138028517,2.067478850605858,947.9868659371887
2022-09-14,23.5,0.0,0.0,24.21,0.0,1102.4541348619714,1125.72833,23.274195138028517,2.067478850605858,947.9868659371887
2022-09-15,0.0,0.0,0.0,20.13,0.0,0.0,0.0,0.0,,0.0
2022-09-15,0.5,0.0,0.0,28.0,0.0,0.0,0.0,0.0,,0.0
2022-09-15,1.0,0.0,0.0,28.0,0.0,0.0,0.0,0.0,,0.0
2022-09-15,1.5,0.0,0.0,24.21,0.0,0.0,0.0,0.0,,0.0
2022-09-15,2.0,0.0,0.0,24.21,0.0,0.0,0.0,0.0,,0.0
2022-09-15,2.5,0.0,0.0,28.0,0.0,0.0,0.0,0.0,,0.0
2022-09-15,3.0,0.0,0.0,28.0,0.0,0.0,0.0,0.0,,0.0
2022-09-15,3.5,0.0,0.0,28.0,0.0,0.0,0.0,0.0,,0.0
2022-09-15,4.0,0.0,0.0,28.0,0.0,0.0,0.0,0.0,,0.0
2022-09-15,4.5,0.0,0.0,29.99,0.0,0.0,0.0,0.0,,0.0
2022-09-15,5.0,0.0,0.0,29.99,0.0,0.0,0.0,0.0,,0.0
2022-09-15,5.5,0.0,0.005841759,30.0,0.0,0.1752527699991333,0.0,-0.1752527699991333,,0.1752527700000428
2022-09-15,6.0,0.0,0.017870747,28.0,0.0,0.6756336859998555,0.0,-0.6756336859998555,,0.6756336859998555
2022-09-15,6.5,0.0,0.057016096,28.0,0.0,2.2720843739989505,0.0,-2.2720843739989505,,2.27208437399986
2022-09-15,7.0,0.0,0.099366834,26.0,0.0,4.855622057999426,0.0,-4.855622057999426,,4.855622057999426
2022-09-15,7.5,0.0,0.166789084,23.0,-0.16678908,4.855622057999426,0.0,-4.855622057999426,,8.691770989998986
2022-09-15,8.0,0.16678908467292786,0.248306249,22.92,-0.24830624,4.855622158578626,0.0,-4.855622158578626,,14.38295021707927
2022-09-15,8.5,0.41509532928466797,0.351056349,12.86,-0.35105634,4.855622308312377,0.0,-4.855622308312377,,18.897534865219313
2022-09-15,9.0,0.7661516666412354,0.496471112,20.1,-0.49641833,4.8566832849410275,0.0,-4.8566832849410275,,28.876604216419764
2022-09-15,9.5,1.2625700235366821,0.488676592,29.99,-0.4882646,4.869039209872426,0.0,-4.869039209872426,,43.532015210499594
2022-09-15,10.0,1.750834584236145,0.345427612,33.62,-0.3181668,5.785547965067963,0.0,-5.785547965067963,,55.14529152593968
2022-09-15,10.5,2.0690014362335205,0.611060129,23.93,-0.58083767,6.508771481006988,0.0,-6.508771481006988,,69.76796041290982
2022-09-15,11.0,2.649839162826538,0.811845575,33.62,1.942223,99.1005553870782,0.0,-99.1005553870782,,97.06220864441002
2022-09-15,11.5,0.7076162099838257,1.128495537,34.11,0.4547099,153.10369241692933,28.20897,-124.89472241692934,-442.74825495907623,135.55519141148034
2022-09-15,12.0,0.25290632247924805,1.404568114,35.21,-1.1017323,163.7665430465313,138.83879,-24.927753046531308,-17.954458582166634,185.01003470542037
2022-09-15,12.5,1.3546385765075684,1.022882049,27.06,-1.0210724,163.8155124814366,138.83879,-24.97672248143661,-17.989729297868852,212.68922295136053
2022-09-15,13.0,2.375710964202881,0.713534761,26.0,-0.7091874,163.92854416851333,138.83879,-25.089754168513338,-18.071141478914747,231.2411267373609
2022-09-15,13.5,3.0848984718322754,0.651649856,38.57,-0.60789007,165.6163591344084,163.98642999999998,-1.6299291344084281,-0.9939414708939198,256.37526168328077
2022-09-15,14.0,3.692788600921631,0.549224925,40.6,0.9042467,224.62730661770547,186.27583,-38.35147661770546,-20.588541528820702,278.6737936382806
2022-09-15,14.5,2.788541793823242,0.596870857,43.32,0.5487499,274.25559883789174,236.48371,-37.77188883789174,-15.972300518243618,304.5302391635205
2022-09-15,15.0,2.2397918701171875,0.561542202,42.99,-0.48101377,277.7175159201324,236.48371,-41.233805920132426,-17.43621407162989,328.6709384275009
2022-09-15,15.5,2.7208056449890137,0.435566356,44.0,-0.31467113,283.0369059086479,255.66771,-27.369195908647896,-10.704987308975348,347.835858091501
2022-09-15,16.0,3.0354766845703125,0.299946135,45.0,1.2060084,350.80486152695266,269.16770999999994,-81.63715152695272,-30.329474336632998,361.3334341665013
2022-09-15,16.5,1.8294682502746582,0.214057758,58.24,-0.21309751,350.86078621194247,281.63107,-69.22971621194245,-24.581704075456745,373.8001579924212
2022-09-15,17.0,2.0425658226013184,0.130582907,59.36,1.9780644,476.03009141438815,408.12723,-67.90286141438816,-16.63766992817121,381.55155935194125
2022-09-15,17.5,0.06450140476226807,0.0740831,59.0,0.0644814,484.20539691163685,412.49323,-71.71216691163687,-17.385053061752522,385.9224622519414
2022-09-15,18.0,2.000480890274048e-05,0.022998199,59.09,2.0004809e-05,485.5655425747045,532.0323,46.46675742529544,8.733822631688987,387.28142583085173
2022-09-15,18.5,0.0,0.007643913,58.94,0.0,486.01607480692473,532.50382,46.487745193075284,8.730030367308029,387.73195806307194
2022-09-15,19.0,0.0,0.0,49.85,0.0,486.01607480692473,532.50382,46.487745193075284,8.730030367308029,387.73195806307194
2022-09-15,19.5,0.0,0.0,45.75,0.0,486.01607480692473,532.50382,46.487745193075284,8.730030367308029,387.73195806307194
2022-09-15,20.0,0.0,0.0,44.47,0.0,486.01607480692473,532.50382,46.487745193075284,8.730030367308029,387.73195806307194
2022-09-15,20.5,0.0,0.0,41.24,0.0,486.01607480692473,532.50382,46.487745193075284,8.730030367308029,387.73195806307194
2022-09-15,21.0,0.0,0.0,39.85,0.0,486.01607480692473,532.50382,46.487745193075284,8.730030367308029,387.73195806307194
2022-09-15,21.5,0.0,0.0,38.57,0.0,486.01607480692473,532.50382,46.487745193075284,8.730030367308029,387.73195806307194
2022-09-15,22.0,0.0,0.0,29.99,0.0,486.01607480692473,532.50382,46.487745193075284,8.730030367308029,387.73195806307194
2022-09-15,22.5,0.0,0.0,33.0,0.0,486.01607480692473,532.50382,46.487745193075284,8.730030367308029,387.73195806307194
2022-09-15,23.0,0.0,0.0,24.6,0.0,486.01607480692473,532.50382,46.487745193075284,8.730030367308029,387.73195806307194
2022-09-15,23.5,0.0,0.0,24.41,0.0,486.01607480692473,532.50382,46.487745193075284,8.730030367308029,387.73195806307194
2022-09-16,0.0,0.0,0.0,19.96,0.0,0.0,0.0,0.0,,0.0
2022-09-16,0.5,0.0,0.0,23.93,0.0,0.0,0.0,0.0,,0.0
2022-09-16,1.0,0.0,0.0,24.0,0.0,0.0,0.0,0.0,,0.0
2022-09-16,1.5,0.0,0.0,23.37,0.0,0.0,0.0,0.0,,0.0
2022-09-16,2.0,0.0,0.0,22.97,0.0,0.0,0.0,0.0,,0.0
2022-09-16,2.5,0.0,0.0,25.0,0.0,0.0,0.0,0.0,,0.0
2022-09-16,3.0,0.0,0.0,28.0,0.0,0.0,0.0,0.0,,0.0
2022-09-16,3.5,0.0,0.0,28.0,0.0,0.0,0.0,0.0,,0.0
2022-09-16,4.0,0.0,0.0,28.0,0.0,0.0,0.0,0.0,,0.0
2022-09-16,4.5,0.0,0.0,28.0,0.0,0.0,0.0,0.0,,0.0
2022-09-16,5.0,0.0,0.0,28.0,0.0,0.0,0.0,0.0,,0.0
2022-09-16,5.5,0.0,0.014641406,28.0,0.0,0.40995936800027266,0.028,-0.38195936800027264,-1364.1406000009736,0.40995936800027266
2022-09-16,6.0,0.0,0.027644008,28.0,0.0,1.1839915920008934,0.084,-1.0999915920008934,-1309.5138000010634,1.183991591999984
2022-09-16,6.5,0.0,0.15042553,28.0,0.0,5.395906432000629,5.404,0.008093567999370777,0.14976994817488484,5.39590643199972
2022-09-16,7.0,0.0,0.268167404,25.0,0.0,12.100091532000079,12.104,0.003908467999920617,0.0322907138129595,12.100091532000079
2022-09-16,7.5,0.0,0.458205369,23.37,-0.45812276,12.102022102986666,22.80746,10.705437897013333,46.93831709893751,22.808351005530312
2022-09-16,8.0,0.45812276005744934,0.797514914,20.4,-0.7975149,12.102022102986666,39.08666,26.984637897013336,69.03797330601626,39.077655251130636
2022-09-16,8.5,1.2556376457214355,0.971211793,12.66,-0.9712118,12.10202212781951,39.08666,26.984637872180492,69.03797324248347,51.37319655051033
2022-09-16,9.0,2.2268495559692383,1.185939715,13.76,-1.1859386,12.102037515276606,39.08666,26.984622484723396,69.03793387494197,67.69172702891046
2022-09-16,9.5,3.412788152694702,1.232891122,13.76,0.22012666,32.095562177406464,39.08666,6.991097822593538,17.886147914898682,84.65630886763029
2022-09-16,10.0,3.1926615238189697,1.411799991,16.96,1.9999998,89.95968598118816,52.68858,-37.27110598118816,-70.73849016463939,108.60043671498988
2022-09-16,10.5,1.1926617622375488,1.6166404,19.05,1.1926618,143.47689217181323,121.59243,-21.88446217181324,-17.998211049662583,139.39743633498983
2022-09-16,11.0,0.0,1.546075157,17.82,0.0,171.02795146955395,184.78215,13.754198530446047,7.443467093789118,166.94849563272965
2022-09-16,11.5,0.0,1.597748904,13.76,0.0,193.01297638859432,184.78215,-8.230826388594323,-4.454340632249556,188.93352055177002
2022-09-16,12.0,0.0,1.386688698,16.96,-1.260266,195.15710625593056,191.24391,-3.9131962559305578,-2.0461808461929887,212.45176086984975
2022-09-16,12.5,1.2602659463882446,1.393725202,12.67,-1.3029219,196.3075842036087,191.24391,-5.063674203608713,-2.647757099093358,230.1102591791896
2022-09-16,13.0,2.563187837600708,1.360267404,16.96,-1.3559241,196.38124613936452,214.27559,17.894343860635473,8.351088362718064,253.18039435102946
2022-09-16,13.5,3.919111967086792,1.322205202,29.99,-0.08088794,233.6083507215917,253.92237,20.314019278408296,8.0000904522151,292.8333283590091
2022-09-16,14.0,4.0,1.43944487,41.0,-0.0,292.6255903915917,312.92137,20.29577960840834,6.485903985531041,351.8505680290091
2022-09-16,14.5,4.0,0.909565031,43.79,-0.0,332.4554430990811,352.77027000000004,20.314826900918945,5.758656164794993,391.6804207364994
2022-09-16,15.0,4.0,0.685498651,45.75,-0.0,363.8170063823309,384.10902,20.292013617669113,5.282878703985945,423.0419840197492
2022-09-16,15.5,4.0,0.520230295,55.64,-0.0,392.7626199961305,413.04182,20.279200003869448,4.909720764805232,451.98759763354883
2022-09-16,16.0,4.0,0.419294295,59.27,-0.0,417.61419286078126,437.8759500000001,20.261757139218844,4.6272824847354235,476.83917049819865
2022-09-16,16.5,4.0,0.393361307,59.65,0.22370994,454.42249279863245,461.31840000000005,6.895907201367606,1.4948259599807,500.303172460749
2022-09-16,17.0,3.776289939880371,0.350006767,60.35,1.8449272,586.886757208249,495.65755000000007,-91.22920720824897,-18.405693045177856,521.426080849199
2022-09-16,17.5,1.9313627481460571,0.21905023,59.92,1.9313624,715.7394814296986,495.65755000000007,-220.0819314296985,-44.40201333152263,534.5515706307988
2022-09-16,18.0,3.5762786865234375e-07,0.067440018,62.52,3.5762787e-07,719.9558537139528,624.8863900000001,-95.0694637139527,-15.213879712431035,538.767920556159
2022-09-16,18.5,0.0,0.033528505,60.35,0.0,721.9792989907037,747.6382900000001,25.658991009296415,3.4320060051092907,540.7913658329089
2022-09-16,19.0,0.0,0.0,58.98,0.0,721.9792989907037,747.6382900000001,25.658991009296415,3.4320060051092907,540.7913658329089
2022-09-16,19.5,0.0,0.0,55.65,0.0,721.9792989907037,747.6382900000001,25.658991009296415,3.4320060051092907,540.7913658329089
2022-09-16,20.0,0.0,0.0,42.57,0.0,721.9792989907037,747.6382900000001,25.658991009296415,3.4320060051092907,540.7913658329089
2022-09-16,20.5,0.0,0.0,44.11,0.0,721.9792989907037,747.6382900000001,25.658991009296415,3.4320060051092907,540.7913658329089
2022-09-16,21.0,0.0,0.0,38.69,0.0,721.9792989907037,747.6382900000001,25.658991009296415,3.4320060051092907,540.7913658329089
2022-09-16,21.5,0.0,0.0,36.0,0.0,721.9792989907037,747.6382900000001,25.658991009296415,3.4320060051092907,540.7913658329089
2022-09-16,22.0,0.0,0.0,33.0,0.0,721.9792989907037,747.6382900000001,25.658991009296415,3.4320060051092907,540.7913658329089
2022-09-16,22.5,0.0,0.0,33.0,0.0,721.9792989907037,747.6382900000001,25.658991009296415,3.4320060051092907,540.7913658329089
2022-09-16,23.0,0.0,0.0,29.99,0.0,721.9792989907037,747.6382900000001,25.658991009296415,3.4320060051092907,540.7913658329089
2022-09-16,23.5,0.0,0.0,28.0,0.0,721.9792989907037,747.6382900000001,25.658991009296415,3.4320060051092907,540.7913658329089
2022-09-17,0.0,0.0,0.0,22.06,0.0,0.0,0.0,0.0,,0.0
2022-09-17,0.5,0.0,0.0,34.2,0.0,0.0,0.0,0.0,,0.0
2022-09-17,1.0,0.0,0.0,27.16,0.0,0.0,0.0,0.0,,0.0
2022-09-17,1.5,0.0,0.0,26.0,0.0,0.0,0.0,0.0,,0.0
2022-09-17,2.0,0.0,0.0,36.82,0.0,0.0,0.0,0.0,,0.0
2022-09-17,2.5,0.0,0.0,33.0,0.0,0.0,0.0,0.0,,0.0
2022-09-17,3.0,0.0,0.0,32.26,0.0,0.0,0.0,0.0,,0.0
2022-09-17,3.5,0.0,0.0,33.13,0.0,0.0,0.0,0.0,,0.0
2022-09-17,4.0,0.0,0.0,33.61,0.0,0.0,0.0,0.0,,0.0
2022-09-17,4.5,0.0,0.0,31.1,0.0,0.0,0.0,0.0,,0.0
2022-09-17,5.0,0.0,0.0,27.44,0.0,0.0,0.0,0.0,,0.0
2022-09-17,5.5,0.0,0.008614724,33.0,0.0,0.2842858919993887,0.297,0.01271410800061129,4.280844444650266,0.2842858920002982
2022-09-17,6.0,0.0,0.021247481,30.0,0.0,0.9217103219998535,0.927,0.005289678000146569,0.5706233009866849,0.9217103219998535
2022-09-17,6.5,0.0,0.186919164,26.0,0.0,5.781608585999493,5.789,0.007391414000506913,0.1276803247626,5.781608585999493
2022-09-17,7.0,0.0,0.343635517,23.44,0.0,13.836425104478622,13.85236,0.015934895521377612,0.11503379583968085,13.836425104479531
2022-09-17,7.5,0.0,0.437365653,23.0,-0.43735465,13.83667807978236,13.85236,0.0156819202176397,0.11320757053411622,23.89583512347963
2022-09-17,8.0,0.4373546540737152,0.535940109,23.0,-0.5359401,13.83667807978236,13.89836,0.06168192021764085,0.44380718457171103,36.22245763047977
2022-09-17,8.5,0.973294734954834,0.671592953,23.0,-0.67159295,13.836678129900974,14.26636,0.42968187009902614,3.011853549882564,51.66909554947961
2022-09-17,9.0,1.6448876857757568,0.8513851,23.0,-0.85116667,13.841702122157585,14.95636,1.114657877842415,7.452735009336596,71.25095284947929
2022-09-17,9.5,2.4960544109344482,1.042539429,23.0,-0.9629931,15.67126802531675,16.81936,1.1480919746832505,6.826014632442915,95.22935971647894
2022-09-17,10.0,3.459047555923462,1.07674088,23.0,1.9855921,86.10492718278147,34.230360000000005,-51.87456718278146,-151.5454911452332,119.99439995647936
2022-09-17,10.5,1.4734554290771484,1.097112296,23.0,1.4734546,145.22796566685975,54.516360000000006,-90.71160566685974,-166.39336460992578,145.22798276447975
2022-09-17,11.0,8.344650268554688e-07,1.075446245,23.0,-0.9391322,148.36318838923216,87.47536000000001,-60.887828389232155,-69.60569055015281,169.96324639947943
2022-09-17,11.5,0.9391330480575562,1.126351248,23.0,-0.6323266,159.72575522570878,103.87436,-55.851395225708785,-53.768220786832075,195.86932510347924
2022-09-17,12.0,1.5714596509933472,1.2130795,23.44,-0.96649,165.50581379287541,156.35652000000002,-9.149293792875397,-5.851558855924522,224.30390858347891
2022-09-17,12.5,2.537949562072754,1.026466906,23.37,-1.0200887,165.6548731065468,156.35652000000002,-9.298353106546784,-5.946891825519514,248.29244017669862
2022-09-17,13.0,3.5580382347106934,0.812837322,24.21,-0.4373859,174.74455235013374,176.03925,1.294697649866265,0.7354596488375547,267.9712317423182
2022-09-17,13.5,3.9954240322113037,0.980523589,27.0,-0.0045738495,201.09519531675505,202.52625,1.4310546832449518,0.7066020741730772,294.445368645318
2022-09-17,14.0,3.999997854232788,1.162138447,33.13,-2.1457627e-06,239.5967709767483,241.02331,1.4265390232517063,0.5918676592947405,332.9470153944276
2022-09-17,14.5,4.0,1.107419234,34.2,-0.0,277.47050877954825,278.88271000000003,1.4122012204517773,0.5063781904771999,370.82075319722753
2022-09-17,15.0,4.0,0.837864633,39.28,-0.0,310.3818315637891,311.79935,1.4175184362109121,0.45462520566861736,403.73207598146837
2022-09-17,15.5,4.0,0.677256688,40.0,-0.0,337.47209908378863,338.87935,1.4072509162113533,0.4152660574364751,430.8223435014679
2022-09-17,16.0,4.0,0.608838231,41.1,-0.0,362.4953503778888,384.54145,22.04609962211117,5.733087973250003,455.8455947955681
2022-09-17,16.5,4.0,0.501766904,41.08,-0.0,383.10793479420863,384.54145,1.433515205791366,0.3727856140843506,476.4581792118879
2022-09-17,17.0,4.0,0.374400613,46.49,-0.0,400.5138192925788,401.92871,1.4148907074212502,0.35202529011208233,493.86406371025805
2022-09-17,17.5,4.0,0.214631995,48.0,0.9621342,456.9985958103298,412.24871,-44.74988581032977,-10.855069943173326,504.1663994702576
2022-09-17,18.0,3.0378658771514893,0.02638815,49.88,1.8056691,548.3816099085234,513.30559,-35.076019908523335,-6.833360203329041,505.48264039225796
2022-09-17,18.5,1.2321968078613281,0.006956762,49.25,1.2321968,609.4099232241933,513.65034,-95.7595832241933,-18.642951394560217,505.8252609207575
2022-09-17,19.0,0.0,0.0,49.25,0.0,609.4099232241933,612.15034,2.7404167758066933,0.44767054704350784,505.8252609207575
2022-09-17,19.5,0.0,0.0,48.0,0.0,609.4099232241933,612.15034,2.7404167758066933,0.44767054704350784,505.8252609207575
2022-09-17,20.0,0.0,0.0,48.0,0.0,609.4099232241933,612.15034,2.7404167758066933,0.44767054704350784,505.8252609207575
2022-09-17,20.5,0.0,0.0,36.05,0.0,609.4099232241933,612.15034,2.7404167758066933,0.44767054704350784,505.8252609207575
2022-09-17,21.0,0.0,0.0,34.7,0.0,609.4099232241933,612.15034,2.7404167758066933,0.44767054704350784,505.8252609207575
2022-09-17,21.5,0.0,0.0,36.0,0.0,609.4099232241933,612.15034,2.7404167758066933,0.44767054704350784,505.8252609207575
2022-09-17,22.0,0.0,0.0,34.0,0.0,609.4099232241933,612.15034,2.7404167758066933,0.44767054704350784,505.8252609207575
2022-09-17,22.5,0.0,0.0,34.7,0.0,609.4099232241933,612.15034,2.7404167758066933,0.44767054704350784,505.8252609207575
2022-09-17,23.0,0.0,0.0,33.97,0.0,609.4099232241933,612.15034,2.7404167758066933,0.44767054704350784,505.8252609207575
2022-09-17,23.5,0.0,0.0,33.13,0.0,609.4099232241933,612.15034,2.7404167758066933,0.44767054704350784,505.8252609207575
2022-09-18,0.0,0.0,0.0,23.37,0.0,0.0,0.0,0.0,,0.0
2022-09-18,0.5,0.0,0.0,30.0,0.0,0.0,0.0,0.0,,0.0
2022-09-18,1.0,0.0,0.0,24.21,0.0,0.0,0.0,0.0,,0.0
2022-09-18,1.5,0.0,0.0,25.0,0.0,0.0,0.0,0.0,,0.0
2022-09-18,2.0,0.0,0.0,24.21,0.0,0.0,0.0,0.0,,0.0
2022-09-18,2.5,0.0,0.0,24.37,0.0,0.0,0.0,0.0,,0.0
2022-09-18,3.0,0.0,0.0,23.37,0.0,0.0,0.0,0.0,,0.0
2022-09-18,3.5,0.0,0.0,24.21,0.0,0.0,0.0,0.0,,0.0
2022-09-18,4.0,0.0,0.0,23.93,0.0,0.0,0.0,0.0,,0.0
2022-09-18,4.5,0.0,0.0,25.0,0.0,0.0,0.0,0.0,,0.0
2022-09-18,5.0,0.0,0.0,26.14,0.0,0.0,0.0,0.0,,0.0
2022-09-18,5.5,0.0,0.006789005,25.0,0.0,0.1697251250006957,0.0,-0.1697251250006957,,0.1697251250006957
2022-09-18,6.0,0.0,0.020758851,24.21,0.0,0.6722969077109155,0.0,-0.6722969077109155,,0.6722969077109155
2022-09-18,6.5,0.0,0.115376986,23.0,0.0,3.3259675857116235,0.0,-3.3259675857116235,,3.3259675857116235
2022-09-18,7.0,0.0,0.197351463,23.0,0.0,7.865051234712155,0.0,-7.865051234712155,,7.865051234712155
2022-09-18,7.5,0.0,0.365766751,23.0,-0.36576617,7.865064651976354,0.0,-7.865064651976354,,16.277686507712133
2022-09-18,8.0,0.36576616764068604,0.545019211,22.0,-0.5450192,7.865064687508493,0.0,-7.865064687508493,,28.268109149712473
2022-09-18,8.5,0.9107853770256042,0.625494879,23.0,-0.6254949,7.865064687508493,0.0,-7.865064687508493,,42.654491366713046
2022-09-18,9.0,1.5362802743911743,0.67490522,23.0,-0.67470944,7.869567644122071,0.0,-7.869567644122071,,58.17731142671255
2022-09-18,9.5,2.2109897136688232,0.584073948,23.0,-0.26255894,15.264412895448913,0.0,-15.264412895448913,,71.61101223071273
2022-09-18,10.0,2.473548650741577,0.523289416,24.0,-0.4986157,15.856581793190344,0.0,-15.856581793190344,,84.1699582147121
2022-09-18,10.5,2.9721643924713135,0.41710387,25.88,-0.41685602,15.862996133359047,1.941,-13.921996133359047,-717.2589455620322,94.96460637031123
2022-09-18,11.0,3.3890204429626465,0.285233069,27.0,-0.28504094,15.868183486361886,9.636,-6.232183486361887,-64.67604282235251,102.66589923331048
2022-09-18,11.5,3.6740612983703613,0.263480666,28.82,-0.2628275,15.887008139732643,17.35976,1.4727518602673584,8.48371095146107,110.25941202742979
2022-09-18,12.0,3.9368886947631836,0.294760042,28.82,-0.062200155,22.589384079927186,25.71756,3.128175920072813,12.163579748906246,118.75439643786922
2022-09-18,12.5,3.999088764190674,0.230176155,38.13,-0.0006493832,31.341239889607095,40.39761,9.056370110392905,22.41808391732309,127.53101322801922
2022-09-18,13.0,3.9997382164001465,0.15512535,34.94,-9.932214e-05,36.757849303030525,40.39761,3.639760696969475,9.009841663824853,132.95109295701877
2022-09-18,13.5,3.999837636947632,0.133075581,39.71,0.39960828,57.910725591513255,50.08685,-7.823875591513257,-15.620618169266498,138.23552427852883
2022-09-18,14.0,3.600229263305664,0.111294832,38.88,0.22780938,71.09509752768099,50.08685,-21.008247527680993,-41.94363895449803,142.5626673466886
2022-09-18,14.5,3.372419834136963,0.074485781,40.65,-0.048593998,72.14759850844712,53.09495,-19.05264850844712,-35.88410669648831,145.59051434433786
2022-09-18,15.0,3.421013832092285,0.027414661,45.0,-0.025958393,72.21313057883708,54.30995,-17.90318057883708,-32.96482611167397,146.82417408933725
2022-09-18,15.5,3.446972131729126,0.024304627,49.53,-0.023862062,72.23505082219344,55.49867,-16.736380822193446,-30.156363787084352,148.02798226464802
2022-09-18,16.0,3.470834255218506,0.022088581,52.13,-0.021612776,72.25985451373163,57.323220000000006,-14.936634513731619,-26.05686581062895,149.17945999217773
2022-09-18,16.5,3.4924471378326416,0.013343892,50.4,-0.012545603,72.30008826282756,57.323220000000006,-14.976868262827551,-26.1270533351538,149.85199214897693
2022-09-18,17.0,3.504992723464966,0.005976373,53.2,-0.0032948544,72.44274505102294,57.64242000000001,-14.80032505102293,-25.67609939177246,150.1699351925763
2022-09-18,17.5,3.5082876682281494,0.001550328,54.0,0.83578485,117.65884479827764,57.91242000000001,-59.74642479827763,-103.16685919579534,150.25365290457557
2022-09-18,18.0,2.6725027561187744,0.0,54.0,1.9998438,225.65041193313482,165.75042000000002,-59.8999919331348,-36.13866675760748,150.25365290457557
2022-09-18,18.5,0.6726589202880859,0.0,54.0,0.6726589,261.97399362869146,273.75042,11.77642637130856,4.301884311742265,150.25365290457557
2022-09-18,19.0,0.0,0.0,53.95,0.0,261.97399362869146,273.75042,11.77642637130856,4.301884311742265,150.25365290457557
2022-09-18,19.5,0.0,0.0,53.72,0.0,261.97399362869146,273.75042,11.77642637130856,4.301884311742265,150.25365290457557
2022-09-18,20.0,0.0,0.0,53.06,0.0,261.97399362869146,273.75042,11.77642637130856,4.301884311742265,150.25365290457557
2022-09-18,20.5,0.0,0.0,49.53,0.0,261.97399362869146,273.75042,11.77642637130856,4.301884311742265,150.25365290457557
2022-09-18,21.0,0.0,0.0,49.53,0.0,261.97399362869146,273.75042,11.77642637130856,4.301884311742265,150.25365290457557
2022-09-18,21.5,0.0,0.0,45.0,0.0,261.97399362869146,273.75042,11.77642637130856,4.301884311742265,150.25365290457557
2022-09-18,22.0,0.0,0.0,40.85,0.0,261.97399362869146,273.75042,11.77642637130856,4.301884311742265,150.25365290457557
2022-09-18,22.5,0.0,0.0,36.0,0.0,261.97399362869146,273.75042,11.77642637130856,4.301884311742265,150.25365290457557
2022-09-18,23.0,0.0,0.0,33.62,0.0,261.97399362869146,273.75042,11.77642637130856,4.301884311742265,150.25365290457557
2022-09-18,23.5,0.0,0.0,33.61,0.0,261.97399362869146,273.75042,11.77642637130856,4.301884311742265,150.25365290457557
2022-09-19,0.0,0.0,0.0,23.0,0.0,0.0,0.0,0.0,,0.0
2022-09-19,0.5,0.0,0.0,26.1,0.0,0.0,0.0,0.0,,0.0
2022-09-19,1.0,0.0,0.0,26.0,0.0,0.0,0.0,0.0,,0.0
2022-09-19,1.5,0.0,0.0,23.93,0.0,0.0,0.0,0.0,,0.0
2022-09-19,2.0,0.0,0.0,24.21,0.0,0.0,0.0,0.0,,0.0
2022-09-19,2.5,0.0,0.0,23.93,0.0,0.0,0.0,0.0,,0.0
2022-09-19,3.0,0.0,0.0,24.0,0.0,0.0,0.0,0.0,,0.0
2022-09-19,3.5,0.0,0.0,23.37,0.0,0.0,0.0,0.0,,0.0
2022-09-19,4.0,0.0,0.0,25.88,0.0,0.0,0.0,0.0,,0.0
2022-09-19,4.5,0.0,0.0,25.88,0.0,0.0,0.0,0.0,,0.0
2022-09-19,5.0,0.0,0.0,25.88,0.0,0.0,0.0,0.0,,0.0
2022-09-19,5.5,0.0,0.004711323,25.88,0.0,0.12192903924005805,0.0,-0.12192903924005805,,0.12192903924005805
2022-09-19,6.0,0.0,0.019794267,24.0,0.0,0.5969914472407254,0.0,-0.5969914472407254,,0.5969914472407254
2022-09-19,6.5,0.0,0.127189637,24.0,0.0,3.649542735240175,0.0,-3.649542735240175,,3.649542735240175
2022-09-19,7.0,0.0,0.230784769,23.0,0.0,8.95759242224085,0.0,-8.95759242224085,,8.95759242224085
2022-09-19,7.5,0.0,0.281934343,23.35,-0.28193432,8.957592937653317,0.0,-8.957592937653317,,15.540759331290246
2022-09-19,8.0,0.28193432092666626,0.368543552,23.93,-0.36854357,8.957592937653317,0.0,-8.957592937653317,,24.360006530650935
2022-09-19,8.5,0.6504778861999512,0.399952666,25.0,-0.39995268,8.957592937653317,0.0,-8.957592937653317,,34.3588231806516
2022-09-19,9.0,1.0504305362701416,0.391364447,29.44,-0.39136446,8.957592937653317,0.0,-8.957592937653317,,45.88059250033075
2022-09-19,9.5,1.441794991493225,0.607621366,33.62,-0.56639653,10.343571774603333,0.0,-10.343571774603333,,66.3088228252509
2022-09-19,10.0,2.0081915855407715,1.051906269,38.68,2.0,128.39130625952384,0.0,-128.39130625952384,,106.99655731017083
2022-09-19,10.5,0.008191585540771484,1.025931517,38.82,0.008191552,168.53596379861483,117.46932,-51.066643798614834,-43.47232434699957,146.82321880011114
2022-09-19,11.0,3.3527612686157227e-08,1.07717694,38.77,3.352218e-08,210.29811506206897,216.79806,6.499944937931019,2.998156412437925,188.5853687639119
2022-09-19,11.5,5.432099214885966e-12,1.106796588,35.54,-0.3909118,235.74066086301355,216.79806,-18.942600863013553,-8.737440207266408,227.92091950143185
2022-09-19,12.0,0.3909117877483368,1.136387481,34.7,-1.0209725,239.74556103993382,216.79806,-22.947501039933826,-10.58473541688234,267.35356509213125
2022-09-19,12.5,1.4118843078613281,0.894043016,33.97,-0.8939098,239.75008598071145,216.79806,-22.952025980711454,-10.586822585364212,297.7242063456506
2022-09-19,13.0,2.3057942390441895,0.813245421,33.62,-0.81319034,239.75193777045388,216.79806,-22.953877770453886,-10.587676739567636,325.0655173996711
2022-09-19,13.5,3.1189846992492676,0.608866286,35.94,-0.5070477,243.41129729115892,236.88852000000003,-6.522777291158889,-2.753521906067414,346.94817171851173
2022-09-19,14.0,3.6260323524475098,0.409580345,41.1,0.5127898,281.320709669586,276.13902,-5.181689669585978,-1.8764786192063614,363.7819238980119
2022-09-19,14.5,3.1132426261901855,0.544641314,39.28,0.6417256,327.9212020423056,276.13902,-51.78218204230558,-18.752214751216822,385.1754347119313
2022-09-19,15.0,2.4715170860290527,0.607350117,50.0,-0.6010133,328.238042752153,336.13902,7.900977247847038,2.35050880074769,415.54294056193066
2022-09-19,15.5,3.0725302696228027,0.593182563,41.1,-0.5076804,331.7521809894479,336.13902,4.386839010552137,1.3050668769582707,439.9227439012302
2022-09-19,16.0,3.5802106857299805,0.696472885,51.31,-0.418336,346.0233843525948,371.85078,25.827395647405183,6.945634387913664,475.65876763058077
2022-09-19,16.5,3.998546600341797,0.418240408,53.2,-0.0003011871,368.25775090440584,394.08838,25.830629095594134,6.55452695550022,497.9091573361802
2022-09-19,17.0,3.998847723007202,0.170828672,53.52,1.1903204,441.1064477704076,403.2403000000001,-37.86614777040751,-9.390467116111038,507.05190786161984
2022-09-19,17.5,2.8085274696350098,0.108913074,54.0,1.985598,554.210044043888,409.2883000000001,-144.92174404388794,-35.40823034616135,512.9332138576192
2022-09-19,18.0,0.8229295015335083,0.034178702,54.0,0.8229295,600.4938870346978,518.9623,-81.53158703469774,-15.710502869803399,514.7788637656195
2022-09-19,18.5,0.0,0.008606568,54.0,0.0,600.9586417066985,627.4483,26.489658293301545,4.221807325528102,515.2436184376202
2022-09-19,19.0,0.0,0.0,53.95,0.0,600.9586417066985,627.4483,26.489658293301545,4.221807325528102,515.2436184376202
2022-09-19,19.5,0.0,0.0,53.86,0.0,600.9586417066985,627.4483,26.489658293301545,4.221807325528102,515.2436184376202
2022-09-19,20.0,0.0,0.0,52.07,0.0,600.9586417066985,627.4483,26.489658293301545,4.221807325528102,515.2436184376202
2022-09-19,20.5,0.0,0.0,38.27,0.0,600.9586417066985,627.4483,26.489658293301545,4.221807325528102,515.2436184376202
2022-09-19,21.0,0.0,0.0,41.05,0.0,600.9586417066985,627.4483,26.489658293301545,4.221807325528102,515.2436184376202
2022-09-19,21.5,0.0,0.0,36.0,0.0,600.9586417066985,627.4483,26.489658293301545,4.221807325528102,515.2436184376202
2022-09-19,22.0,0.0,0.0,36.0,0.0,600.9586417066985,627.4483,26.489658293301545,4.221807325528102,515.2436184376202
2022-09-19,22.5,0.0,0.0,37.91,0.0,600.9586417066985,627.4483,26.489658293301545,4.221807325528102,515.2436184376202
2022-09-19,23.0,0.0,0.0,35.62,0.0,600.9586417066985,627.4483,26.489658293301545,4.221807325528102,515.2436184376202
2022-09-19,23.5,0.0,0.0,29.44,0.0,600.9586417066985,627.4483,26.489658293301545,4.221807325528102,515.2436184376202
2022-09-20,0.0,0.0,0.0,23.0,0.0,0.0,0.0,0.0,,0.0
2022-09-20,0.5,0.0,0.0,30.0,0.0,0.0,0.0,0.0,,0.0
2022-09-20,1.0,0.0,0.0,30.0,0.0,0.0,0.0,0.0,,0.0
2022-09-20,1.5,0.0,0.0,28.0,0.0,0.0,0.0,0.0,,0.0
2022-09-20,2.0,0.0,0.0,28.0,0.0,0.0,0.0,0.0,,0.0
2022-09-20,2.5,0.0,0.0,26.5,0.0,0.0,0.0,0.0,,0.0
2022-09-20,3.0,0.0,0.0,26.0,0.0,0.0,0.0,0.0,,0.0
2022-09-20,3.5,0.0,0.0,28.0,0.0,0.0,0.0,0.0,,0.0
2022-09-20,4.0,0.0,0.0,27.16,0.0,0.0,0.0,0.0,,0.0
2022-09-20,4.5,0.0,0.0,27.16,0.0,0.0,0.0,0.0,,0.0
2022-09-20,5.0,0.0,0.0,29.99,0.0,0.0,0.0,0.0,,0.0
2022-09-20,5.5,0.0,0.000280039,30.0,0.0,0.008401170000070124,0.0,-0.008401170000070124,,0.008401170000070124
2022-09-20,6.0,0.0,0.001185117,30.0,0.0,0.04395468000075198,0.0,-0.04395468000075198,,0.04395468000075198
2022-09-20,6.5,0.0,0.055076196,30.0,0.0,1.6962405600006605,0.0,-1.6962405600006605,,1.6962405600006605
2022-09-20,7.0,0.0,0.094579859,30.0,0.0,4.533636330001173,0.0,-4.533636330001173,,4.533636330001173
2022-09-20,7.5,0.0,0.177428085,30.0,-0.17716026,4.541670988155602,0.0,-4.541670988155602,,9.856478880001305
2022-09-20,8.0,0.17716026306152344,0.23964792,30.0,-0.23964792,4.541670988155602,0.0,-4.541670988155602,,17.045916480001324
2022-09-20,8.5,0.41680818796157837,0.220369916,30.0,-0.22036992,4.541670988155602,0.0,-4.541670988155602,,23.657013960000768
2022-09-20,9.0,0.6371781229972839,0.225391479,30.0,-0.22539148,4.541671037763081,0.0,-4.541671037763081,,30.418758330000855
2022-09-20,9.5,0.8625695705413818,0.334921993,52.78,0.852739,67.2264170068429,0.0,-67.2264170068429,,48.095941120540374
2022-09-20,10.0,0.009830594062805176,0.496771872,53.03,0.009765293,94.08808289061199,32.98466,-61.10342289061199,-185.24799979933698,74.43975349270113
2022-09-20,10.5,6.530061364173889e-05,0.306616209,30.0,-0.30661616,94.08808444181159,32.98466,-61.10342444181159,-185.24800450212794,83.63823976270032
2022-09-20,11.0,0.30668145418167114,0.190819219,30.0,-0.19081922,94.0880844491694,32.98466,-61.1034244491694,-185.24800452443472,89.36281633270119
2022-09-20,11.5,0.4975006580352783,0.362571558,30.0,-0.36257115,94.08809668723552,32.98466,-61.10343668723552,-185.2480416267305,100.23996307270136
2022-09-20,12.0,0.8600717782974243,0.550023568,30.0,-0.5500007,94.08878191193617,32.98466,-61.10412191193617,-185.2501190308955,116.74067011270199
2022-09-20,12.5,1.4100725650787354,0.438263233,30.0,-0.43810475,94.09353644015937,32.98466,-61.10887644015937,-185.26453339267215,129.88856710270193
2022-09-20,13.0,1.8481773138046265,0.350325786,30.0,-0.346681,94.20288005609291,32.98466,-61.21822005609291,-185.5960317799029,140.39834068270102
2022-09-20,13.5,2.1948583126068115,0.243136941,51.0,0.50849503,132.5361107192457,32.98466,-99.55145071924571,-301.8113593386917,152.79832467370034
2022-09-20,14.0,1.6863632202148438,0.135669955,51.0,0.30395973,154.9572245158979,32.98466,-121.97256451589791,-369.7857262009004,159.71749237870063
2022-09-20,14.5,1.3824034929275513,0.11231964,51.0,0.3827315,180.20483251757287,32.98466,-147.22017251757288,-446.32921035891496,165.44579401870033
2022-09-20,15.0,0.999671995639801,0.0867806,51.0,0.050875004,187.22526834100063,32.98466,-154.24060834100064,-467.6131521167738,169.87160461870008
2022-09-20,15.5,0.9487969875335693,0.105608296,54.33,-0.07856689,188.69442811997033,38.74364,-149.95078811997033,-387.0332991943202,175.60930334037948
2022-09-20,16.0,1.027363896369934,0.137619268,54.76,-0.13754357,188.69857312474778,155.82052,-32.878053124747794,-21.09995084392466,183.14533445605957
2022-09-20,16.5,1.164907455444336,0.098798626,54.3,-0.09862608,188.70794252593805,155.82052,-32.887422525938064,-21.105963788298272,188.51009984785924
2022-09-20,17.0,1.263533592224121,0.053926743,54.51,-0.023427535,190.3704543622789,164.16055,-26.209904362278905,-15.966018853055076,191.4496466087894
2022-09-20,17.5,1.2869610786437988,0.029149572,54.76,1.2867976,262.43172383967976,275.26859,12.836866160320255,4.663396633927705,193.04587717150935
2022-09-20,18.0,0.0001634359359741211,0.00472948,54.49,0.00016343594,262.69833882903185,275.54104,12.842701170968155,4.660903207365463,193.3035865367092
2022-09-20,18.5,0.0,0.002105454,54.16,0.0,262.81237021767265,275.64936,12.83698978232735,4.656999668828308,193.41761792535
2022-09-20,19.0,0.0,0.0,53.55,0.0,262.81237021767265,275.64936,12.83698978232735,4.656999668828308,193.41761792535
2022-09-20,19.5,0.0,0.0,50.01,0.0,262.81237021767265,275.64936,12.83698978232735,4.656999668828308,193.41761792535
2022-09-20,20.0,0.0,0.0,40.2,0.0,262.81237021767265,275.64936,12.83698978232735,4.656999668828308,193.41761792535
2022-09-20,20.5,0.0,0.0,40.29,0.0,262.81237021767265,275.64936,12.83698978232735,4.656999668828308,193.41761792535
2022-09-20,21.0,0.0,0.0,39.49,0.0,262.81237021767265,275.64936,12.83698978232735,4.656999668828308,193.41761792535
2022-09-20,21.5,0.0,0.0,29.99,0.0,262.81237021767265,275.64936,12.83698978232735,4.656999668828308,193.41761792535
2022-09-20,22.0,0.0,0.0,30.0,0.0,262.81237021767265,275.64936,12.83698978232735,4.656999668828308,193.41761792535
2022-09-20,22.5,0.0,0.0,30.0,0.0,262.81237021767265,275.64936,12.83698978232735,4.656999668828308,193.41761792535
2022-09-20,23.0,0.0,0.0,30.0,0.0,262.81237021767265,275.64936,12.83698978232735,4.656999668828308,193.41761792535
2022-09-20,23.5,0.0,0.0,29.99,0.0,262.81237021767265,275.64936,12.83698978232735,4.656999668828308,193.41761792535
2022-09-21,0.0,0.0,0.0,23.37,0.0,0.0,0.0,0.0,,0.0
2022-09-21,0.5,0.0,0.0,27.16,0.0,0.0,0.0,0.0,,0.0
2022-09-21,1.0,0.0,0.0,28.0,0.0,0.0,0.0,0.0,,0.0
2022-09-21,1.5,0.0,0.0,24.21,0.0,0.0,0.0,0.0,,0.0
2022-09-21,2.0,0.0,0.0,25.88,0.0,0.0,0.0,0.0,,0.0
2022-09-21,2.5,0.0,0.0,25.88,0.0,0.0,0.0,0.0,,0.0
2022-09-21,3.0,0.0,0.0,28.0,0.0,0.0,0.0,0.0,,0.0
2022-09-21,3.5,0.0,0.0,27.44,0.0,0.0,0.0,0.0,,0.0
2022-09-21,4.0,0.0,0.0,27.42,0.0,0.0,0.0,0.0,,0.0
2022-09-21,4.5,0.0,0.0,27.43,0.0,0.0,0.0,0.0,,0.0
2022-09-21,5.0,0.0,0.0,27.45,0.0,0.0,0.0,0.0,,0.0
2022-09-21,5.5,0.0,0.0059053,27.45,0.0,0.16210048500033736,0.0,-0.16210048500033736,,0.16210048500033736
2022-09-21,6.0,0.0,0.011622417,26.5,0.0,0.4700945354998112,0.0,-0.4700945354998112,,0.4700945354998112
2022-09-21,6.5,0.0,0.054322848,26.5,0.0,1.9096500074992946,0.0,-1.9096500074992946,,1.9096500074992946
2022-09-21,7.0,0.0,0.102902039,27.16,0.0,4.70446938673922,0.0,-4.70446938673922,,4.70446938673922
2022-09-21,7.5,0.0,0.180381713,27.16,-0.1803814,4.704477823359412,0.0,-4.704477823359412,,9.60363671181949
2022-09-21,8.0,0.1803814023733139,0.233672381,27.51,-0.23367238,4.704477838562525,16.20339,11.498912161437474,70.9660889569249,16.031963913130312
2022-09-21,8.5,0.4140537977218628,0.240829306,23.93,-0.2408293,4.704477889756163,16.20339,11.498912110243836,70.9660886409809,21.795009205710812
2022-09-21,9.0,0.654883086681366,0.243438092,26.0,-0.2434381,4.704477889756163,28.78739,24.082912110243836,83.65785196311245,28.12439959771109
2022-09-21,9.5,0.8983211517333984,0.473602906,24.21,-0.47269842,4.726375488888152,28.78739,24.061014511111846,83.58178532722782,39.590325951970954
2022-09-21,10.0,1.3710196018218994,0.812157627,25.0,0.38126534,34.56194971977675,60.93738999999999,26.375440280223245,43.282851924283676,59.89426662697042
2022-09-21,10.5,0.9897542595863342,1.107346966,23.93,0.98975164,84.7455192891357,60.93738999999999,-23.808129289135707,-39.0698211543614,86.39307952335002
2022-09-21,11.0,2.6226043701171875e-06,1.37400144,23.93,2.6055402e-06,117.62543609891327,120.30772,2.682283901086734,2.2295193534435978,119.27293398254915
2022-09-21,11.5,1.7064166968339123e-08,1.468711211,23.44,1.25770665e-08,152.05202717955945,154.74107999999998,2.689052820440537,1.7377756575309784,153.6995247683899
2022-09-21,12.0,4.487100468963945e-09,1.491378679,19.98,-1.091864,160.0343306691757,155.42039999999997,-4.613930669175716,-2.968677644103166,183.4972707748093
2022-09-21,12.5,1.091863989830017,1.301768736,13.13,-1.2807966,160.30969419680332,155.42039999999997,-4.889294196803348,-3.145850993050687,200.58949427848893
2022-09-21,13.0,2.3726606369018555,1.240776629,13.61,-1.2216511,160.56999295584137,155.42039999999997,-5.149592955841399,-3.313331426145731,217.47646419917874
2022-09-21,13.5,3.5943117141723633,0.950711781,20.0,-0.3855516,171.8731965428742,174.46039999999996,2.587203457125753,1.4829746218200541,236.4906998191782
2022-09-21,14.0,3.979863405227661,0.857251515,20.0,-0.013901053,188.74020578294403,191.5804,2.8401942170559664,1.4825077184596998,253.63573011917833
2022-09-21,14.5,3.9937644004821777,0.604377964,21.75,0.16730212,205.52424753929336,204.7174,-0.8068475392933578,-0.39412748466586517,266.7809508361788
2022-09-21,15.0,3.8264622688293457,0.405077557,25.0,-0.06967462,213.9093210007377,214.8424,0.9330789992623068,0.43430859051207155,276.907889761178
2022-09-21,15.5,3.896136999130249,0.403850602,29.44,-0.013554279,225.39964475688976,226.73616,1.3365152431102558,0.5894583568453553,288.7972514840585
2022-09-21,16.0,3.909691333770752,0.397737601,36.01,0.5053216,257.91880737333304,241.06814,-16.85066737333304,-6.990001819955569,303.1197824960691
2022-09-21,16.5,3.404369831085205,0.252422333,41.25,1.0713942,312.52623956968455,251.46314,-61.06309956968454,-24.283121402876198,313.5322037323185
2022-09-21,17.0,2.3329756259918213,0.100145445,49.29,1.846856,408.4939406970898,354.97214,-53.52180069708976,-15.07774686122966,318.4683727163683
2022-09-21,17.5,0.4861196279525757,0.055323133,41.33,-0.052914936,408.5934714751529,357.24528999999995,-51.348181475152955,-14.373368358517185,320.75487780325784
2022-09-21,18.0,0.5390345454216003,0.02658079,42.69,0.5390345,432.73958759977904,443.77792,11.038332400220952,2.48735502663606,321.88961172835843
2022-09-21,18.5,5.960464477539063e-08,0.01339628,41.16,5.9604645e-08,433.2909809379071,444.31299999999993,11.022019062092852,2.4806879524328243,322.44100261315907
2022-09-21,19.0,0.0,0.0,39.97,0.0,433.2909809379071,444.31299999999993,11.022019062092852,2.4806879524328243,322.44100261315907
2022-09-21,19.5,0.0,0.0,29.86,0.0,433.2909809379071,444.31299999999993,11.022019062092852,2.4806879524328243,322.44100261315907
2022-09-21,20.0,0.0,0.0,29.9,0.0,433.2909809379071,444.31299999999993,11.022019062092852,2.4806879524328243,322.44100261315907
2022-09-21,20.5,0.0,0.0,29.99,0.0,433.2909809379071,444.31299999999993,11.022019062092852,2.4806879524328243,322.44100261315907
2022-09-21,21.0,0.0,0.0,31.1,0.0,433.2909809379071,444.31299999999993,11.022019062092852,2.4806879524328243,322.44100261315907
2022-09-21,21.5,0.0,0.0,29.99,0.0,433.2909809379071,444.31299999999993,11.022019062092852,2.4806879524328243,322.44100261315907
2022-09-21,22.0,0.0,0.0,29.44,0.0,433.2909809379071,444.31299999999993,11.022019062092852,2.4806879524328243,322.44100261315907
2022-09-21,22.5,0.0,0.0,29.44,0.0,433.2909809379071,444.31299999999993,11.022019062092852,2.4806879524328243,322.44100261315907
2022-09-21,23.0,0.0,0.0,20.0,0.0,433.2909809379071,444.31299999999993,11.022019062092852,2.4806879524328243,322.44100261315907
2022-09-21,23.5,0.0,0.0,23.99,0.0,433.2909809379071,444.31299999999993,11.022019062092852,2.4806879524328243,322.44100261315907
2022-09-22,0.0,0.0,0.0,20.01,0.0,0.0,0.0,0.0,,0.0
2022-09-22,0.5,0.0,0.0,28.01,0.0,0.0,0.0,0.0,,0.0
2022-09-22,1.0,0.0,0.0,27.21,0.0,0.0,0.0,0.0,,0.0
2022-09-22,1.5,0.0,0.0,26.15,0.0,0.0,0.0,0.0,,0.0
2022-09-22,2.0,0.0,0.0,28.0,0.0,0.0,0.0,0.0,,0.0
2022-09-22,2.5,0.0,0.0,28.0,0.0,0.0,0.0,0.0,,0.0
2022-09-22,3.0,0.0,0.0,25.88,0.0,0.0,0.0,0.0,,0.0
2022-09-22,3.5,0.0,0.0,25.88,0.0,0.0,0.0,0.0,,0.0
2022-09-22,4.0,0.0,0.0,25.88,0.0,0.0,0.0,0.0,,0.0
2022-09-22,4.5,0.0,0.0,23.93,0.0,0.0,0.0,0.0,,0.0
2022-09-22,5.0,0.0,0.0,25.0,0.0,0.0,0.0,0.0,,0.0
2022-09-22,5.5,0.0,0.011165405,25.88,0.0,0.2889606814005674,0.28468,-0.004280681400567421,-1.5036818183811371,0.2889606814005674
2022-09-22,6.0,0.0,0.021672229,23.93,0.0,0.8075771213698317,0.81114,0.0035628786301682425,0.43924336491459454,0.8075771213698317
2022-09-22,6.5,0.0,0.119453343,21.75,0.0,3.4056873316203564,1.05039,-2.3552973316203563,-224.2307458772795,3.4056873316203564
2022-09-22,7.0,0.0,0.204521508,20.01,0.0,7.498162706700896,1.05039,-6.447772706700896,-613.8455913233081,7.498162706700896
2022-09-22,7.5,0.0,0.315631143,20.01,-0.31563115,7.498162706700896,1.05039,-6.447772706700896,-613.8455913233081,13.813941878130208
2022-09-22,8.0,0.3156311511993408,0.367273429,21.75,-0.36727342,7.498162900374155,22.71339,15.215227099625846,66.9879181382693,21.802138958879368
2022-09-22,8.5,0.6829046010971069,0.509837957,14.01,-0.5098379,7.498163342612315,22.71339,15.215226657387685,66.98791619123206,28.944968736448573
2022-09-22,9.0,1.1927425861358643,0.654038479,17.83,-0.65324444,7.51232113309743,22.71339,15.20106886690257,66.92558383800291,40.60647481701926
2022-09-22,9.5,1.84598708152771,0.893807842,20.01,-0.8307406,8.774297225367263,22.71339,13.939092774632737,61.36949515080195,58.49156973543904
2022-09-22,10.0,2.676727771759033,1.065860063,20.34,1.9372914,69.85839765212586,25.25589,-44.60250765212586,-176.60239909235372,80.17116341685869
2022-09-22,10.5,0.7394363880157471,1.000681613,20.01,0.7132516,104.15420105873818,25.25589,-78.89831105873819,-312.39568694169236,100.19480249298795
2022-09-22,11.0,0.026184797286987305,0.909762234,21.75,-0.7967011,106.61328129642607,45.04839,-61.56489129642607,-136.6639102894156,119.9821310824882
2022-09-22,11.5,0.8228858709335327,0.941036868,23.37,-0.27028406,122.28877449735955,67.03956,-55.24921449735956,-82.41285369020854,141.97416268764755
2022-09-22,12.0,1.093169927597046,1.02224402,23.93,-0.873677,125.84398291972138,136.79550999999998,10.951527080278595,8.005765013982256,166.43646208624705
2022-09-22,12.5,1.9668469429016113,0.949779383,20.01,-0.9096032,126.64790877174346,136.79550999999998,10.14760122825652,7.418080628711074,185.4415475400765
2022-09-22,13.0,2.8764500617980957,0.943109508,20.01,-0.91207844,127.26884043863356,136.79550999999998,9.526669561366418,6.964168313248307,204.31316879515725
2022-09-22,13.5,3.7885284423828125,0.817351071,26.6,-0.19451393,143.83630833947973,158.52770999999998,14.691401660520256,9.267402942059945,226.05470728375803
2022-09-22,14.0,3.9830424785614014,0.76143774,29.99,-0.0010717476,166.6396844507981,181.3501,14.710415549201912,8.111611490262156,248.89022510635732
2022-09-22,14.5,3.984114170074463,0.647826354,39.8,0.5019872,212.4022646505,240.0949,27.692635349499994,11.534037311704662,274.6737139955567
2022-09-22,15.0,3.4821269512176514,0.496976215,39.0,-0.24818759,222.10502115555937,240.0949,17.989878844440625,7.492820065915863,294.05578638055704
2022-09-22,15.5,3.7303144931793213,0.330673902,29.99,0.17189454,237.17704859385412,240.0949,2.9178514061458714,1.2152908729614296,303.97269670153764
2022-09-22,16.0,3.558419942855835,0.200714166,39.9,1.0300639,286.2850921332556,248.1148,-38.1702921332556,-15.384125466620935,311.98119192493687
2022-09-22,16.5,2.5283560752868652,0.157251334,45.0,0.75042534,327.130542406785,255.1798,-71.95074240678503,-28.196096402138814,319.057501954936
2022-09-22,17.0,1.777930736541748,0.0849627,49.15,1.5812905,409.02688637456777,357.65755,-51.36933637456775,-14.362715501061771,323.23341865993643
2022-09-22,17.5,0.1966402530670166,0.051536448,49.21,0.060006995,414.51593919249535,458.63647,44.12053080750462,9.619935110590884,325.76952726601667
2022-09-22,18.0,0.1366332620382309,0.009603975,45.0,0.13663326,421.09661485921606,459.08647,37.98985514078396,8.275097965920006,326.201706141017
2022-09-22,18.5,0.0,0.003370166,41.77,0.0,421.23738669303566,459.21178,37.974393306964316,8.269472814256707,326.3424779748366
2022-09-22,19.0,0.0,0.0,41.07,0.0,421.23738669303566,459.21178,37.974393306964316,8.269472814256707,326.3424779748366
2022-09-22,19.5,0.0,0.0,35.5,0.0,421.23738669303566,459.21178,37.974393306964316,8.269472814256707,326.3424779748366
2022-09-22,20.0,0.0,0.0,29.44,0.0,421.23738669303566,459.21178,37.974393306964316,8.269472814256707,326.3424779748366
2022-09-22,20.5,0.0,0.0,29.44,0.0,421.23738669303566,459.21178,37.974393306964316,8.269472814256707,326.3424779748366
2022-09-22,21.0,0.0,0.0,29.44,0.0,421.23738669303566,459.21178,37.974393306964316,8.269472814256707,326.3424779748366
2022-09-22,21.5,0.0,0.0,28.0,0.0,421.23738669303566,459.21178,37.974393306964316,8.269472814256707,326.3424779748366
2022-09-22,22.0,0.0,0.0,21.75,0.0,421.23738669303566,459.21178,37.974393306964316,8.269472814256707,326.3424779748366
2022-09-22,22.5,0.0,0.0,23.84,0.0,421.23738669303566,459.21178,37.974393306964316,8.269472814256707,326.3424779748366
2022-09-22,23.0,0.0,0.0,20.0,0.0,421.23738669303566,459.21178,37.974393306964316,8.269472814256707,326.3424779748366
2022-09-22,23.5,0.0,0.0,20.01,0.0,421.23738669303566,459.21178,37.974393306964316,8.269472814256707,326.3424779748366
2022-09-23,0.0,0.0,0.0,17.0,0.0,0.0,0.0,0.0,,0.0
2022-09-23,0.5,0.0,0.0,1.0,0.0,0.0,0.0,0.0,,0.0
2022-09-23,1.0,0.0,0.0,1.1,0.0,0.0,0.0,0.0,,0.0
2022-09-23,1.5,0.0,0.0,1.1,0.0,0.0,0.0,0.0,,0.0
2022-09-23,2.0,0.0,0.0,1.0,0.0,0.0,0.0,0.0,,0.0
2022-09-23,2.5,0.0,0.0,1.0,0.0,0.0,0.0,0.0,,0.0
2022-09-23,3.0,0.0,0.0,0.3,0.0,0.0,0.0,0.0,,0.0
2022-09-23,3.5,0.0,0.0,0.3,0.0,0.0,0.0,0.0,,0.0
2022-09-23,4.0,0.0,0.0,1.0,0.0,0.0,0.0,0.0,,0.0
2022-09-23,4.5,0.0,0.0,3.0,0.0,0.0,0.0,0.0,,0.0
2022-09-23,5.0,0.0,0.0,3.0,0.0,0.0,0.0,0.0,,0.0
2022-09-23,5.5,0.0,0.00184282,2.5,-0.00061863114,0.00306047215781291,0.0,-0.00306047215781291,,0.004607049999322044
2022-09-23,6.0,0.0006186311366036534,0.004080817,1.1,-0.004080817,0.00306047215781291,0.0,-0.00306047215781291,,0.009095948698814027
2022-09-23,6.5,0.004699448123574257,0.035910991,0.02,-0.03591099,0.003060472176002804,0.0,-0.003060472176002804,,0.00981416851936956
2022-09-23,7.0,0.04061044007539749,0.073075409,0.02,-0.073075406,0.0030604722305724863,0.0,-0.0030604722305724863,,0.011275676699369797
2022-09-23,7.5,0.11368584632873535,0.123953042,1.6,-0.123953044,0.0030604722305724863,0.0,-0.0030604722305724863,,0.20960054389979632
2022-09-23,8.0,0.23763889074325562,0.176904297,1.6,-0.17690429,0.0030604819676227635,0.0,-0.0030604819676227635,,0.49264741909973964
2022-09-23,8.5,0.41454318165779114,0.289653326,4.65,-0.28965333,0.0030604819676227635,0.0,-0.0030604819676227635,,1.8395353849991807
2022-09-23,9.0,0.7041965126991272,0.359377652,12.53,-0.35937676,0.003071679564527585,0.0,-0.003071679564527585,,6.342537364558666
2022-09-23,9.5,1.0635732412338257,0.520135091,12.72,-0.34100315,2.2816299722926487,0.0,-2.2816299722926487,,12.95865572207913
2022-09-23,10.0,1.4045764207839966,0.603317466,12.72,0.16489474,12.053289293082344,0.0,-12.053289293082344,,20.632853889599573
2022-09-23,10.5,1.2396817207336426,0.876371323,23.0,0.78857833,50.34713134590311,0.552,-49.79513134590311,-9020.857127880998,40.78939431859908
2022-09-23,11.0,0.4511033892631531,0.959948312,21.75,-0.47117937,60.97785591897264,0.552,-60.42585591897264,-10946.71302879939,61.66827010459929
2022-09-23,11.5,0.9222827553749084,0.819390756,23.37,-0.5193952,67.98875270312419,19.692030000000003,-48.29672270312419,-245.2602535295964,80.8174320723192
2022-09-23,12.0,1.4416779279708862,0.859483122,24.34,-0.16957603,84.78109122626483,78.83823000000001,-5.942861226264824,-7.538044964054652,101.73725126179852
2022-09-23,12.5,1.6112539768218994,0.825334606,23.93,-0.81980896,84.91331993598033,78.83823000000001,-6.075089935980316,-7.705766524667429,121.48750838337764
2022-09-23,13.0,2.431062936782837,0.745975323,23.79,-0.7396281,85.06432092894647,78.83823000000001,-6.226090928946462,-7.897299227730584,139.23426131754786
2022-09-23,13.5,3.1706910133361816,0.629210977,34.0,-0.5524293,87.67489732039394,100.22423,12.549332679606067,12.521256266679293,160.62743453554867
2022-09-23,14.0,3.7231202125549316,0.554678526,40.0,0.806479,142.12119744852862,122.42423,-19.696967448528625,-16.08910870709877,182.8145755755486
2022-09-23,14.5,2.9166412353515625,0.54835481,42.0,0.8102103,199.18093154650887,229.44023,30.25929845349114,13.188314208668261,205.8454775955488
2022-09-23,15.0,2.106431007385254,0.537576155,41.08,-0.47880122,201.5954058493826,229.44023,27.844824150617427,12.135981623892821,227.92910604294957
2022-09-23,15.5,2.5852322578430176,0.443222092,42.0,-0.30771568,207.28667497801143,332.04623000000004,124.7595550219886,37.57294730375002,246.54443390694905
2022-09-23,16.0,2.8929479122161865,0.289915349,41.08,1.1507447,266.4689888292469,332.04623000000004,65.57724117075315,19.74943102674382,258.4541564438696
2022-09-23,16.5,1.7422032356262207,0.167127644,41.09,0.586662,297.4422050734556,343.22271000000006,45.78050492654444,13.33842534095265,265.3214313358294
2022-09-23,17.0,1.155541181564331,0.094690284,35.02,-0.0029804974,300.65388179903675,343.22271000000006,42.56882820096331,12.402684018479809,268.63748508151
2022-09-23,17.5,1.1585216522216797,0.04832929,35.0,-0.007765241,302.0736235151817,343.22271000000006,41.14908648481838,11.98903373404935,270.3290102315095
2022-09-23,18.0,1.1662869453430176,0.002189929,40.0,1.1656586,348.78756440229336,343.22271000000006,-5.564854402293292,-1.6213537857950284,270.4166073915094
2022-09-23,18.5,0.000628352165222168,0.000767106,41.09,0.00062835217,348.844903778303,378.92992,30.085016221697003,7.939467071298304,270.4481277770501
2022-09-23,19.0,0.0,0.0,41.08,0.0,348.844903778303,378.92992,30.085016221697003,7.939467071298304,270.4481277770501
2022-09-23,19.5,0.0,0.0,34.17,0.0,348.844903778303,378.92992,30.085016221697003,7.939467071298304,270.4481277770501
2022-09-23,20.0,0.0,0.0,29.99,0.0,348.844903778303,378.92992,30.085016221697003,7.939467071298304,270.4481277770501
2022-09-23,20.5,0.0,0.0,29.99,0.0,348.844903778303,378.92992,30.085016221697003,7.939467071298304,270.4481277770501
2022-09-23,21.0,0.0,0.0,27.21,0.0,348.844903778303,378.92992,30.085016221697003,7.939467071298304,270.4481277770501
2022-09-23,21.5,0.0,0.0,20.01,0.0,348.844903778303,378.92992,30.085016221697003,7.939467071298304,270.4481277770501
2022-09-23,22.0,0.0,0.0,16.09,0.0,348.844903778303,378.92992,30.085016221697003,7.939467071298304,270.4481277770501
2022-09-23,22.5,0.0,0.0,20.0,0.0,348.844903778303,378.92992,30.085016221697003,7.939467071298304,270.4481277770501
2022-09-23,23.0,0.0,0.0,14.16,0.0,348.844903778303,378.92992,30.085016221697003,7.939467071298304,270.4481277770501
2022-09-23,23.5,0.0,0.0,12.72,0.0,348.844903778303,378.92992,30.085016221697003,7.939467071298304,270.4481277770501
2022-09-24,0.0,0.0,0.0,5.0,0.0,0.0,0.0,0.0,,0.0
2022-09-24,0.5,0.0,0.0,20.0,0.0,0.0,0.0,0.0,,0.0
2022-09-24,1.0,0.0,0.0,23.93,0.0,0.0,0.0,0.0,,0.0
2022-09-24,1.5,0.0,0.0,20.8,0.0,0.0,0.0,0.0,,0.0
2022-09-24,2.0,0.0,0.0,17.04,0.0,0.0,0.0,0.0,,0.0
2022-09-24,2.5,0.0,0.0,16.37,0.0,0.0,0.0,0.0,,0.0
2022-09-24,3.0,0.0,0.0,16.85,0.0,0.0,0.0,0.0,,0.0
2022-09-24,3.5,0.0,0.0,17.31,0.0,0.0,0.0,0.0,,0.0
2022-09-24,4.0,0.0,0.0,17.47,0.0,0.0,0.0,0.0,,0.0
2022-09-24,4.5,0.0,0.0,23.37,0.0,0.0,0.0,0.0,,0.0
2022-09-24,5.0,0.0,0.0,23.37,0.0,0.0,0.0,0.0,,0.0
2022-09-24,5.5,0.0,0.0,21.1,0.0,0.0,0.0,0.0,,0.0
2022-09-24,6.0,0.0,0.0,17.17,0.0,0.0,0.0,0.0,,0.0
2022-09-24,6.5,0.0,0.034458841,16.16,-0.034458835,1.0216535883955657e-07,0.0,-1.0216535883955657e-07,,0.5568548705596186
2022-09-24,7.0,0.03445883467793465,0.065296499,13.05,-0.0652965,1.0216535883955657e-07,0.0,-1.0216535883955657e-07,,1.4089741825100646
2022-09-24,7.5,0.09975533187389374,0.094979451,12.68,-0.09497945,1.1349402484484017e-07,0.0,-1.1349402484484017e-07,,2.613313621190173
2022-09-24,8.0,0.19473478198051453,0.12360131,13.02,-0.12360131,1.1407792044337839e-07,0.0,-1.1407792044337839e-07,,4.222602677389659
2022-09-24,8.5,0.3183360993862152,0.266047728,10.0,-0.26604772,2.326705725863576e-07,0.0,-2.326705725863576e-07,,6.883079957389782
2022-09-24,9.0,0.5843838453292847,0.409826318,13.05,-0.40980864,0.0002309865340066608,0.0,-0.0002309865340066608,,12.231313407290145
2022-09-24,9.5,0.9941924810409546,0.507389288,13.57,-0.37255487,1.829934059695006,0.0,-1.829934059695006,,19.116586045449367
2022-09-24,10.0,1.3667473793029785,0.632742505,17.43,-0.07197144,11.604173743122374,17.93547,6.331296256877625,35.300420099822446,30.145287907598686
2022-09-24,10.5,1.4387187957763672,0.590359545,17.0,-0.21264327,18.025350490810524,17.93547,-0.08988049081052552,-0.5011326205029784,40.18140017259793
2022-09-24,11.0,1.6513620615005493,0.532712137,13.38,-0.52306336,18.154451105063345,17.93547,-0.2189811050633459,-1.220938760251869,47.309088565658385
2022-09-24,11.5,2.1744253635406494,0.413970514,12.68,-0.4137526,18.157214436547292,17.93547,-0.2217444365472936,-1.2363458361966182,52.55823468317794
2022-09-24,12.0,2.5881779193878174,0.300185119,12.68,-0.29840618,18.179771335902842,17.93547,-0.24430133590284342,-1.362112818358501,56.364581992098465
2022-09-24,12.5,2.8865840435028076,0.225909156,12.5,-0.17386696,18.8302988180767,17.93547,-0.8948288180767001,-4.9891573406032865,59.18844644209821
2022-09-24,13.0,3.060451030731201,0.197560326,10.0,-0.036016192,20.445740155204476,17.93547,-2.510270155204477,-13.996121401917414,61.164049702098055
2022-09-24,13.5,3.0964672565460205,0.205839615,12.65,-0.083740406,21.990295152363615,17.93547,-4.054825152363616,-22.607855564217815,63.76792083184773
2022-09-24,14.0,3.1802077293395996,0.210317025,12.65,-0.12432718,23.078066656575174,17.93547,-5.142596656575176,-28.672773317761823,66.42843119809731
2022-09-24,14.5,3.304534912109375,0.132023373,12.68,-0.114584155,23.299195935987882,17.93547,-5.363725935987883,-29.905689318361233,68.10248756773763
2022-09-24,15.0,3.419119119644165,0.085779862,12.68,-0.07737859,23.405724022022696,17.93547,-5.470254022022697,-30.499641336539817,69.1901762178968
2022-09-24,15.5,3.496497631072998,0.115737901,20.0,-0.06808338,24.35881437916396,20.25547,-4.1033443791639606,-20.257956883567555,71.50493423789703
2022-09-24,16.0,3.5645809173583984,0.132817644,21.4,-0.02255366,26.71846363728764,23.10167,-3.6167936372876426,-15.655983473435656,74.3472318194963
2022-09-24,16.5,3.587134599685669,0.181898636,28.18,0.67581296,50.888776403297015,28.23043,-22.658346403297017,-80.26213700357032,79.47313538197704
2022-09-24,17.0,2.9113216400146484,0.200648363,32.71,1.3304894,100.97229253449768,34.80514,-66.16715253449769,-190.10741670482489,86.03634333570699
2022-09-24,17.5,1.5808322429656982,0.12281938,43.64,1.4360638,169.0019530468635,127.45286000000002,-41.549093046863476,-32.5995768528564,91.39618107890783
2022-09-24,18.0,0.14476847648620605,0.052066376,40.0,0.14476444,176.87518561772413,127.45286000000002,-49.42232561772411,-38.77694515268163,93.47883611890757
2022-09-24,18.5,4.038214683532715e-06,0.025774062,43.63,4.0382147e-06,177.99988413009123,130.85600000000002,-47.14388413009121,-36.02730033784557,94.60335844396832
2022-09-24,19.0,0.0,0.0,43.64,0.0,177.99988413009123,218.136,40.136115869908764,18.399583686282302,94.60335844396832
2022-09-24,19.5,0.0,0.0,27.21,0.0,177.99988413009123,218.136,40.136115869908764,18.399583686282302,94.60335844396832
2022-09-24,20.0,0.0,0.0,24.9,0.0,177.99988413009123,218.136,40.136115869908764,18.399583686282302,94.60335844396832
2022-09-24,20.5,0.0,0.0,23.37,0.0,177.99988413009123,218.136,40.136115869908764,18.399583686282302,94.60335844396832
2022-09-24,21.0,0.0,0.0,20.0,0.0,177.99988413009123,218.136,40.136115869908764,18.399583686282302,94.60335844396832
2022-09-24,21.5,0.0,0.0,17.46,0.0,177.99988413009123,218.136,40.136115869908764,18.399583686282302,94.60335844396832
2022-09-24,22.0,0.0,0.0,16.61,0.0,177.99988413009123,218.136,40.136115869908764,18.399583686282302,94.60335844396832
2022-09-24,22.5,0.0,0.0,16.52,0.0,177.99988413009123,218.136,40.136115869908764,18.399583686282302,94.60335844396832
2022-09-24,23.0,0.0,0.0,15.0,0.0,177.99988413009123,218.136,40.136115869908764,18.399583686282302,94.60335844396832
2022-09-24,23.5,0.0,0.0,12.68,0.0,177.99988413009123,218.136,40.136115869908764,18.399583686282302,94.60335844396832
2022-09-25,0.0,0.0,0.0,13.02,0.0,0.0,0.0,0.0,,0.0
2022-09-25,0.5,0.0,0.0,12.69,0.0,0.0,0.0,0.0,,0.0
2022-09-25,1.0,0.0,0.0,12.72,0.0,0.0,0.0,0.0,,0.0
2022-09-25,1.5,0.0,0.0,15.01,0.0,0.0,0.0,0.0,,0.0
2022-09-25,2.0,0.0,0.0,15.69,0.0,0.0,0.0,0.0,,0.0
2022-09-25,2.5,0.0,0.0,15.93,0.0,0.0,0.0,0.0,,0.0
2022-09-25,3.0,0.0,0.0,15.93,0.0,0.0,0.0,0.0,,0.0
2022-09-25,3.5,0.0,0.0,16.33,0.0,0.0,0.0,0.0,,0.0
2022-09-25,4.0,0.0,0.0,16.54,0.0,0.0,0.0,0.0,,0.0
2022-09-25,4.5,0.0,0.0,16.13,0.0,0.0,0.0,0.0,,0.0
2022-09-25,5.0,0.0,0.0,16.48,0.0,0.0,0.0,0.0,,0.0
2022-09-25,5.5,0.0,0.003438999,16.23,0.0,0.0558149537700956,0.04869,-0.007124953770095602,-14.633300000196348,0.0558149537700956
2022-09-25,6.0,0.0,0.00889148,15.69,0.0,0.19532227497074928,0.1899,-0.0054222749707492635,-2.855331738151271,0.19532227497074928
2022-09-25,6.5,0.0,0.07729576,7.42,-0.07729576,0.1953222910706245,0.7612399999999999,0.5659177089293754,74.3415623100961,0.7688568141711585
2022-09-25,7.0,0.07729575783014297,0.132848196,0.02,-0.1328482,0.1953222910706245,0.7638999999999999,0.5685777089293754,74.43090835572399,0.7715137780905934
2022-09-25,7.5,0.21014395356178284,0.249183168,0.01,-0.24918316,0.1953222911197372,0.7640299999999999,0.5687077088802627,74.43525894012836,0.774005609770029
2022-09-25,8.0,0.4593271017074585,0.334333526,0.01,-0.33433354,0.1953222911197372,0.7649699999999999,0.5696477088802627,74.46667305649409,0.7773489450300985
2022-09-25,8.5,0.7936606407165527,0.432774233,0.01,-0.43277425,0.1953222911197372,0.7698499999999999,0.5745277088802627,74.62852619085054,0.7816766873602319
2022-09-25,9.0,1.2264349460601807,0.634254196,0.01,-0.6342495,0.19532233799509413,0.7747299999999999,0.5794076620049058,74.78833425902003,0.788019229319616
2022-09-25,9.5,1.8606843948364258,0.790458569,0.01,-0.77423036,0.195484620075149,0.7796099999999999,0.5841253799248509,74.92533188707829,0.7959238150087913
2022-09-25,10.0,2.6349148750305176,0.998866732,0.01,-0.38075635,0.2016657239109918,0.7844899999999999,0.5828242760890081,74.29339776020194,0.8059124823284947
2022-09-25,10.5,3.0156712532043457,1.26685434,0.01,1.9388996,0.23372326367280039,0.7893699999999999,0.5556467363271995,70.39116464106814,0.818581025729145
2022-09-25,11.0,1.07677161693573,1.522194556,0.01,-1.5103068,0.2338421408803697,0.7942499999999999,0.5604078591196302,70.55811886932707,0.8338029712886055
2022-09-25,11.5,2.58707857131958,1.550526321,0.01,1.8906888,0.26825429185919347,0.8088899999999999,0.5406357081408064,66.83674024166531,0.8493082344994036
2022-09-25,12.0,0.6963897943496704,1.391064846,0.01,-1.3353382,0.26881155796945677,0.8235299999999999,0.5547184420305431,67.35861984755178,0.8632188829596998
2022-09-25,12.5,2.0317280292510986,1.565484524,0.01,-0.055498954,0.2839114136695571,0.8381699999999999,0.5542585863304428,66.12722792875465,0.8788737281993235
2022-09-25,13.0,2.0872268676757812,1.621364687,0.01,-1.4666945,0.2854581157971552,0.8742999999999999,0.5888418842028447,67.35009541379901,0.8950873750691244
2022-09-25,13.5,3.5539212226867676,1.428560308,0.01,-0.4460402,0.29528331674555375,0.8791799999999999,0.5838966832544461,66.41378139339454,0.9093729781488946
2022-09-25,14.0,3.9999613761901855,1.36628156,0.01,-3.8623297e-05,0.30894574611193093,0.8840599999999998,0.5751142538880689,65.05375810330396,0.9230357937485678
2022-09-25,14.5,4.0,1.313866346,0.01,-0.0,0.32208440957219864,0.8889399999999998,0.5668555904278012,63.76758728685865,0.9361744572088355
2022-09-25,15.0,4.0,1.050270159,0.01,-0.0,0.33258711116286577,0.9035799999999998,0.5709928888371341,63.19228943061314,0.9466771587995026
2022-09-25,15.5,4.0,0.940658949,0.01,-0.0,0.3419937006528926,0.9084599999999998,0.5664662993471072,62.3545669976782,0.9560837482895295
2022-09-25,16.0,4.0,0.736125849,0.04,-0.0,0.37143873461354815,0.9378999999999998,0.5664612653864517,60.39676568786136,0.985528782250185
2022-09-25,16.5,4.0,0.461820355,4.65,-0.0,2.5189033853639557,3.0862000000000003,0.5672966146360445,18.381719092607234,3.1329934330005926
2022-09-25,17.0,4.0,0.316423633,13.09,-0.0,6.66088874133311,7.22264,0.5617512586668898,7.777644443955254,7.274978788969747
2022-09-25,17.5,4.0,0.151628889,21.4,-0.0,9.905746965932849,10.47544,0.5696930340671518,5.4383685464968705,10.519837013569486
2022-09-25,18.0,4.0,0.026740196,23.93,-0.0,10.545639856212802,11.12155,0.5759101437871976,5.178326256566734,11.159729903849438
2022-09-25,18.5,4.0,0.01229479,29.99,1.9999998,70.89435345813945,71.46143,0.5670765418605441,0.7935421133617732,11.5284506559492
2022-09-25,19.0,2.000000238418579,0.0,29.99,2.0,130.874353458139,131.44143,0.5670765418609847,0.43142907214337567,11.5284506559492
2022-09-25,19.5,2.384185791015625e-07,0.0,24.12,2.3841858e-07,130.8743592087958,131.44143,0.5670707912042019,0.4314246970716934,11.5284506559492
2022-09-25,20.0,0.0,0.0,23.93,0.0,130.8743592087958,131.44143,0.5670707912042019,0.4314246970716934,11.5284506559492
2022-09-25,20.5,0.0,0.0,21.4,0.0,130.8743592087958,131.44143,0.5670707912042019,0.4314246970716934,11.5284506559492
2022-09-25,21.0,0.0,0.0,20.01,0.0,130.8743592087958,131.44143,0.5670707912042019,0.4314246970716934,11.5284506559492
2022-09-25,21.5,0.0,0.0,15.75,0.0,130.8743592087958,131.44143,0.5670707912042019,0.4314246970716934,11.5284506559492
2022-09-25,22.0,0.0,0.0,15.69,0.0,130.8743592087958,131.44143,0.5670707912042019,0.4314246970716934,11.5284506559492
2022-09-25,22.5,0.0,0.0,16.5,0.0,130.8743592087958,131.44143,0.5670707912042019,0.4314246970716934,11.5284506559492
2022-09-25,23.0,0.0,0.0,16.05,0.0,130.8743592087958,131.44143,0.5670707912042019,0.4314246970716934,11.5284506559492
2022-09-25,23.5,0.0,0.0,15.69,0.0,130.8743592087958,131.44143,0.5670707912042019,0.4314246970716934,11.5284506559492
2022-09-26,0.0,0.0,0.0,10.0,0.0,0.0,0.0,0.0,,0.0
2022-09-26,0.5,0.0,0.0,13.08,0.0,0.0,0.0,0.0,,0.0
2022-09-26,1.0,0.0,0.0,13.06,0.0,0.0,0.0,0.0,,0.0
2022-09-26,1.5,0.0,0.0,13.06,0.0,0.0,0.0,0.0,,0.0
2022-09-26,2.0,0.0,0.0,13.0,0.0,0.0,0.0,0.0,,0.0
2022-09-26,2.5,0.0,0.0,10.01,0.0,0.0,0.0,0.0,,0.0
2022-09-26,3.0,0.0,0.0,10.0,0.0,0.0,0.0,0.0,,0.0
2022-09-26,3.5,0.0,0.0,13.06,0.0,0.0,0.0,0.0,,0.0
2022-09-26,4.0,0.0,0.0,13.06,0.0,0.0,0.0,0.0,,0.0
2022-09-26,4.5,0.0,0.0,15.69,0.0,0.0,0.0,0.0,,0.0
2022-09-26,5.0,0.0,0.0,16.0,0.0,0.0,0.0,0.0,,0.0
2022-09-26,5.5,0.0,0.010810313,15.94,0.0,0.17231638922021375,0.0,-0.17231638922021375,,0.17231638922021375
2022-09-26,6.0,0.0,0.021204654,15.95,0.0,0.5105306205205125,0.5104,-0.00013062052051249218,-0.02559179477125631,0.5105306205205125
2022-09-26,6.5,0.0,0.146976199,15.69,0.0,2.8165871828296076,2.8168299999999995,0.00024281717039187356,0.008620228071693131,2.8165871828296076
2022-09-26,7.0,0.0,0.261787573,12.0,-0.26178747,2.816588368965313,5.96083,3.144241631034687,52.74838623202955,5.958038058830425
2022-09-26,7.5,0.261787474155426,0.43470241,4.65,-0.4347024,2.8165884322388592,7.98358,5.166991567761141,64.72023287499017,7.979404265330231
2022-09-26,8.0,0.6964898705482483,0.603982223,0.87,-0.6039822,2.816588443411092,8.50906,5.692471556588908,66.89894719967785,8.50486879934033
2022-09-26,8.5,1.3004720211029053,0.770985944,0.01,-0.77098596,2.816588443411092,8.50906,5.692471556588908,66.89894719967785,8.512578658779603
2022-09-26,9.0,2.071457862854004,1.027910481,0.01,-1.0279104,2.8165884447043936,8.5091,5.6925115552956065,66.89910278755222,8.522857763589855
2022-09-26,9.5,3.099368095397949,1.110972012,0.01,-0.8345203,2.8193529620202753,8.51089,5.6915370379797245,66.87358241006199,8.533967483710512
2022-09-26,10.0,3.9338884353637695,1.247613509,0.01,1.6312146,2.848141243297505,8.51671,5.668568756702495,66.55819860841211,8.546443618801277
2022-09-26,10.5,2.302673816680908,1.389265246,0.01,-0.51890653,2.8568448304195044,8.52647,5.669625169580495,66.49440119510766,8.560336271260894
2022-09-26,11.0,2.821580410003662,1.383193466,0.01,1.9251804,2.889928569431504,8.54402,5.654091430568496,66.17600884090271,8.574168205921524
2022-09-26,11.5,0.896399974822998,1.465521386,0.01,-1.4005337,2.8905784465296165,8.55378,5.663201553470383,66.20700501381125,8.588823419780965
2022-09-26,12.0,2.296933650970459,1.555801411,0.01,1.3671196,2.9198076561460766,8.58306,5.663252343853923,65.9817401236147,8.604381433891831
2022-09-26,12.5,0.9298141002655029,1.504606592,0.01,-1.2227925,2.9226257970040024,8.59282,5.670194202995997,65.98758269108393,8.619427499812446
2022-09-26,13.0,2.15260648727417,1.518997411,0.01,-1.4373343,2.9234424281239626,8.60258,5.679137571876037,66.0166783903903,8.634617473922845
2022-09-26,13.5,3.5899407863616943,1.352304824,0.01,-0.4099998,2.9328654784858372,8.61234,5.679474521514162,65.94577689123005,8.648140522162066
2022-09-26,14.0,3.9999406337738037,1.247882545,1.6,-5.9359903e-05,4.92938257464084,10.60914,5.67975742535916,53.53645465475203,10.644752594162128
2022-09-26,14.5,4.0,1.241228895,4.65,-0.0,10.701096936390968,16.37979,5.678693063609032,34.668900294869665,16.416466955912256
2022-09-26,15.0,4.0,0.975437057,11.0,-0.0,21.430904563390868,27.10479,5.673885436609133,20.933146637952674,27.146274582912156
2022-09-26,15.5,4.0,0.83074711,12.69,-0.0,31.973085389290645,37.650180000000006,5.677094610709361,15.07853245511538,37.68845540881193
2022-09-26,16.0,4.0,0.752821898,19.78,-0.0,46.863902531729764,52.544520000000006,5.680617468270242,10.811055973620544,52.57927255125105
2022-09-26,16.5,4.0,0.505329973,38.88,-0.0,66.51113188196905,72.17892,5.6677881180309555,7.852414691202022,72.22650190149034
2022-09-26,17.0,4.0,0.290184607,49.34,0.20400994,90.89469059706789,86.48752,-4.407170597067889,-5.095730108884945,86.54421041086971
2022-09-26,17.5,3.795989990234375,0.166934059,49.34,1.2282176,159.73147353976128,95.4674,-64.26407353976128,-67.31520240392143,94.78073688193035
2022-09-26,18.0,2.567772388458252,0.021448321,49.34,1.9496865,256.9872669525248,194.98618,-62.001086952524815,-31.797682765273322,95.83899704006944
2022-09-26,18.5,0.6180858612060547,0.007274656,49.34,0.61808586,287.8425548714713,293.46882,5.626265128528701,1.9171594203870452,96.19792856710956
2022-09-26,19.0,0.0,0.0,42.67,0.0,287.8425548714713,293.46882,5.626265128528701,1.9171594203870452,96.19792856710956
2022-09-26,19.5,0.0,0.0,23.93,0.0,287.8425548714713,293.46882,5.626265128528701,1.9171594203870452,96.19792856710956
2022-09-26,20.0,0.0,0.0,20.0,0.0,287.8425548714713,293.46882,5.626265128528701,1.9171594203870452,96.19792856710956
2022-09-26,20.5,0.0,0.0,19.24,0.0,287.8425548714713,293.46882,5.626265128528701,1.9171594203870452,96.19792856710956
2022-09-26,21.0,0.0,0.0,19.01,0.0,287.8425548714713,293.46882,5.626265128528701,1.9171594203870452,96.19792856710956
2022-09-26,21.5,0.0,0.0,17.44,0.0,287.8425548714713,293.46882,5.626265128528701,1.9171594203870452,96.19792856710956
2022-09-26,22.0,0.0,0.0,16.0,0.0,287.8425548714713,293.46882,5.626265128528701,1.9171594203870452,96.19792856710956
2022-09-26,22.5,0.0,0.0,18.46,0.0,287.8425548714713,293.46882,5.626265128528701,1.9171594203870452,96.19792856710956
2022-09-26,23.0,0.0,0.0,15.01,0.0,287.8425548714713,293.46882,5.626265128528701,1.9171594203870452,96.19792856710956
2022-09-26,23.5,0.0,0.0,14.16,0.0,287.8425548714713,293.46882,5.626265128528701,1.9171594203870452,96.19792856710956
2022-09-27,0.0,0.0,0.0,13.06,0.0,0.0,0.0,0.0,,0.0
2022-09-27,0.5,0.0,0.0,13.1,0.0,0.0,0.0,0.0,,0.0
2022-09-27,1.0,0.0,0.0,17.07,0.0,0.0,0.0,0.0,,0.0
2022-09-27,1.5,0.0,0.0,13.1,0.0,0.0,0.0,0.0,,0.0
2022-09-27,2.0,0.0,0.0,13.1,0.0,0.0,0.0,0.0,,0.0
2022-09-27,2.5,0.0,0.0,11.21,0.0,0.0,0.0,0.0,,0.0
2022-09-27,3.0,0.0,0.0,13.0,0.0,0.0,0.0,0.0,,0.0
2022-09-27,3.5,0.0,0.0,13.1,0.0,0.0,0.0,0.0,,0.0
2022-09-27,4.0,0.0,0.0,13.1,0.0,0.0,0.0,0.0,,0.0
2022-09-27,4.5,0.0,0.0,16.8,0.0,0.0,0.0,0.0,,0.0
2022-09-27,5.0,0.0,0.0,17.09,0.0,0.0,0.0,0.0,,0.0
2022-09-27,5.5,0.0,0.007406645,17.08,0.0,0.12650549660065735,0.0,-0.12650549660065735,,0.12650549660065735
2022-09-27,6.0,0.0,0.017072687,15.96,0.0,0.3989855811214511,0.0,-0.3989855811214511,,0.3989855811214511
2022-09-27,6.5,0.0,0.109103646,12.73,-0.109093025,0.3991207822928118,0.0,-0.3991207822928118,,1.7878749947012693
2022-09-27,7.0,0.10909302532672882,0.186841073,12.69,-0.18684107,0.3991208120896772,0.0,-0.3991208120896772,,4.158888211071826
2022-09-27,7.5,0.2959340810775757,0.371657334,12.73,-0.37165734,0.3991208120896772,0.0,-0.3991208120896772,,8.89008607289179
2022-09-27,8.0,0.6675914525985718,0.548442912,12.73,-0.5484429,0.3991209625473857,0.0,-0.3991209625473857,,15.871764342651659
2022-09-27,8.5,1.2160344123840332,0.7408598,13.11,-0.7408598,0.3991209625473857,0.0,-0.3991209625473857,,25.584436320652458
2022-09-27,9.0,1.9568941593170166,0.978121762,17.17,-0.9780293,0.40070835131155036,4.756090000000001,4.355381648688451,91.57483665549748,42.378786974191826
2022-09-27,9.5,2.9349234104156494,1.201261846,17.43,1.401109,45.7600318516088,60.54952,14.7894881483912,24.425442428595964,63.31678094997187
2022-09-27,10.0,1.5338144302368164,1.260422467,17.17,1.5336254,93.73383311509133,93.89366,0.15982688490866792,0.17022116819034205,84.95823470836149
2022-09-27,10.5,0.00018906593322753906,1.417540172,15.98,0.00016940502,116.38883215579335,93.89366,-22.495172155793355,-23.958137488509188,107.61052665692114
2022-09-27,11.0,1.9660918042063713e-05,1.463858711,15.0,-0.28771093,134.03104879763305,93.89366,-40.13738879763305,-42.7477092677323,129.56840732192177
2022-09-27,11.5,0.2877306044101715,1.141309433,17.13,-1.0450215,135.68046050808516,121.88408,-13.796380508085164,-11.319263769382486,149.11903790921133
2022-09-27,12.0,1.3327521085739136,0.99113377,17.17,0.14684409,155.21954034765076,173.23955,18.020009652349245,10.401787381893595,166.13680474011198
2022-09-27,12.5,1.1859080791473389,1.096762824,12.73,-1.0776073,155.4633904984439,173.23955,17.776159501556094,10.261028443883683,180.0985954896314
2022-09-27,13.0,2.2635154724121094,1.283272932,10.0,-1.222753,156.06858933901276,173.23955,17.170960660987248,9.91168625235245,192.9313248096314
2022-09-27,13.5,3.4862685203552246,1.231206765,15.0,-0.51327175,166.83761457871879,173.23955,6.401935421281223,3.695423718937865,211.39942628463177
2022-09-27,14.0,3.999540328979492,1.14057325,19.24,-0.0004595456,188.7734022511413,212.79699,24.023587748858688,11.289439643323286,233.34405561463245
2022-09-27,14.5,3.999999761581421,0.915036122,18.47,-2.2859992e-07,205.6741152022405,212.79699,7.1228747977594935,3.347262946604411,250.24477278797167
2022-09-27,15.0,4.0,0.862543824,22.0,-0.0,224.65007933024026,231.78299,7.132910669759752,3.0774090323710777,269.22073691597143
2022-09-27,15.5,4.0,0.65654529,23.37,-0.0,239.99354275754013,247.13708,7.143537242459871,2.890516163118813,284.5642003432713
2022-09-27,16.0,4.0,0.514722204,29.99,0.49424183,270.2523742477679,262.58193,-7.670444247767875,-2.921162262676596,300.0007192412304
2022-09-27,16.5,3.505758285522461,0.355978524,29.99,0.68419236,301.4470990423579,273.25837,-28.188729042357863,-10.315778814884192,310.67651517599006
2022-09-27,17.0,2.821565866470337,0.226650691,40.0,1.6195388,375.2946780434413,362.33837,-12.956308043441311,-3.5757482828664573,319.7425428159895
2022-09-27,17.5,1.2020270824432373,0.117026317,31.97,-0.008514401,378.76380401165807,366.07886,-12.684944011658047,-3.465085094413276,323.4838741704789
2022-09-27,18.0,1.2105414867401123,0.023303944,32.94,1.1959231,418.9251425109942,432.7164800000001,13.791337489005912,3.187153280828571,324.2515060858386
2022-09-27,18.5,0.014618396759033203,0.008057511,27.21,0.014618397,419.54215396111795,432.93416,13.392006038882073,3.0933123962502918,324.4707509601485
2022-09-27,19.0,0.0,0.0,24.12,0.0,419.54215396111795,432.93416,13.392006038882073,3.0933123962502918,324.4707509601485
2022-09-27,19.5,0.0,0.0,21.4,0.0,419.54215396111795,432.93416,13.392006038882073,3.0933123962502918,324.4707509601485
2022-09-27,20.0,0.0,0.0,20.0,0.0,419.54215396111795,432.93416,13.392006038882073,3.0933123962502918,324.4707509601485
2022-09-27,20.5,0.0,0.0,20.01,0.0,419.54215396111795,432.93416,13.392006038882073,3.0933123962502918,324.4707509601485
2022-09-27,21.0,0.0,0.0,20.0,0.0,419.54215396111795,432.93416,13.392006038882073,3.0933123962502918,324.4707509601485
2022-09-27,21.5,0.0,0.0,17.44,0.0,419.54215396111795,432.93416,13.392006038882073,3.0933123962502918,324.4707509601485
2022-09-27,22.0,0.0,0.0,15.01,0.0,419.54215396111795,432.93416,13.392006038882073,3.0933123962502918,324.4707509601485
2022-09-27,22.5,0.0,0.0,16.76,0.0,419.54215396111795,432.93416,13.392006038882073,3.0933123962502918,324.4707509601485
2022-09-27,23.0,0.0,0.0,17.15,0.0,419.54215396111795,432.93416,13.392006038882073,3.0933123962502918,324.4707509601485
2022-09-27,23.5,0.0,0.0,16.0,0.0,419.54215396111795,432.93416,13.392006038882073,3.0933123962502918,324.4707509601485
2022-09-28,0.0,0.0,0.0,11.0,0.0,0.0,0.0,0.0,,0.0
2022-09-28,0.5,0.0,0.0,16.83,0.0,0.0,0.0,0.0,,0.0
2022-09-28,1.0,0.0,0.0,16.83,0.0,0.0,0.0,0.0,,0.0
2022-09-28,1.5,0.0,0.0,21.0,0.0,0.0,0.0,0.0,,0.0
2022-09-28,2.0,0.0,0.0,18.0,0.0,0.0,0.0,0.0,,0.0
2022-09-28,2.5,0.0,0.0,16.8,0.0,0.0,0.0,0.0,,0.0
2022-09-28,3.0,0.0,0.0,15.94,0.0,0.0,0.0,0.0,,0.0
2022-09-28,3.5,0.0,0.0,17.06,0.0,0.0,0.0,0.0,,0.0
2022-09-28,4.0,0.0,0.0,18.0,0.0,0.0,0.0,0.0,,0.0
2022-09-28,4.5,0.0,0.0,16.75,0.0,0.0,0.0,0.0,,0.0
2022-09-28,5.0,0.0,0.0,16.85,0.0,0.0,0.0,0.0,,0.0
2022-09-28,5.5,0.0,0.001759734,17.73,0.0,0.03120008382029482,0.0,-0.03120008382029482,,0.03120008382029482
2022-09-28,6.0,0.0,0.004451594,18.0,0.0,0.11132877581985667,0.0,-0.11132877581985667,,0.11132877581985667
2022-09-28,6.5,0.0,0.119439264,15.68,0.0,1.9841364353396784,0.0,-1.9841364353396784,,1.9841364353396784
2022-09-28,7.0,0.0,0.234497643,15.97,-0.23069717,2.0448299907475302,0.0,-2.0448299907475302,,5.72906379404958
2022-09-28,7.5,0.2306971698999405,0.420943663,17.12,-0.42094368,2.0448299907475302,0.0,-2.0448299907475302,,12.935619304609645
2022-09-28,8.0,0.6516408324241638,0.649984758,17.73,-0.6499848,2.0448299907475302,0.0,-2.0448299907475302,,24.45984906394915
2022-09-28,8.5,1.3016256093978882,0.880023054,15.59,-0.88002306,2.0448299907475302,0.0,-2.0448299907475302,,38.179408475809396
2022-09-28,9.0,2.1816487312316895,1.010336656,18.61,-1.0102496,2.0464498290511983,0.0,-2.0464498290511983,,56.98177364396906
2022-09-28,9.5,3.1918983459472656,1.21918293,20.01,1.6080431,58.61924218125387,50.80539000000001,-7.813852181253857,-15.37996693117375,81.37762407326954
2022-09-28,10.0,1.5838552713394165,1.380863175,20.57,1.5838553,119.60350062245561,120.35256,0.7490593775443841,0.6223875732634055,109.78197958302007
2022-09-28,10.5,0.0,1.394459143,20.0,0.0,147.4926834824564,120.35256,-27.140123482456417,-22.550516152258346,137.67116244302088
2022-09-28,11.0,0.0,1.554598372,20.0,0.0,178.5846509224557,144.45256,-34.13209092245569,-23.628581537395867,168.76312988302016
2022-09-28,11.5,0.0,1.47069276,19.78,0.0,207.67495371525547,144.45256,-63.222393715255464,-43.766890469269256,197.85343267581993
2022-09-28,12.0,0.0,1.437314404,20.0,-1.0123475,216.17429259939308,213.11256000000003,-3.0617325993930535,-1.4366739339028414,226.59972075581936
2022-09-28,12.5,1.0123474597930908,1.335907805,13.38,-1.3005517,216.64735791438034,213.11256000000003,-3.534797914380306,-1.658653020910783,244.47416718671957
2022-09-28,13.0,2.312899112701416,1.444975667,15.21,-1.4388126,216.74109795830918,213.11256000000003,-3.6285379583091526,-1.7026391866857367,266.4522470817901
2022-09-28,13.5,3.751711845397949,1.295731628,23.35,-0.2482819,241.19904919783949,243.37416,2.1751108021605035,0.8937312006173965,296.7075805955901
2022-09-28,14.0,3.9999938011169434,1.263652316,23.93,-6.1988503e-06,271.4381007812317,298.91569000000004,27.477589218768344,9.192421186980296,326.94678051746996
2022-09-28,14.5,4.0,1.057053629,23.48,-0.0,296.2577199901516,298.91569000000004,2.657970009848441,0.8892039122631671,351.76639972638986
2022-09-28,15.0,4.0,0.957237688,29.9,-0.0,324.8791268613513,350.46329000000003,25.584163138648705,7.300097861504611,380.3878065975896
2022-09-28,15.5,4.0,0.766848929,29.77,-0.0,347.70821947768127,350.46329000000003,2.7550705223187606,0.7861224273500259,403.21689921391953
2022-09-28,16.0,4.0,0.627013995,31.98,-0.0,367.7601270377818,370.5147500000001,2.7546229622183205,0.7434583811355202,423.26880677402005
2022-09-28,16.5,4.0,0.367398645,37.67,0.98175836,418.5828712690072,384.33964,-34.243231269007254,-8.90962776283166,437.1087137311697
2022-09-28,17.0,3.0182416439056396,0.223904206,39.72,1.5496535,489.0285845477265,472.67692000000005,-16.351664547726443,-3.4593744386179126,446.00218879348904
2022-09-28,17.5,1.46858811378479,0.114407796,38.1,1.3020719,542.9964620693863,553.22032,10.22385793061369,1.8480626182736184,450.36112582108944
2022-09-28,18.0,0.16651618480682373,0.016538915,31.99,-0.016402619,543.0008221797198,553.22032,10.219497820280253,1.8472744855576262,450.8902057119394
2022-09-28,18.5,0.18291880190372467,0.00514076,31.98,0.1829188,549.0149669694001,553.22032,4.205353030599895,0.7601588153160923,451.0546072167399
2022-09-28,19.0,0.0,0.0,33.6,0.0,549.0149669694001,553.22032,4.205353030599895,0.7601588153160923,451.0546072167399
2022-09-28,19.5,0.0,0.0,37.09,0.0,549.0149669694001,554.0363,5.0213330305998625,0.9063184182335818,451.0546072167399
2022-09-28,20.0,0.0,0.0,27.21,0.0,549.0149669694001,554.0363,5.0213330305998625,0.9063184182335818,451.0546072167399
2022-09-28,20.5,0.0,0.0,23.93,0.0,549.0149669694001,554.0363,5.0213330305998625,0.9063184182335818,451.0546072167399
2022-09-28,21.0,0.0,0.0,23.37,0.0,549.0149669694001,554.0363,5.0213330305998625,0.9063184182335818,451.0546072167399
2022-09-28,21.5,0.0,0.0,20.01,0.0,549.0149669694001,554.0363,5.0213330305998625,0.9063184182335818,451.0546072167399
2022-09-28,22.0,0.0,0.0,20.0,0.0,549.0149669694001,554.0363,5.0213330305998625,0.9063184182335818,451.0546072167399
2022-09-28,22.5,0.0,0.0,17.29,0.0,549.0149669694001,554.0363,5.0213330305998625,0.9063184182335818,451.0546072167399
2022-09-28,23.0,0.0,0.0,17.26,0.0,549.0149669694001,554.0363,5.0213330305998625,0.9063184182335818,451.0546072167399
2022-09-28,23.5,0.0,0.0,16.77,0.0,549.0149669694001,554.0363,5.0213330305998625,0.9063184182335818,451.0546072167399
2022-09-29,0.0,0.0,0.0,15.1,0.0,0.0,0.0,0.0,,0.0
2022-09-29,0.5,0.0,0.0,17.06,0.0,0.0,0.0,0.0,,0.0
2022-09-29,1.0,0.0,0.0,17.73,0.0,0.0,0.0,0.0,,0.0
2022-09-29,1.5,0.0,0.0,17.36,0.0,0.0,0.0,0.0,,0.0
2022-09-29,2.0,0.0,0.0,16.69,0.0,0.0,0.0,0.0,,0.0
2022-09-29,2.5,0.0,0.0,16.59,0.0,0.0,0.0,0.0,,0.0
2022-09-29,3.0,0.0,0.0,16.86,0.0,0.0,0.0,0.0,,0.0
2022-09-29,3.5,0.0,0.0,17.09,0.0,0.0,0.0,0.0,,0.0
2022-09-29,4.0,0.0,0.0,17.09,0.0,0.0,0.0,0.0,,0.0
2022-09-29,4.5,0.0,0.0,17.12,0.0,0.0,0.0,0.0,,0.0
2022-09-29,5.0,0.0,0.0,17.64,0.0,0.0,0.0,0.0,,0.0
2022-09-29,5.5,0.0,0.001899199,17.22,0.0,0.032704206780181266,0.0,-0.032704206780181266,,0.032704206780181266
2022-09-29,6.0,0.0,0.004472017,17.22,0.0,0.10971233951931936,0.10332,-0.006392339519319362,-6.186933332674567,0.10971233951931936
2022-09-29,6.5,0.0,0.073952272,12.51,-0.07395227,0.10971233951931936,1.02906,0.9193476604806807,89.33858671804177,1.0348552622399438
2022-09-29,7.0,0.07395227253437042,0.154896312,11.0,-0.15489632,0.10971233951931936,2.73406,2.6243476604806806,95.98720073738984,2.738714694240116
2022-09-29,7.5,0.22884859144687653,0.272296831,10.0,-0.27229682,0.10971248841269698,2.77406,2.664347511587303,96.04505712159444,5.461683004239603
2022-09-29,8.0,0.5011454224586487,0.422952412,10.0,-0.4229524,0.10971248841269698,2.81406,2.704347511587303,96.10127401644965,9.691207124240464
2022-09-29,8.5,0.9240978360176086,0.524466072,8.01,-0.52446604,0.10971276275267883,2.81406,2.704347237247321,96.10126426754657,13.892180360960992
2022-09-29,9.0,1.448563814163208,0.739783384,10.0,-0.73810124,0.12653416302418918,2.85406,2.727525836975811,95.56652056984825,21.290014200960286
2022-09-29,9.5,2.1866650581359863,0.674927989,10.0,-0.40532017,2.8226123776094028,29.07406,26.251447622390597,90.29164699526174,28.03929409096054
2022-09-29,10.0,2.5919852256774902,0.804704939,7.42,1.233058,17.942813205196217,29.08148,11.138666794803783,38.30158160727646,34.01020473834069
2022-09-29,10.5,1.3589272499084473,0.827775959,7.42,1.110166,32.322342196956015,29.0889,-3.233442196956016,-11.115725231810128,40.152302354121275
2022-09-29,11.0,0.24876129627227783,0.939136678,7.42,0.1884823,40.68927500961399,48.1583,7.4690249903860035,15.509320284117182,47.12069650488047
2022-09-29,11.5,0.0602789968252182,1.101374707,5.0,0.034987528,46.37108618399907,53.6633,7.292213816000931,13.588828521542528,52.627570039880084
2022-09-29,12.0,0.02529146894812584,1.182086131,4.65,-1.1581802,46.48224859195216,53.6633,7.181051408047843,13.38168060489728,58.12427054902946
2022-09-29,12.5,1.1834716796875,1.412132918,4.65,-1.091675,47.97237771020809,58.8992,10.926822289791907,18.55173294338787,64.69068861772939
2022-09-29,13.0,2.275146722793579,1.326706908,0.52,-1.1608775,48.058609019943106,58.8992,10.840590980056895,18.40532805209051,65.38057620988911
2022-09-29,13.5,3.4360241889953613,1.202046281,3.0,-0.5624532,49.97738823188229,58.8992,8.921811768117713,15.147594140697521,68.98671505288985
2022-09-29,14.0,3.9984774589538574,1.014409707,4.65,-0.0015039484,54.687400009581324,63.60035,8.912949990418674,14.013995190936331,73.70372019044044
2022-09-29,14.5,3.99998140335083,0.868277987,4.65,-1.7752864e-05,58.724810098316084,67.63655,8.911739901683916,13.175923227432381,77.74121282999113
2022-09-29,15.0,3.9999990463256836,0.886411179,7.42,-9.2921897e-07,65.30197415169096,74.21067,8.908695848309037,12.004602368243054,84.31838377817076
2022-09-29,15.5,4.0,0.573052989,12.51,-0.0,72.47086704408139,81.37889999999999,8.9080329559186,10.946366878783815,91.48727667056119
2022-09-29,16.0,4.0,0.313063945,17.31,-0.0,77.8900039320306,86.79692999999999,8.906926067969394,10.261798508276037,96.9064135585104
2022-09-29,16.5,4.0,0.239885936,37.76,1.0452522,126.41682009621582,95.85933,-30.557490096215815,-31.877429245766496,105.96450650187035
2022-09-29,17.0,2.9547476768493652,0.126939377,38.01,1.4938545,188.023196224005,100.68659999999998,-87.33659622400502,-86.74103229625892,110.78947222164061
2022-09-29,17.5,1.460893154144287,0.065911604,48.77,1.0724273,243.5399832453768,201.44542,-42.094563245376776,-20.89626224581168,114.00398114872041
2022-09-29,18.0,0.38846588134765625,0.002661574,48.77,0.38846588,262.6152692426822,299.13173,36.516460757317816,12.207484895473247,114.13378611270127
2022-09-29,18.5,0.0,0.001239532,37.92,0.0,262.66227229612196,299.16965,36.507377703878035,12.20290149882451,114.18078916614104
2022-09-29,19.0,0.0,0.0,37.71,0.0,262.66227229612196,299.16965,36.507377703878035,12.20290149882451,114.18078916614104
2022-09-29,19.5,0.0,0.0,20.0,0.0,262.66227229612196,299.16965,36.507377703878035,12.20290149882451,114.18078916614104
2022-09-29,20.0,0.0,0.0,20.0,0.0,262.66227229612196,299.16965,36.507377703878035,12.20290149882451,114.18078916614104
2022-09-29,20.5,0.0,0.0,20.0,0.0,262.66227229612196,299.16965,36.507377703878035,12.20290149882451,114.18078916614104
2022-09-29,21.0,0.0,0.0,20.01,0.0,262.66227229612196,299.16965,36.507377703878035,12.20290149882451,114.18078916614104
2022-09-29,21.5,0.0,0.0,19.49,0.0,262.66227229612196,299.16965,36.507377703878035,12.20290149882451,114.18078916614104
2022-09-29,22.0,0.0,0.0,17.47,0.0,262.66227229612196,299.16965,36.507377703878035,12.20290149882451,114.18078916614104
2022-09-29,22.5,0.0,0.0,18.28,0.0,262.66227229612196,299.16965,36.507377703878035,12.20290149882451,114.18078916614104
2022-09-29,23.0,0.0,0.0,18.28,0.0,262.66227229612196,299.16965,36.507377703878035,12.20290149882451,114.18078916614104
2022-09-29,23.5,0.0,0.0,17.17,0.0,262.66227229612196,299.16965,36.507377703878035,12.20290149882451,114.18078916614104
2022-09-30,0.0,0.0,0.0,12.51,0.0,0.0,0.0,0.0,,0.0
2022-09-30,0.5,0.0,0.0,17.44,0.0,0.0,0.0,0.0,,0.0
2022-09-30,1.0,0.0,0.0,16.95,0.0,0.0,0.0,0.0,,0.0
2022-09-30,1.5,0.0,0.0,12.51,0.0,0.0,0.0,0.0,,0.0
2022-09-30,2.0,0.0,0.0,20.0,0.0,0.0,0.0,0.0,,0.0
2022-09-30,2.5,0.0,0.0,14.84,0.0,0.0,0.0,0.0,,0.0
2022-09-30,3.0,0.0,0.0,13.0,0.0,0.0,0.0,0.0,,0.0
2022-09-30,3.5,0.0,0.0,16.01,0.0,0.0,0.0,0.0,,0.0
2022-09-30,4.0,0.0,0.0,17.1,0.0,0.0,0.0,0.0,,0.0
2022-09-30,4.5,0.0,0.0,17.24,0.0,0.0,0.0,0.0,,0.0
2022-09-30,5.0,0.0,0.0,17.73,0.0,0.0,0.0,0.0,,0.0
2022-09-30,5.5,0.0,0.004562739,17.15,0.0,0.0782509738492081,0.0,-0.0782509738492081,,0.0782509738492081
2022-09-30,6.0,0.0,0.010110561,19.49,0.0,0.27530580773964175,0.2923499999999999,0.017044192260358138,5.830064053483204,0.27530580773964175
2022-09-30,6.5,0.0,0.119117145,17.17,0.0,2.3205471873898205,2.33558,0.015032812610179747,0.6436436606829886,2.3205471873898205
2022-09-30,7.0,0.0,0.211964536,12.69,-0.21196453,2.320547228848227,5.02586,2.705312771151773,53.82785774278975,5.010377149230408
2022-09-30,7.5,0.21196453273296356,0.413086449,12.12,-0.41308644,2.3205472877580178,10.03142,7.710872712241983,76.86721034750795,10.01698491110983
2022-09-30,8.0,0.625050961971283,0.589225703,12.0,-0.5892257,2.3205472877580178,17.099420000000002,14.778872712241984,86.4290877248584,17.087693347109962
2022-09-30,8.5,1.214276671409607,0.856621572,4.65,-0.85662156,2.3205473275866098,17.104070000000004,14.783522672413394,86.43277694965813,21.070983656909448
2022-09-30,9.0,2.0708982944488525,0.841116463,4.65,-0.84035695,2.3240790816762456,17.108720000000005,14.78464091832376,86.41582139589494,24.982175209859633
2022-09-30,9.5,2.911255359649658,1.039095492,4.65,-0.52642184,4.7080115404151,17.113370000000007,12.405358459584907,72.48927861423496,29.81396924765977
2022-09-30,10.0,3.4376771450042725,1.086859342,4.65,1.3760418,16.160501711128745,17.11802000000001,0.9575182888712632,5.5936275858496645,34.86786518795998
2022-09-30,10.5,2.0616354942321777,1.145041735,4.65,1.1725724,26.937407319577687,31.653920000000006,4.716512680422319,14.900248311811993,40.192309255709915
2022-09-30,11.0,0.8890631198883057,1.224519667,0.75,0.24111694,28.036634775558923,31.653920000000006,3.6172852244410834,11.427605884013994,41.11069900595976
2022-09-30,11.5,0.6479461789131165,0.932827685,3.0,0.48331258,32.28505556158598,31.653920000000006,-0.6311355615859711,-1.9938622501919856,43.90918206095921
2022-09-30,12.0,0.1646336019039154,0.760395781,4.65,0.07310713,36.160844101574185,35.173970000000004,-0.9868741015741804,-2.805694385860283,47.445022442609115
2022-09-30,12.5,0.09152647107839584,1.173519566,4.65,-1.1651856,36.19959717964048,40.65167,4.4520728203595255,10.951758735519414,52.9018884245088
2022-09-30,13.0,1.2567120790481567,1.635427695,4.65,-1.5550964,36.57313775782677,48.23582,11.662682242173226,24.178467873404507,60.50662720625951
2022-09-30,13.5,2.8118085861206055,1.298677042,5.0,-1.1836245,37.14840043784352,54.73082,17.58241956215648,32.125262442909644,67.00001241625978
2022-09-30,14.0,3.9954330921173096,1.233788268,12.14,-0.004566171,52.0711566929167,69.71158,17.640423307083296,25.304868010570548,81.97820198977934
2022-09-30,14.5,3.9999992847442627,1.077952772,13.38,-7.1399836e-07,66.49415522897834,84.13522,17.64106477102166,20.967514877861685,96.40121007913876
2022-09-30,15.0,4.0,0.997922711,19.78,-0.0,86.23306645255798,119.89746,33.66439354744202,28.0776536445743,116.1401213027184
2022-09-30,15.5,4.0,0.80968706,15.0,-0.0,98.37837235255756,119.89746,21.519087647442433,17.947909528227232,128.28542720271798
2022-09-30,16.0,4.0,0.620859276,23.48,-0.0,112.95614815303816,134.47854,21.522391846961852,16.004331878500356,142.86320300319858
2022-09-30,16.5,4.0,0.45457262,37.73,0.48085165,148.24970586911877,151.64569,3.3959841308812315,2.239420144998009,160.01422795579856
2022-09-30,17.0,3.519148349761963,0.285632731,49.33,0.37826324,180.99969387644524,166.2967,-14.702993876445248,-8.841422515567206,174.10449057602818
2022-09-30,17.5,3.1408851146698,0.139914252,49.33,1.6180742,267.7212631626626,271.56692,3.845656837337401,1.4160991468833544,181.00646062718806
2022-09-30,18.0,1.522810935974121,0.015085715,49.33,1.5228109,343.585704955216,370.72022,27.134515044783996,7.319405195860101,181.75063894813866
2022-09-30,18.5,0.0,0.005222689,37.97,0.0,343.78401045654573,370.91007,27.12605954345429,7.313379101153626,181.9489444494684
2022-09-30,19.0,0.0,0.0,37.7,0.0,343.78401045654573,370.91007,27.12605954345429,7.313379101153626,181.9489444494684
2022-09-30,19.5,0.0,0.0,24.9,0.0,343.78401045654573,370.91007,27.12605954345429,7.313379101153626,181.9489444494684
2022-09-30,20.0,0.0,0.0,20.46,0.0,343.78401045654573,370.91007,27.12605954345429,7.313379101153626,181.9489444494684
2022-09-30,20.5,0.0,0.0,20.0,0.0,343.78401045654573,370.91007,27.12605954345429,7.313379101153626,181.9489444494684
2022-09-30,21.0,0.0,0.0,20.0,0.0,343.78401045654573,370.91007,27.12605954345429,7.313379101153626,181.9489444494684
2022-09-30,21.5,0.0,0.0,20.0,0.0,343.78401045654573,370.91007,27.12605954345429,7.313379101153626,181.9489444494684
2022-09-30,22.0,0.0,0.0,17.71,0.0,343.78401045654573,370.91007,27.12605954345429,7.313379101153626,181.9489444494684
2022-09-30,22.5,0.0,0.0,19.96,0.0,343.78401045654573,370.91007,27.12605954345429,7.313379101153626,181.9489444494684
2022-09-30,23.0,0.0,0.0,17.31,0.0,343.78401045654573,370.91007,27.12605954345429,7.313379101153626,181.9489444494684
2022-09-30,23.5,0.0,0.0,17.06,0.0,343.78401045654573,370.91007,27.12605954345429,7.313379101153626,181.9489444494684
