Unnamed: 0,year,month,day,hour,temperature,total precipitation,u-component of wind,v-component of wind,radiation flux,pressure,relative humidity,PVout,price,imbalance,yearSin,yearCos,monthSin,monthCos,hourSin,hourCos,date
7344.0,2022.0,9.0,1.0,0.0,27.1,0.0,-6.62e-16,-3.6,0.0,1006.7,89.0,0.0,19.99,0,-0.863142128,-0.504961055,-0.866025404,-0.5,-2.4503e-16,1.0,2022-09-01
7345.0,2022.0,9.0,1.0,0.5,26.95,0.0,-0.650561835,-3.370595206,0.0,1006.6,87.0,0.0,22.87,0,-0.863323166,-0.504651474,-1.0,-1.83772e-16,0.130526192,0.991444861,2022-09-01
7346.0,2022.0,9.0,1.0,1.0,26.8,0.0,-1.30112367,-3.141190411,0.0,1006.5,85.0,0.0,20.8,0,-0.863504094,-0.504341829,-1.0,-1.83772e-16,0.258819045,0.965925826,2022-09-01
7347.0,2022.0,9.0,1.0,1.5,26.6,0.0,-0.650561835,-3.270595206,0.0,1006.3,86.5,0.0,20.16,0,-0.86368491,-0.504032118,-1.0,-1.83772e-16,0.382683432,0.923879533,2022-09-01
7348.0,2022.0,9.0,1.0,2.0,26.4,0.0,-6.25e-16,-3.4,0.0,1006.1,88.0,0.0,20.16,0,-0.863865615,-0.503722343,-1.0,-1.83772e-16,0.5,0.866025404,2022-09-01
7349.0,2022.0,9.0,1.0,2.5,26.6,0.0,-6.71e-16,-3.65,0.0,1006.2,89.5,0.0,20.49,0,-0.864046209,-0.503412503,-1.0,-1.83772e-16,0.608761429,0.79335334,2022-09-01
7350.0,2022.0,9.0,1.0,3.0,26.8,0.0,-7.17e-16,-3.9,0.0,1006.3,91.0,0.0,20.53,0,-0.864226692,-0.503102599,-1.0,-1.83772e-16,0.707106781,0.707106781,2022-09-01
7351.0,2022.0,9.0,1.0,3.5,27.0,0.0,-7.35e-16,-4.0,0.0,1006.2,90.5,0.0,20.53,0,-0.864407064,-0.502792629,-1.0,-1.83772e-16,0.79335334,0.608761429,2022-09-01
7352.0,2022.0,9.0,1.0,4.0,27.2,0.0,-7.53e-16,-4.1,0.0,1006.1,90.0,0.0,20.45,0,-0.864587324,-0.502482595,-1.0,-1.83772e-16,0.866025404,0.5,2022-09-01
7353.0,2022.0,9.0,1.0,4.5,27.3,0.0,-0.803635208,-3.990147019,0.0,1006.45,90.0,0.0,20.53,0,-0.864767474,-0.502172497,-1.0,-1.83772e-16,0.923879533,0.382683432,2022-09-01
7354.0,2022.0,9.0,1.0,5.0,27.4,0.0,-1.607270416,-3.880294037,0.0,1006.8,90.0,0.0,20.84,0,-0.864947512,-0.501862334,-1.0,-1.83772e-16,0.965925826,0.258819045,2022-09-01
7355.0,2022.0,9.0,1.0,5.5,27.4,0.0,-0.803635208,-3.940147019,8.333333335,1006.95,89.0,0.008725786,21.32,0,-0.865127439,-0.501552106,-1.0,-1.83772e-16,0.991444861,0.130526192,2022-09-01
7356.0,2022.0,9.0,1.0,6.0,27.4,0.0,-7.35e-16,-4.0,16.66666667,1007.1,88.0,0.035594525,21.24,0,-0.865307254,-0.501241813,-1.0,-1.83772e-16,1.0,6.12574e-17,2022-09-01
7357.0,2022.0,9.0,1.0,6.5,27.8,0.0,-7.08e-16,-3.85,65.27777779,1007.15,86.5,0.138850704,20.84,0,-0.865486959,-0.500931457,-1.0,-1.83772e-16,0.991444861,-0.130526192,2022-09-01
7358.0,2022.0,9.0,1.0,7.0,28.2,0.0,-6.8e-16,-3.7,113.8888889,1007.2,85.0,0.245011243,21.89,0,-0.865666552,-0.500621035,-1.0,-1.83772e-16,0.965925826,-0.258819045,2022-09-01
7359.0,2022.0,9.0,1.0,7.5,27.5,0.25,-0.784501037,-3.743953042,122.2222222,1007.55,89.5,0.259357473,20.84,0,-0.865846033,-0.50031055,-1.0,-1.83772e-16,0.923879533,-0.382683432,2022-09-01
7360.0,2022.0,9.0,1.0,8.0,26.8,0.5,-1.569002073,-3.787906083,130.5555556,1007.9,94.0,0.247701419,20.53,0,-0.866025404,-0.5,-1.0,-1.83772e-16,0.866025404,-0.5,2022-09-01
7361.0,2022.0,9.0,1.0,8.5,26.45,2.25,-1.30112367,-3.141190411,94.44444447,1008.0,95.0,0.181503342,20.53,0,-0.866204663,-0.499689386,-1.0,-1.83772e-16,0.79335334,-0.608761429,2022-09-01
7362.0,2022.0,9.0,1.0,9.0,26.1,4.0,-1.033245267,-2.494474738,58.33333333,1008.1,96.0,0.11999605,29.99,0,-0.86638381,-0.499378707,-1.0,-1.83772e-16,0.707106781,-0.707106781,2022-09-01
7363.0,2022.0,9.0,1.0,9.5,26.55,2.0,-0.516622634,-3.297237369,140.2777778,1008.0,95.0,0.289277997,34.1,0,-0.866562846,-0.499067965,-1.0,-1.83772e-16,0.608761429,-0.79335334,2022-09-01
7364.0,2022.0,9.0,1.0,10.0,27.0,0.0,-7.53e-16,-4.1,222.2222222,1007.9,94.0,0.411089043,38.55,0,-0.866741771,-0.498757158,-1.0,-1.83772e-16,0.5,-0.866025404,2022-09-01
7365.0,2022.0,9.0,1.0,10.5,27.3,0.0,-7.44e-16,-4.05,220.8333333,1007.8,91.5,0.436975423,36.93,0,-0.866920584,-0.498446287,-1.0,-1.83772e-16,0.382683432,-0.923879533,2022-09-01
7366.0,2022.0,9.0,1.0,11.0,27.6,0.0,-7.35e-16,-4.0,219.4444444,1007.7,89.0,0.448955531,38.55,0,-0.867099286,-0.498135351,-1.0,-1.83772e-16,0.258819045,-0.965925826,2022-09-01
7367.0,2022.0,9.0,1.0,11.5,28.1,0.0,-0.70796435,-3.709177135,262.5,1007.5,88.0,0.513904787,41.39,0,-0.867277876,-0.497824352,-1.0,-1.83772e-16,0.130526192,-0.991444861,2022-09-01
7368.0,2022.0,9.0,1.0,12.0,28.6,0.0,-1.4159287,-3.41835427,305.5555556,1007.3,87.0,0.625234322,42.15,0,-0.867456355,-0.497513289,-1.0,-1.83772e-16,1.22515e-16,-1.0,2022-09-01
7369.0,2022.0,9.0,1.0,12.5,29.0,0.0,-1.492465387,-3.603130177,345.8333334,1007.05,84.5,0.6913364,40.0,0,-0.867634722,-0.497202162,-1.0,-1.83772e-16,-0.130526192,-0.991444861,2022-09-01
7370.0,2022.0,9.0,1.0,13.0,29.4,0.0,-1.569002073,-3.787906083,386.1111111,1006.8,82.0,0.715363635,45.0,0,-0.867812977,-0.49689097,-1.0,-1.83772e-16,-0.258819045,-0.965925826,2022-09-01
7371.0,2022.0,9.0,1.0,13.5,30.0,0.0,-1.607270416,-3.880294037,412.5,1006.65,80.0,0.78249077,64.94,0,-0.867991121,-0.496579715,-1.0,-1.83772e-16,-0.382683432,-0.923879533,2022-09-01
7372.0,2022.0,9.0,1.0,14.0,30.6,0.0,-1.645538759,-3.97268199,438.8888889,1006.5,78.0,0.941370046,65.5,0,-0.868169153,-0.496268396,-1.0,-1.83772e-16,-0.5,-0.866025404,2022-09-01
7373.0,2022.0,9.0,1.0,14.5,30.6,0.0,-0.82276938,-4.436340995,495.8333334,1006.5,76.5,0.924653531,65.43,0,-0.868347074,-0.495957014,-1.0,-1.83772e-16,-0.608761429,-0.79335334,2022-09-01
7374.0,2022.0,9.0,1.0,15.0,30.6,0.0,-9e-16,-4.9,552.7777778,1006.5,75.0,1.091412566,67.1,0,-0.868524883,-0.495645567,-1.0,-1.83772e-16,-0.707106781,-0.707106781,2022-09-01
7375.0,2022.0,9.0,1.0,15.5,30.0,0.0,-0.82276938,-4.436340995,377.7777778,1006.8,76.5,0.746334819,67.1,0,-0.86870258,-0.495334057,-1.0,-1.83772e-16,-0.79335334,-0.608761429,2022-09-01
7376.0,2022.0,9.0,1.0,16.0,29.4,0.0,-1.645538759,-3.97268199,202.7777778,1007.1,78.0,0.404505229,67.1,0,-0.868880165,-0.495022483,-1.0,-1.83772e-16,-0.866025404,-0.5,2022-09-01
7377.0,2022.0,9.0,1.0,16.5,29.3,0.0,-0.82276938,-3.236340995,143.0555556,1007.05,79.5,0.287131288,67.1,0,-0.869057639,-0.494710845,-1.0,-1.83772e-16,-0.923879533,-0.382683432,2022-09-01
7378.0,2022.0,9.0,1.0,17.0,29.2,0.0,-4.59e-16,-2.5,83.33333333,1007.0,81.0,0.169781032,67.94,0,-0.869235001,-0.494399144,-1.0,-1.83772e-16,-0.965925826,-0.258819045,2022-09-01
7379.0,2022.0,9.0,1.0,17.5,28.85,0.0,-0.535756806,-2.543431346,45.83333333,1007.5,83.0,0.095183537,67.31,0,-0.869412251,-0.494087379,-1.0,-1.83772e-16,-0.991444861,-0.130526192,2022-09-01
7380.0,2022.0,9.0,1.0,18.0,28.5,0.0,-1.071513611,-2.586862691,8.333333333,1008.0,85.0,0.007591613,67.1,0,-0.869589389,-0.49377555,-1.0,-1.83772e-16,-1.0,-1.83772e-16,2022-09-01
7381.0,2022.0,9.0,1.0,18.5,26.25,9.25,-1.454995621,-2.212670161,6.944444445,1008.45,91.0,0.006848807,67.1,0,-0.869766416,-0.493463658,-1.0,-1.83772e-16,-0.991444861,0.130526192,2022-09-01
7382.0,2022.0,9.0,1.0,19.0,24.0,18.5,-1.838477631,-1.838477631,5.555555556,1008.9,97.0,0.006070751,67.1,0,-0.86994333,-0.493151703,-1.0,-1.83772e-16,-0.965925826,0.258819045,2022-09-01
7383.0,2022.0,9.0,1.0,19.5,23.75,9.25,-0.919238816,-1.869238816,2.777777778,1009.4,97.5,0.001842051,67.1,0,-0.870120133,-0.492839684,-1.0,-1.83772e-16,-0.923879533,0.382683432,2022-09-01
7384.0,2022.0,9.0,1.0,20.0,23.5,0.0,-3.49e-16,-1.9,0.0,1009.9,98.0,0.0,65.5,0,-0.870296824,-0.492527602,-1.0,-1.83772e-16,-0.866025404,0.5,2022-09-01
7385.0,2022.0,9.0,1.0,20.5,23.55,0.0,-4.14e-16,-2.25,0.0,1009.95,98.0,0.0,66.04,0,-0.870473403,-0.492215456,-1.0,-1.83772e-16,-0.79335334,0.608761429,2022-09-01
7386.0,2022.0,9.0,1.0,21.0,23.6,0.0,-4.78e-16,-2.6,0.0,1010.0,98.0,0.0,65.0,0,-0.87064987,-0.491903247,-1.0,-1.83772e-16,-0.707106781,0.707106781,2022-09-01
7387.0,2022.0,9.0,1.0,21.5,23.35,0.0,-0.65,-1.3,0.0,1009.6,98.5,0.0,55.37,0,-0.870826225,-0.491590975,-1.0,-1.83772e-16,-0.608761429,0.79335334,2022-09-01
7388.0,2022.0,9.0,1.0,22.0,23.1,0.0,-1.3,1.59e-16,0.0,1009.2,99.0,0.0,50.51,0,-0.871002467,-0.49127864,-1.0,-1.83772e-16,-0.5,0.866025404,2022-09-01
7389.0,2022.0,9.0,1.0,22.5,23.0,0.0,-1.003553391,-0.35355339,0.0,1009.6,99.5,0.0,40.12,0,-0.871178598,-0.490966241,-1.0,-1.83772e-16,-0.382683432,0.923879533,2022-09-01
7390.0,2022.0,9.0,1.0,23.0,22.9,0.0,-0.707106781,-0.707106781,0.0,1010.0,100.0,0.0,32.26,0,-0.871354617,-0.490653779,-1.0,-1.83772e-16,-0.258819045,0.965925826,2022-09-01
7391.0,2022.0,9.0,1.0,23.5,23.15,0.0,-0.954594155,0.247487373,0.0,1010.0,100.0,0.0,33.8,0,-0.871530524,-0.490341254,-1.0,-1.83772e-16,-0.130526192,0.991444861,2022-09-01
7392.0,2022.0,9.0,2.0,0.0,23.4,0.0,-1.202081528,1.202081528,0.0,1010.0,100.0,0.0,21.0,0,-0.871706319,-0.490028666,-1.0,-1.83772e-16,-2.4503e-16,1.0,2022-09-02
7393.0,2022.0,9.0,2.0,0.5,23.5,0.0,-0.247487373,0.954594155,0.0,1009.85,100.0,0.0,21.41,0,-0.871882001,-0.489716015,-1.0,-1.83772e-16,0.130526192,0.991444861,2022-09-02
7394.0,2022.0,9.0,2.0,1.0,23.6,0.0,0.707106781,0.707106781,0.0,1009.7,100.0,0.0,23.6,0,-0.872057572,-0.489403302,-1.0,-1.83772e-16,0.258819045,0.965925826,2022-09-02
7395.0,2022.0,9.0,2.0,1.5,23.6,0.0,1.04646304,0.066540816,0.0,1009.8,100.0,0.0,19.99,0,-0.87223303,-0.489090525,-1.0,-1.83772e-16,0.382683432,0.923879533,2022-09-02
7396.0,2022.0,9.0,2.0,2.0,23.6,0.0,1.385819299,-0.574025149,0.0,1009.9,100.0,0.0,19.99,0,-0.872408376,-0.488777685,-1.0,-1.83772e-16,0.5,0.866025404,2022-09-02
7397.0,2022.0,9.0,2.0,2.5,23.45,0.0,1.062461463,-0.133939202,0.0,1009.9,100.0,0.0,20.16,0,-0.87258361,-0.488464782,-1.0,-1.83772e-16,0.608761429,0.79335334,2022-09-02
7398.0,2022.0,9.0,2.0,3.0,23.3,0.0,0.739103626,0.306146746,0.0,1009.9,100.0,0.0,20.48,0,-0.872758732,-0.488151817,-1.0,-1.83772e-16,0.707106781,0.707106781,2022-09-02
7399.0,2022.0,9.0,2.0,3.5,23.5,0.0,0.935237238,0.718758798,0.0,1010.05,100.0,0.0,20.45,0,-0.872933741,-0.487838789,-1.0,-1.83772e-16,0.79335334,0.608761429,2022-09-02
7400.0,2022.0,9.0,2.0,4.0,23.7,0.0,1.13137085,1.13137085,0.0,1010.2,100.0,0.0,22.0,0,-0.873108638,-0.487525698,-1.0,-1.83772e-16,0.866025404,0.5,2022-09-02
7401.0,2022.0,9.0,2.0,4.5,23.7,0.0,1.060660172,1.060660172,0.0,1010.5,99.5,0.0,21.17,0,-0.873283423,-0.487212544,-1.0,-1.83772e-16,0.923879533,0.382683432,2022-09-02
7402.0,2022.0,9.0,2.0,5.0,23.7,0.0,0.989949494,0.989949494,0.0,1010.8,99.0,0.0,23.37,0,-0.873458096,-0.486899328,-1.0,-1.83772e-16,0.965925826,0.258819045,2022-09-02
7403.0,2022.0,9.0,2.0,5.5,23.75,0.0,1.272792207,1.272792207,1.388888889,1011.2,98.5,0.000708589,20.53,0,-0.873632656,-0.486586049,-1.0,-1.83772e-16,0.991444861,0.130526192,2022-09-02
7404.0,2022.0,9.0,2.0,6.0,23.8,0.0,1.555634919,1.555634919,2.777777778,1011.6,98.0,0.002155696,20.48,0,-0.873807104,-0.486272707,-1.0,-1.83772e-16,1.0,6.12574e-17,2022-09-02
7405.0,2022.0,9.0,2.0,6.5,23.75,0.0,2.071248805,1.313574265,11.11111111,1011.9,97.0,0.021109143,20.84,0,-0.873981439,-0.485959303,-1.0,-1.83772e-16,0.991444861,-0.130526192,2022-09-02
7406.0,2022.0,9.0,2.0,7.0,23.7,0.0,2.586862691,1.071513611,19.44444444,1012.2,96.0,0.037162611,20.45,0,-0.874155662,-0.485645836,-1.0,-1.83772e-16,0.965925826,-0.258819045,2022-09-02
7407.0,2022.0,9.0,2.0,7.5,23.6,0.0,2.864026551,1.186318641,27.77777778,1012.7,95.5,0.052224906,20.48,0,-0.874329773,-0.485332307,-1.0,-1.83772e-16,0.923879533,-0.382683432,2022-09-02
7408.0,2022.0,9.0,2.0,8.0,23.5,0.0,3.141190411,1.30112367,36.11111111,1013.2,95.0,0.07267966,20.16,0,-0.874503771,-0.485018716,-1.0,-1.83772e-16,0.866025404,-0.5,2022-09-02
7409.0,2022.0,9.0,2.0,8.5,23.2,1.0,3.233578364,1.339392014,59.72222222,1013.6,96.0,0.124026019,20.16,0,-0.874677657,-0.484705062,-1.0,-1.83772e-16,0.79335334,-0.608761429,2022-09-02
7410.0,2022.0,9.0,2.0,9.0,22.9,2.0,3.325966317,1.377660357,83.33333333,1014.0,97.0,0.158292981,25.0,0,-0.87485143,-0.484391346,-1.0,-1.83772e-16,0.707106781,-0.707106781,2022-09-02
7411.0,2022.0,9.0,2.0,9.5,23.0,1.5,2.75899867,1.78484569,108.3333333,1013.95,97.0,0.220689352,30.0,0,-0.87502509,-0.484077567,-1.0,-1.83772e-16,0.608761429,-0.79335334,2022-09-02
7412.0,2022.0,9.0,2.0,10.0,23.1,1.0,2.192031022,2.192031022,133.3333333,1013.9,97.0,0.263317416,32.0,0,-0.875198639,-0.483763727,-1.0,-1.83772e-16,0.5,-0.866025404,2022-09-02
7413.0,2022.0,9.0,2.0,10.5,23.25,0.5,2.227386361,2.227386361,169.4444445,1013.85,95.5,0.344208994,31.0,0,-0.875372074,-0.483449824,-1.0,-1.83772e-16,0.382683432,-0.923879533,2022-09-02
7414.0,2022.0,9.0,2.0,11.0,23.4,0.0,2.2627417,2.2627417,205.5555556,1013.8,94.0,0.39055503,32.0,0,-0.875545397,-0.483135858,-1.0,-1.83772e-16,0.258819045,-0.965925826,2022-09-02
7415.0,2022.0,9.0,2.0,11.5,23.2,0.0,2.298097039,2.298097039,194.4444445,1013.9,93.5,0.359893965,33.0,0,-0.875718607,-0.482821831,-1.0,-1.83772e-16,0.130526192,-0.991444861,2022-09-02
7416.0,2022.0,9.0,2.0,12.0,23.0,0.0,2.333452378,2.333452378,183.3333333,1014.0,93.0,0.305699845,34.0,0,-0.875891705,-0.482507742,-1.0,-1.83772e-16,1.22515e-16,-1.0,2022-09-02
7417.0,2022.0,9.0,2.0,12.5,22.95,0.0,1.587677965,2.182993675,176.3888889,1013.8,92.5,0.359948021,27.0,0,-0.87606469,-0.48219359,-1.0,-1.83772e-16,-0.130526192,-0.991444861,2022-09-02
7418.0,2022.0,9.0,2.0,13.0,22.9,0.0,0.841903551,2.032534972,169.4444444,1013.6,92.0,0.323282997,30.0,0,-0.876237563,-0.481879377,-1.0,-1.83772e-16,-0.258819045,-0.965925826,2022-09-02
7419.0,2022.0,9.0,2.0,13.5,22.95,0.0,0.861037723,2.078728949,159.7222222,1013.45,92.0,0.320060394,41.0,0,-0.876410322,-0.481565101,-1.0,-1.83772e-16,-0.382683432,-0.923879533,2022-09-02
7420.0,2022.0,9.0,2.0,14.0,23.0,0.0,0.880171894,2.124922925,150.0,1013.3,92.0,0.304037555,43.0,0,-0.876582969,-0.481250764,-1.0,-1.83772e-16,-0.5,-0.866025404,2022-09-02
7421.0,2022.0,9.0,2.0,14.5,22.75,0.0,0.803635208,1.940147018,111.1111111,1013.45,92.5,0.212617241,45.0,0,-0.876755504,-0.480936365,-1.0,-1.83772e-16,-0.608761429,-0.79335334,2022-09-02
7422.0,2022.0,9.0,2.0,15.0,22.5,0.0,0.727098521,1.755371112,72.22222222,1013.6,93.0,0.146161724,46.0,0,-0.876927925,-0.480621904,-1.0,-1.83772e-16,-0.707106781,-0.707106781,2022-09-02
7423.0,2022.0,9.0,2.0,15.5,22.45,0.0,0.727098521,1.755371112,69.44444445,1013.8,93.0,0.147354202,45.0,0,-0.877100234,-0.480307381,-1.0,-1.83772e-16,-0.79335334,-0.608761429,2022-09-02
7424.0,2022.0,9.0,2.0,16.0,22.4,0.0,0.727098521,1.755371112,66.66666667,1014.0,93.0,0.132981255,50.0,0,-0.87727243,-0.479992796,-1.0,-1.83772e-16,-0.866025404,-0.5,2022-09-02
7425.0,2022.0,9.0,2.0,16.5,22.25,0.25,0.727098521,1.755371112,47.22222222,1014.2,94.0,0.095987306,51.0,0,-0.877444513,-0.479678149,-1.0,-1.83772e-16,-0.923879533,-0.382683432,2022-09-02
7426.0,2022.0,9.0,2.0,17.0,22.1,0.5,0.727098521,1.755371112,27.77777778,1014.4,95.0,0.060972676,54.0,0,-0.877616483,-0.479363441,-1.0,-1.83772e-16,-0.965925826,-0.258819045,2022-09-02
7427.0,2022.0,9.0,2.0,17.5,21.75,1.25,0.823168669,1.337304964,19.44444445,1014.45,96.0,0.039293726,51.0,0,-0.87778834,-0.479048672,-1.0,-1.83772e-16,-0.991444861,-0.130526192,2022-09-02
7428.0,2022.0,9.0,2.0,18.0,21.4,2.0,0.919238816,0.919238816,11.11111111,1014.5,97.0,0.021971982,51.0,0,-0.877960085,-0.47873384,-1.0,-1.83772e-16,-1.0,-1.83772e-16,2022-09-02
7429.0,2022.0,9.0,2.0,18.5,21.4,1.0,1.013947128,0.689229468,5.555555555,1014.5,97.0,0.008386638,50.85,0,-0.878131716,-0.478418947,-1.0,-1.83772e-16,-0.991444861,0.130526192,2022-09-02
7430.0,2022.0,9.0,2.0,19.0,21.4,0.0,1.108655439,0.459220119,0.0,1014.5,97.0,0.0,50.0,0,-0.878303235,-0.478103993,-1.0,-1.83772e-16,-0.965925826,0.258819045,2022-09-02
7431.0,2022.0,9.0,2.0,19.5,21.4,0.0,0.803071951,0.830131756,0.0,1014.75,97.5,0.0,48.0,0,-0.87847464,-0.477788977,-1.0,-1.83772e-16,-0.923879533,0.382683432,2022-09-02
7432.0,2022.0,9.0,2.0,20.0,21.4,0.0,0.497488462,1.201043392,0.0,1015.0,98.0,0.0,47.51,0,-0.878645933,-0.477473899,-1.0,-1.83772e-16,-0.866025404,0.5,2022-09-02
7433.0,2022.0,9.0,2.0,20.5,21.35,0.0,0.248744231,1.300521696,0.0,1015.2,98.5,0.0,38.0,0,-0.878817113,-0.47715876,-1.0,-1.83772e-16,-0.79335334,0.608761429,2022-09-02
7434.0,2022.0,9.0,2.0,21.0,21.3,0.0,8.58e-17,1.4,0.0,1015.4,99.0,0.0,33.0,0,-0.878988179,-0.47684356,-1.0,-1.83772e-16,-0.707106781,0.707106781,2022-09-02
7435.0,2022.0,9.0,2.0,21.5,21.3,0.0,9.19e-17,1.5,0.0,1015.35,99.0,0.0,28.67,0,-0.879159133,-0.476528298,-1.0,-1.83772e-16,-0.608761429,0.79335334,2022-09-02
7436.0,2022.0,9.0,2.0,22.0,21.3,0.0,9.8e-17,1.6,0.0,1015.3,99.0,0.0,23.93,0,-0.879329973,-0.476212976,-1.0,-1.83772e-16,-0.5,0.866025404,2022-09-02
7437.0,2022.0,9.0,2.0,22.5,21.3,0.0,-0.306146746,1.539103626,0.0,1015.15,99.0,0.0,24.21,0,-0.879500701,-0.475897591,-1.0,-1.83772e-16,-0.382683432,0.923879533,2022-09-02
7438.0,2022.0,9.0,2.0,23.0,21.3,0.0,-0.612293492,1.478207252,0.0,1015.0,99.0,0.0,23.35,0,-0.879671315,-0.475582146,-1.0,-1.83772e-16,-0.258819045,0.965925826,2022-09-02
7439.0,2022.0,9.0,2.0,23.5,21.35,0.0,-0.057402515,1.339625322,0.0,1014.8,99.0,0.0,21.51,0,-0.879841816,-0.47526664,-1.0,-1.83772e-16,-0.130526192,0.991444861,2022-09-02
7440.0,2022.0,9.0,3.0,0.0,21.4,0.0,0.497488462,1.201043392,0.0,1014.6,99.0,0.0,20.0,0,-0.880012204,-0.474951072,-1.0,-1.83772e-16,-2.4503e-16,1.0,2022-09-03
7441.0,2022.0,9.0,3.0,0.5,21.4,0.0,0.248744231,1.300521696,0.0,1014.45,99.0,0.0,31.0,0,-0.880182479,-0.474635443,-1.0,-1.83772e-16,0.130526192,0.991444861,2022-09-03
7442.0,2022.0,9.0,3.0,1.0,21.4,0.0,8.58e-17,1.4,0.0,1014.3,99.0,0.0,23.93,0,-0.88035264,-0.474319754,-1.0,-1.83772e-16,0.258819045,0.965925826,2022-09-03
7443.0,2022.0,9.0,3.0,1.5,21.35,0.0,-0.247487373,0.947487374,0.0,1014.15,99.5,0.0,22.0,0,-0.880522689,-0.474004003,-1.0,-1.83772e-16,0.382683432,0.923879533,2022-09-03
7444.0,2022.0,9.0,3.0,2.0,21.3,0.0,-0.494974747,0.494974747,0.0,1014.0,100.0,0.0,23.03,0,-0.880692624,-0.473688191,-1.0,-1.83772e-16,0.5,0.866025404,2022-09-03
7445.0,2022.0,9.0,3.0,2.5,21.4,0.0,-0.247487373,0.897487374,0.0,1014.05,100.0,0.0,20.81,0,-0.880862446,-0.473372319,-1.0,-1.83772e-16,0.608761429,0.79335334,2022-09-03
7446.0,2022.0,9.0,3.0,3.0,21.5,0.0,7.96e-17,1.3,0.0,1014.1,100.0,0.0,20.8,0,-0.881032154,-0.473056385,-1.0,-1.83772e-16,0.707106781,0.707106781,2022-09-03
7447.0,2022.0,9.0,3.0,3.5,21.55,0.0,0.508133743,0.860475888,0.0,1014.1,99.0,0.0,20.8,0,-0.881201749,-0.472740391,-1.0,-1.83772e-16,0.79335334,0.608761429,2022-09-03
7448.0,2022.0,9.0,3.0,4.0,21.6,0.0,1.016267486,0.420951776,0.0,1014.1,98.0,0.0,20.43,0,-0.881371231,-0.472424336,-1.0,-1.83772e-16,0.866025404,0.5,2022-09-03
7449.0,2022.0,9.0,3.0,4.5,21.45,0.0,0.94821969,1.272937351,0.0,1014.2,96.0,0.0,23.03,0,-0.8815406,-0.47210822,-1.0,-1.83772e-16,0.923879533,0.382683432,2022-09-03
7450.0,2022.0,9.0,3.0,5.0,21.3,0.0,0.880171894,2.124922925,0.0,1014.3,94.0,0.0,23.66,0,-0.881709855,-0.471792043,-1.0,-1.83772e-16,0.965925826,0.258819045,2022-09-03
7451.0,2022.0,9.0,3.0,5.5,21.2,0.0,0.861037723,2.078728949,2.777777778,1014.45,93.5,0.003202336,23.37,0,-0.881878997,-0.471475806,-1.0,-1.83772e-16,0.991444861,0.130526192,2022-09-03
7452.0,2022.0,9.0,3.0,6.0,21.1,0.0,0.841903551,2.032534972,5.555555556,1014.6,93.0,0.008629482,20.81,0,-0.882048025,-0.471159508,-1.0,-1.83772e-16,1.0,6.12574e-17,2022-09-03
7453.0,2022.0,9.0,3.0,6.5,21.5,0.0,1.02199254,1.61730825,29.16666667,1014.8,91.5,0.05711218,20.01,0,-0.88221694,-0.470843149,-1.0,-1.83772e-16,0.991444861,-0.130526192,2022-09-03
7454.0,2022.0,9.0,3.0,7.0,21.9,0.0,1.202081528,1.202081528,52.77777778,1015.0,90.0,0.111328619,20.01,0,-0.882385741,-0.47052673,-1.0,-1.83772e-16,0.965925826,-0.258819045,2022-09-03
7455.0,2022.0,9.0,3.0,7.5,22.25,0.0,1.166726189,1.166726189,116.6666667,1015.0,87.5,0.24476792,20.0,0,-0.882554429,-0.47021025,-1.0,-1.83772e-16,0.923879533,-0.382683432,2022-09-03
7456.0,2022.0,9.0,3.0,8.0,22.6,0.0,1.13137085,1.13137085,180.5555556,1015.0,85.0,0.40583257,23.03,0,-0.882723004,-0.46989371,-1.0,-1.83772e-16,0.866025404,-0.5,2022-09-03
7457.0,2022.0,9.0,3.0,8.5,23.1,0.0,0.948368858,1.489564957,187.5,1015.1,82.5,0.380837711,20.53,0,-0.882891464,-0.46957711,-1.0,-1.83772e-16,0.79335334,-0.608761429,2022-09-03
7458.0,2022.0,9.0,3.0,9.0,23.6,0.0,0.765366865,1.847759065,194.4444444,1015.2,80.0,0.395889662,15.28,0,-0.883059812,-0.469260449,-1.0,-1.83772e-16,0.707106781,-0.707106781,2022-09-03
7459.0,2022.0,9.0,3.0,9.5,23.95,0.0,1.160500892,1.701696992,333.3333333,1015.0,80.0,0.663778091,16.0,0,-0.883228046,-0.468943727,-1.0,-1.83772e-16,0.608761429,-0.79335334,2022-09-03
7460.0,2022.0,9.0,3.0,10.0,24.3,0.0,1.555634919,1.555634919,472.2222222,1014.8,80.0,1.024698833,17.0,0,-0.883396166,-0.468626946,-1.0,-1.83772e-16,0.5,-0.866025404,2022-09-03
7461.0,2022.0,9.0,3.0,10.5,24.7,0.0,2.117442782,1.332708437,411.1111111,1014.65,79.0,0.818884726,18.0,0,-0.883564172,-0.468310104,-1.0,-1.83772e-16,0.382683432,-0.923879533,2022-09-03
7462.0,2022.0,9.0,3.0,11.0,25.1,0.0,2.679250644,1.109781954,350.0,1014.5,78.0,0.674485591,17.0,0,-0.883732065,-0.467993202,-1.0,-1.83772e-16,0.258819045,-0.965925826,2022-09-03
7463.0,2022.0,9.0,3.0,11.5,25.3,0.0,2.082087442,1.297353097,320.8333334,1014.4,78.5,0.636734869,18.0,0,-0.883899844,-0.46767624,-1.0,-1.83772e-16,0.130526192,-0.991444861,2022-09-03
7464.0,2022.0,9.0,3.0,12.0,25.5,0.0,1.48492424,1.48492424,291.6666667,1014.3,79.0,0.635763879,19.0,0,-0.88406751,-0.467359217,-1.0,-1.83772e-16,1.22515e-16,-1.0,2022-09-03
7465.0,2022.0,9.0,3.0,12.5,25.7,0.0,1.666341652,1.125145553,362.5,1014.0,78.0,0.711133665,20.0,0,-0.884235062,-0.467042135,-1.0,-1.83772e-16,-0.130526192,-0.991444861,2022-09-03
7466.0,2022.0,9.0,3.0,13.0,25.9,0.0,1.847759065,0.765366865,433.3333333,1013.7,77.0,0.872555904,19.87,0,-0.8844025,-0.466724992,-1.0,-1.83772e-16,-0.258819045,-0.965925826,2022-09-03
7467.0,2022.0,9.0,3.0,13.5,25.75,0.0,2.323879533,0.382683433,393.0555556,1013.45,77.0,0.806503449,20.0,0,-0.884569824,-0.466407789,-1.0,-1.83772e-16,-0.382683432,-0.923879533,2022-09-03
7468.0,2022.0,9.0,3.0,14.0,25.6,0.0,2.8,0.0,352.7777778,1013.2,77.0,0.724967244,21.0,0,-0.884737035,-0.466090527,-1.0,-1.83772e-16,-0.5,-0.866025404,2022-09-03
7469.0,2022.0,9.0,3.0,14.5,25.95,0.0,1.706146746,0.739103626,436.1111111,1013.15,78.0,0.871803579,23.0,0,-0.884904132,-0.465773204,-1.0,-1.83772e-16,-0.608761429,-0.79335334,2022-09-03
7470.0,2022.0,9.0,3.0,15.0,26.3,0.0,0.612293492,1.478207252,519.4444444,1013.1,79.0,1.02809357,23.93,0,-0.885071115,-0.465455822,-1.0,-1.83772e-16,-0.707106781,-0.707106781,2022-09-03
7471.0,2022.0,9.0,3.0,15.5,26.1,0.0,1.368608209,1.179189573,356.9444444,1013.2,78.5,0.751154156,25.0,0,-0.885237984,-0.465138379,-1.0,-1.83772e-16,-0.79335334,-0.608761429,2022-09-03
7472.0,2022.0,9.0,3.0,16.0,25.9,0.0,2.124922925,0.880171894,194.4444444,1013.3,78.0,0.351253475,27.0,0,-0.885404739,-0.464820877,-1.0,-1.83772e-16,-0.866025404,-0.5,2022-09-03
7473.0,2022.0,9.0,3.0,16.5,25.75,0.0,1.946344939,1.323969424,187.5,1013.35,78.5,0.403548547,33.44,0,-0.885571381,-0.464503315,-1.0,-1.83772e-16,-0.923879533,-0.382683432,2022-09-03
7474.0,2022.0,9.0,3.0,17.0,25.6,0.0,1.767766953,1.767766953,180.5555556,1013.4,79.0,0.337131114,35.0,0,-0.885737908,-0.464185693,-1.0,-1.83772e-16,-0.965925826,-0.258819045,2022-09-03
7475.0,2022.0,9.0,3.0,17.5,24.95,0.0,1.533883477,0.883883477,120.8333334,1013.45,78.5,0.250330835,35.02,0,-0.885904322,-0.463868012,-1.0,-1.83772e-16,-0.991444861,-0.130526192,2022-09-03
7476.0,2022.0,9.0,3.0,18.0,24.3,0.0,1.3,0.0,61.11111111,1013.5,78.0,0.1211031,39.64,0,-0.886070622,-0.463550271,-1.0,-1.83772e-16,-1.0,-1.83772e-16,2022-09-03
7477.0,2022.0,9.0,3.0,18.5,23.7,0.0,1.250521696,0.248744231,30.55555556,1013.85,81.5,0.059840987,42.0,0,-0.886236807,-0.46323247,-1.0,-1.83772e-16,-0.991444861,0.130526192,2022-09-03
7478.0,2022.0,9.0,3.0,19.0,23.1,0.0,1.201043392,0.497488462,0.0,1014.2,85.0,0.0,42.0,0,-0.886402879,-0.46291461,-1.0,-1.83772e-16,-0.965925826,0.258819045,2022-09-03
7479.0,2022.0,9.0,3.0,19.5,23.15,0.0,1.307628477,0.955851012,0.0,1014.5,86.5,0.0,40.0,0,-0.886568837,-0.46259669,-1.0,-1.83772e-16,-0.923879533,0.382683432,2022-09-03
7480.0,2022.0,9.0,3.0,20.0,23.2,0.0,1.414213562,1.414213562,0.0,1014.8,88.0,0.0,38.0,0,-0.88673468,-0.462278711,-1.0,-1.83772e-16,-0.866025404,0.5,2022-09-03
7481.0,2022.0,9.0,3.0,20.5,23.1,0.0,1.769568244,1.147192728,0.0,1014.85,88.5,0.0,35.0,0,-0.88690041,-0.461960672,-1.0,-1.83772e-16,-0.79335334,0.608761429,2022-09-03
7482.0,2022.0,9.0,3.0,21.0,23.0,0.0,2.124922925,0.880171894,0.0,1014.9,89.0,0.0,34.51,0,-0.887066026,-0.461642574,-1.0,-1.83772e-16,-0.707106781,0.707106781,2022-09-03
7483.0,2022.0,9.0,3.0,21.5,22.8,0.0,1.709177136,0.70796435,0.0,1014.8,90.5,0.0,34.51,0,-0.887231527,-0.461324416,-1.0,-1.83772e-16,-0.608761429,0.79335334,2022-09-03
7484.0,2022.0,9.0,3.0,22.0,22.6,0.0,1.293431346,0.535756805,0.0,1014.7,92.0,0.0,33.92,0,-0.887396915,-0.461006199,-1.0,-1.83772e-16,-0.5,0.866025404,2022-09-03
7485.0,2022.0,9.0,3.0,22.5,22.3,0.0,1.212401098,0.833563827,0.0,1014.6,93.5,0.0,33.93,0,-0.887562188,-0.460687923,-1.0,-1.83772e-16,-0.382683432,0.923879533,2022-09-03
7486.0,2022.0,9.0,3.0,23.0,22.0,0.0,1.13137085,1.13137085,0.0,1014.5,95.0,0.0,23.93,0,-0.887727347,-0.460369588,-1.0,-1.83772e-16,-0.258819045,0.965925826,2022-09-03
7487.0,2022.0,9.0,3.0,23.5,22.05,0.0,1.060660172,1.060660172,0.0,1014.45,94.0,0.0,20.81,0,-0.887892392,-0.460051193,-1.0,-1.83772e-16,-0.130526192,0.991444861,2022-09-03
7488.0,2022.0,9.0,4.0,0.0,22.1,0.0,0.989949494,0.989949494,0.0,1014.4,93.0,0.0,18.03,0,-0.888057323,-0.459732739,-1.0,-1.83772e-16,-2.4503e-16,1.0,2022-09-04
7489.0,2022.0,9.0,4.0,0.5,22.15,0.0,1.465048256,0.896792351,0.0,1014.05,92.5,0.0,21.0,0,-0.888222139,-0.459414227,-1.0,-1.83772e-16,0.130526192,0.991444861,2022-09-04
7490.0,2022.0,9.0,4.0,1.0,22.2,0.0,1.940147018,0.803635208,0.0,1013.7,92.0,0.0,20.0,0,-0.888386841,-0.459095655,-1.0,-1.83772e-16,0.258819045,0.965925826,2022-09-04
7491.0,2022.0,9.0,4.0,1.5,22.15,0.0,1.616789182,0.669696006,0.0,1013.7,92.0,0.0,19.0,0,-0.888551429,-0.458777023,-1.0,-1.83772e-16,0.382683432,0.923879533,2022-09-04
7492.0,2022.0,9.0,4.0,2.0,22.1,0.0,1.293431346,0.535756805,0.0,1013.7,92.0,0.0,19.0,0,-0.888715903,-0.458458333,-1.0,-1.83772e-16,0.5,0.866025404,2022-09-04
7493.0,2022.0,9.0,4.0,2.5,22.15,0.0,0.895459904,0.868400099,0.0,1013.8,92.0,0.0,19.0,0,-0.888880263,-0.458139584,-1.0,-1.83772e-16,0.608761429,0.79335334,2022-09-04
7494.0,2022.0,9.0,4.0,3.0,22.2,0.0,0.497488462,1.201043392,0.0,1013.9,92.0,0.0,17.25,0,-0.889044508,-0.457820776,-1.0,-1.83772e-16,0.707106781,0.707106781,2022-09-04
7495.0,2022.0,9.0,4.0,3.5,22.25,0.0,0.516622634,1.247237369,0.0,1013.9,92.5,0.0,19.0,0,-0.889208638,-0.45750191,-1.0,-1.83772e-16,0.79335334,0.608761429,2022-09-04
7496.0,2022.0,9.0,4.0,4.0,22.3,0.0,0.535756805,1.293431346,0.0,1013.9,93.0,0.0,19.0,0,-0.889372655,-0.457182984,-1.0,-1.83772e-16,0.866025404,0.5,2022-09-04
7497.0,2022.0,9.0,4.0,4.5,22.35,0.0,0.914594075,0.914594075,0.0,1013.95,92.0,0.0,19.0,0,-0.889536557,-0.456863999,-1.0,-1.83772e-16,0.923879533,0.382683432,2022-09-04
7498.0,2022.0,9.0,4.0,5.0,22.4,0.0,1.293431346,0.535756805,0.0,1014.0,91.0,0.0,19.99,0,-0.889700345,-0.456544956,-1.0,-1.83772e-16,0.965925826,0.258819045,2022-09-04
7499.0,2022.0,9.0,4.0,5.5,22.35,0.0,1.070979742,0.692142471,9.72222222,1014.2,92.0,0.019804914,20.01,0,-0.889864018,-0.456225854,-1.0,-1.83772e-16,0.991444861,0.130526192,2022-09-04
7500.0,2022.0,9.0,4.0,6.0,22.3,0.0,0.848528137,0.848528137,19.44444444,1014.4,93.0,0.037426263,18.98,0,-0.890027576,-0.455906694,-1.0,-1.83772e-16,1.0,6.12574e-17,2022-09-04
7501.0,2022.0,9.0,4.0,6.5,22.55,0.0,0.290324867,0.747621905,43.05555556,1014.45,93.0,0.08953027,17.36,0,-0.890191021,-0.455587474,-1.0,-1.83772e-16,0.991444861,-0.130526192,2022-09-04
7502.0,2022.0,9.0,4.0,7.0,22.8,0.0,-0.267878403,0.646715673,66.66666667,1014.5,93.0,0.126111481,17.0,0,-0.89035435,-0.455268196,-1.0,-1.83772e-16,0.965925826,-0.258819045,2022-09-04
7503.0,2022.0,9.0,4.0,7.5,23.55,0.0,-0.133939201,1.073357837,218.0555555,1014.55,89.0,0.44610747,16.01,0,-0.890517566,-0.45494886,-1.0,-1.83772e-16,0.923879533,-0.382683432,2022-09-04
7504.0,2022.0,9.0,4.0,8.0,24.3,0.0,9.19e-17,1.5,369.4444444,1014.6,85.0,0.758424711,19.72,0,-0.890680666,-0.454629465,-1.0,-1.83772e-16,0.866025404,-0.5,2022-09-04
7505.0,2022.0,9.0,4.0,8.5,25.05,0.0,-0.35355339,1.103553391,384.7222222,1014.75,82.0,0.752518928,14.77,0,-0.890843653,-0.454310012,-1.0,-1.83772e-16,0.79335334,-0.608761429,2022-09-04
7506.0,2022.0,9.0,4.0,9.0,25.8,0.0,-0.707106781,0.707106781,400.0,1014.9,79.0,0.759117666,15.68,0,-0.891006524,-0.4539905,-1.0,-1.83772e-16,0.707106781,-0.707106781,2022-09-04
7507.0,2022.0,9.0,4.0,9.5,26.75,0.0,-0.35355339,1.003553391,538.8888889,1014.65,78.5,1.003485703,12.42,0,-0.891169281,-0.45367093,-1.0,-1.83772e-16,0.608761429,-0.79335334,2022-09-04
7508.0,2022.0,9.0,4.0,10.0,27.7,0.0,7.96e-17,1.3,677.7777778,1014.4,78.0,1.464816455,12.67,0,-0.891331924,-0.453351301,-1.0,-1.83772e-16,0.5,-0.866025404,2022-09-04
7509.0,2022.0,9.0,4.0,10.5,27.7,0.0,0.41574579,0.822207545,612.5,1014.1,75.5,1.315946866,16.01,0,-0.891494451,-0.453031614,-1.0,-1.83772e-16,0.382683432,-0.923879533,2022-09-04
7510.0,2022.0,9.0,4.0,11.0,27.7,0.0,0.831491579,0.344415089,547.2222222,1013.8,73.0,1.126090086,16.58,0,-0.891656864,-0.452711869,-1.0,-1.83772e-16,0.258819045,-0.965925826,2022-09-04
7511.0,2022.0,9.0,4.0,11.5,27.7,0.0,1.76574579,0.172207545,450.0,1013.6,74.0,0.857137163,16.87,0,-0.891819163,-0.452392065,-1.0,-1.83772e-16,0.130526192,-0.991444861,2022-09-04
7512.0,2022.0,9.0,4.0,12.0,27.7,0.0,2.7,0.0,352.7777778,1013.4,75.0,0.660189365,16.87,0,-0.891981346,-0.452072204,-1.0,-1.83772e-16,1.22515e-16,-1.0,2022-09-04
7513.0,2022.0,9.0,4.0,12.5,27.95,0.0,2.5,0.0,433.3333334,1013.2,75.5,0.840487014,20.0,0,-0.892143415,-0.451752284,-1.0,-1.83772e-16,-0.130526192,-0.991444861,2022-09-04
7514.0,2022.0,9.0,4.0,13.0,28.2,0.0,2.3,0.0,513.8888889,1013.0,76.0,1.056090013,20.0,0,-0.89230537,-0.451432306,-1.0,-1.83772e-16,-0.258819045,-0.965925826,2022-09-04
7515.0,2022.0,9.0,4.0,13.5,28.55,0.0,2.55,0.0,601.3888889,1012.8,75.0,1.192584213,20.0,0,-0.892467209,-0.451112271,-1.0,-1.83772e-16,-0.382683432,-0.923879533,2022-09-04
7516.0,2022.0,9.0,4.0,14.0,28.9,0.0,2.8,0.0,688.8888889,1012.6,74.0,1.466843918,20.01,0,-0.892628934,-0.450792177,-1.0,-1.83772e-16,-0.5,-0.866025404,2022-09-04
7517.0,2022.0,9.0,4.0,14.5,28.45,0.0,2.9,0.0,656.9444445,1012.55,74.0,1.342492988,23.0,0,-0.892790544,-0.450472025,-1.0,-1.83772e-16,-0.608761429,-0.79335334,2022-09-04
7518.0,2022.0,9.0,4.0,15.0,28.0,0.0,3.0,0.0,625.0,1012.5,74.0,1.194783867,22.0,0,-0.892952039,-0.450151815,-1.0,-1.83772e-16,-0.707106781,-0.707106781,2022-09-04
7519.0,2022.0,9.0,4.0,15.5,27.6,0.0,2.95,0.0,527.7777778,1012.5,75.0,1.110037481,25.0,0,-0.893113419,-0.449831547,-1.0,-1.83772e-16,-0.79335334,-0.608761429,2022-09-04
7520.0,2022.0,9.0,4.0,16.0,27.2,0.0,2.9,0.0,430.5555556,1012.5,76.0,0.827369145,27.0,0,-0.893274684,-0.449511222,-1.0,-1.83772e-16,-0.866025404,-0.5,2022-09-04
7521.0,2022.0,9.0,4.0,16.5,26.35,0.0,3.343953042,-0.784501037,334.7222223,1012.7,78.5,0.671046736,30.0,0,-0.893435835,-0.449190838,-1.0,-1.83772e-16,-0.923879533,-0.382683432,2022-09-04
7522.0,2022.0,9.0,4.0,17.0,25.5,0.0,3.787906083,-1.569002073,238.8888889,1012.9,81.0,0.475508895,33.92,0,-0.89359687,-0.448870397,-1.0,-1.83772e-16,-0.965925826,-0.258819045,2022-09-04
7523.0,2022.0,9.0,4.0,17.5,24.95,0.0,3.372160294,-0.172207544,141.6666667,1012.95,82.5,0.275903059,42.04,0,-0.893757791,-0.448549898,-1.0,-1.83772e-16,-0.991444861,-0.130526192,2022-09-04
7524.0,2022.0,9.0,4.0,18.0,24.4,0.0,2.956414504,1.224586984,44.44444444,1013.0,84.0,0.086582843,49.6,0,-0.893918597,-0.448229342,-1.0,-1.83772e-16,-1.0,-1.83772e-16,2022-09-04
7525.0,2022.0,9.0,4.0,18.5,24.15,0.0,2.586862691,1.071513611,22.22222222,1013.25,85.5,0.047909343,49.6,0,-0.894079287,-0.447908728,-1.0,-1.83772e-16,-0.991444861,0.130526192,2022-09-04
7526.0,2022.0,9.0,4.0,19.0,23.9,0.0,2.217310878,0.918440238,0.0,1013.5,87.0,0.0,49.6,0,-0.894239863,-0.447588056,-1.0,-1.83772e-16,-0.965925826,0.258819045,2022-09-04
7527.0,2022.0,9.0,4.0,19.5,23.7,0.0,2.063249594,1.413814273,0.0,1013.8,88.5,0.0,49.6,0,-0.894400324,-0.447267326,-1.0,-1.83772e-16,-0.923879533,0.382683432,2022-09-04
7528.0,2022.0,9.0,4.0,20.0,23.5,0.0,1.909188309,1.909188309,0.0,1014.1,90.0,0.0,45.0,0,-0.894560669,-0.446946539,-1.0,-1.83772e-16,-0.866025404,0.5,2022-09-04
7529.0,2022.0,9.0,4.0,20.5,23.4,0.0,2.017055617,1.394680101,0.0,1014.2,91.0,0.0,34.51,0,-0.8947209,-0.446625695,-1.0,-1.83772e-16,-0.79335334,0.608761429,2022-09-04
7530.0,2022.0,9.0,4.0,21.0,23.3,0.0,2.124922925,0.880171894,0.0,1014.3,92.0,0.0,33.44,0,-0.894881015,-0.446304793,-1.0,-1.83772e-16,-0.707106781,0.707106781,2022-09-04
7531.0,2022.0,9.0,4.0,21.5,23.2,0.0,2.032534972,0.841903551,0.0,1014.25,93.0,0.0,33.44,0,-0.895041016,-0.445983834,-1.0,-1.83772e-16,-0.608761429,0.79335334,2022-09-04
7532.0,2022.0,9.0,4.0,22.0,23.1,0.0,1.940147018,0.803635208,0.0,1014.2,94.0,0.0,25.01,0,-0.895200901,-0.445662817,-1.0,-1.83772e-16,-0.5,0.866025404,2022-09-04
7533.0,2022.0,9.0,4.0,22.5,23.1,0.0,1.571114273,1.002858368,0.0,1014.15,94.0,0.0,26.37,0,-0.895360671,-0.445341743,-1.0,-1.83772e-16,-0.382683432,0.923879533,2022-09-04
7534.0,2022.0,9.0,4.0,23.0,23.1,0.0,1.202081528,1.202081528,0.0,1014.1,94.0,0.0,22.0,0,-0.895520326,-0.445020612,-1.0,-1.83772e-16,-0.258819045,0.965925826,2022-09-04
7535.0,2022.0,9.0,4.0,23.5,23.15,0.0,1.308147545,1.308147545,0.0,1014.0,93.5,0.0,20.0,0,-0.895679866,-0.444699424,-1.0,-1.83772e-16,-0.130526192,0.991444861,2022-09-04
7536.0,2022.0,9.0,5.0,0.0,23.2,0.0,1.414213562,1.414213562,0.0,1013.9,93.0,0.0,18.0,0,-0.895839291,-0.444378178,-1.0,-1.83772e-16,-2.4503e-16,1.0,2022-09-05
7537.0,2022.0,9.0,5.0,0.5,23.15,0.0,1.484924241,1.484924241,0.0,1013.7,92.5,0.0,20.43,0,-0.8959986,-0.444056875,-1.0,-1.83772e-16,0.130526192,0.991444861,2022-09-05
7538.0,2022.0,9.0,5.0,1.0,23.1,0.0,1.555634919,1.555634919,0.0,1013.5,92.0,0.0,18.01,0,-0.896157794,-0.443735515,-1.0,-1.83772e-16,0.258819045,0.965925826,2022-09-05
7539.0,2022.0,9.0,5.0,1.5,23.05,0.0,1.484924241,1.484924241,0.0,1013.5,92.5,0.0,21.0,0,-0.896316873,-0.443414098,-1.0,-1.83772e-16,0.382683432,0.923879533,2022-09-05
7540.0,2022.0,9.0,5.0,2.0,23.0,0.0,1.414213562,1.414213562,0.0,1013.5,93.0,0.0,20.81,0,-0.896475837,-0.443092624,-1.0,-1.83772e-16,0.5,0.866025404,2022-09-05
7541.0,2022.0,9.0,5.0,2.5,22.95,0.0,1.697056275,1.697056275,0.0,1013.55,93.5,0.0,20.81,0,-0.896634685,-0.442771093,-1.0,-1.83772e-16,0.608761429,0.79335334,2022-09-05
7542.0,2022.0,9.0,5.0,3.0,22.9,0.0,1.979898987,1.979898987,0.0,1013.6,94.0,0.0,20.53,0,-0.896793418,-0.442449506,-1.0,-1.83772e-16,0.707106781,0.707106781,2022-09-05
7543.0,2022.0,9.0,5.0,3.5,22.9,0.0,1.838477631,1.838477631,0.0,1013.65,94.0,0.0,20.01,0,-0.896952036,-0.442127861,-1.0,-1.83772e-16,0.79335334,0.608761429,2022-09-05
7544.0,2022.0,9.0,5.0,4.0,22.9,0.0,1.697056275,1.697056275,0.0,1013.7,94.0,0.0,18.98,0,-0.897110538,-0.441806159,-1.0,-1.83772e-16,0.866025404,0.5,2022-09-05
7545.0,2022.0,9.0,5.0,4.5,22.85,0.0,1.697056275,1.697056275,0.0,1013.85,94.0,0.0,20.01,0,-0.897268925,-0.4414844,-1.0,-1.83772e-16,0.923879533,0.382683432,2022-09-05
7546.0,2022.0,9.0,5.0,5.0,22.8,0.0,1.697056275,1.697056275,0.0,1014.0,94.0,0.0,20.01,0,-0.897427197,-0.441162585,-1.0,-1.83772e-16,0.965925826,0.258819045,2022-09-05
7547.0,2022.0,9.0,5.0,5.5,22.9,0.0,1.449568902,1.449568902,6.944444445,1014.25,93.5,0.010027141,21.32,0,-0.897585353,-0.440840713,-1.0,-1.83772e-16,0.991444861,0.130526192,2022-09-05
7548.0,2022.0,9.0,5.0,6.0,23.0,0.0,1.202081528,1.202081528,13.88888889,1014.5,93.0,0.026856023,20.81,0,-0.897743394,-0.440518784,-1.0,-1.83772e-16,1.0,6.12574e-17,2022-09-05
7549.0,2022.0,9.0,5.0,6.5,23.25,0.0,1.096015511,1.096015511,52.77777778,1014.45,92.0,0.111142638,20.84,0,-0.897901319,-0.440196799,-1.0,-1.83772e-16,0.991444861,-0.130526192,2022-09-05
7550.0,2022.0,9.0,5.0,7.0,23.5,0.0,0.989949494,0.989949494,91.66666667,1014.4,91.0,0.187487451,20.81,0,-0.898059128,-0.439874757,-1.0,-1.83772e-16,0.965925826,-0.258819045,2022-09-05
7551.0,2022.0,9.0,5.0,7.5,24.1,0.0,1.14169042,0.762853149,186.1111111,1014.35,89.0,0.36199319,23.0,0,-0.898216823,-0.439552658,-1.0,-1.83772e-16,0.923879533,-0.382683432,2022-09-05
7552.0,2022.0,9.0,5.0,8.0,24.7,0.0,1.293431346,0.535756805,280.5555556,1014.3,87.0,0.546930651,23.37,0,-0.898374401,-0.439230503,-1.0,-1.83772e-16,0.866025404,-0.5,2022-09-05
7553.0,2022.0,9.0,5.0,8.5,24.95,0.0,1.14169042,0.762853149,266.6666667,1014.35,86.0,0.511547016,20.01,0,-0.898531865,-0.438908292,-1.0,-1.83772e-16,0.79335334,-0.608761429,2022-09-05
7554.0,2022.0,9.0,5.0,9.0,25.2,0.0,0.989949494,0.989949494,252.7777778,1014.4,85.0,0.530563897,23.93,0,-0.898689212,-0.438586024,-1.0,-1.83772e-16,0.707106781,-0.707106781,2022-09-05
7555.0,2022.0,9.0,5.0,9.5,25.3,0.0,0.954594155,0.954594155,227.7777778,1014.35,84.5,0.464804372,32.0,0,-0.898846444,-0.438263699,-1.0,-1.83772e-16,0.608761429,-0.79335334,2022-09-05
7556.0,2022.0,9.0,5.0,10.0,25.4,0.0,0.919238816,0.919238816,202.7777778,1014.3,84.0,0.448734481,33.44,0,-0.899003561,-0.437941318,-1.0,-1.83772e-16,0.5,-0.866025404,2022-09-05
7557.0,2022.0,9.0,5.0,10.5,25.65,0.0,1.166726189,1.166726189,243.0555556,1014.3,82.0,0.455730503,28.25,0,-0.899160561,-0.437618881,-1.0,-1.83772e-16,0.382683432,-0.923879533,2022-09-05
7558.0,2022.0,9.0,5.0,11.0,25.9,0.0,1.414213562,1.414213562,283.3333333,1014.3,80.0,0.627339973,33.92,0,-0.899317446,-0.437296388,-1.0,-1.83772e-16,0.258819045,-0.965925826,2022-09-05
7559.0,2022.0,9.0,5.0,11.5,26.65,0.0,1.204595243,1.908150174,351.3888889,1014.0,78.5,0.712547134,33.93,0,-0.899474216,-0.436973838,-1.0,-1.83772e-16,0.130526192,-0.991444861,2022-09-05
7560.0,2022.0,9.0,5.0,12.0,27.4,0.0,0.994976924,2.402086785,419.4444444,1013.7,77.0,0.843685478,35.0,0,-0.89963087,-0.436651232,-1.0,-1.83772e-16,1.22515e-16,-1.0,2022-09-05
7561.0,2022.0,9.0,5.0,12.5,27.7,0.0,1.063173887,1.766728817,516.6666667,1013.35,75.5,1.07592205,26.42,0,-0.899787408,-0.43632857,-1.0,-1.83772e-16,-0.130526192,-0.991444861,2022-09-05
7562.0,2022.0,9.0,5.0,13.0,28.0,0.0,1.13137085,1.13137085,613.8888889,1013.0,74.0,1.108745235,31.0,0,-0.89994383,-0.436005852,-1.0,-1.83772e-16,-0.258819045,-0.965925826,2022-09-05
7563.0,2022.0,9.0,5.0,13.5,28.5,0.0,1.535758934,0.163867821,670.8333334,1012.5,70.5,1.359692429,43.0,0,-0.900100137,-0.435683077,-1.0,-1.83772e-16,-0.382683432,-0.923879533,2022-09-05
7564.0,2022.0,9.0,5.0,14.0,29.0,0.0,1.940147018,-0.803635208,727.7777778,1012.0,67.0,1.510677837,47.0,0,-0.900256327,-0.435360247,-1.0,-1.83772e-16,-0.5,-0.866025404,2022-09-05
7565.0,2022.0,9.0,5.0,14.5,29.0,0.0,2.217310878,-0.918440238,681.9444445,1011.85,68.5,1.543190043,50.0,0,-0.900412403,-0.435037361,-1.0,-1.83772e-16,-0.608761429,-0.79335334,2022-09-05
7566.0,2022.0,9.0,5.0,15.0,29.0,0.0,2.494474738,-1.033245267,636.1111111,1011.7,70.0,1.329462639,55.0,0,-0.900568362,-0.434714419,-1.0,-1.83772e-16,-0.707106781,-0.707106781,2022-09-05
7567.0,2022.0,9.0,5.0,15.5,28.6,0.0,2.402086785,-0.038268343,523.6111111,1011.65,72.0,1.111643698,60.0,0,-0.900724205,-0.43439142,-1.0,-1.83772e-16,-0.79335334,-0.608761429,2022-09-05
7568.0,2022.0,9.0,5.0,16.0,28.2,0.0,2.309698831,0.956708581,411.1111111,1011.6,74.0,0.872985269,65.8,0,-0.900879933,-0.434068366,-1.0,-1.83772e-16,-0.866025404,-0.5,2022-09-05
7569.0,2022.0,9.0,5.0,16.5,27.45,0.0,2.540668714,-0.095670858,325.0,1011.8,77.0,0.637675559,65.8,0,-0.901035544,-0.433745257,-1.0,-1.83772e-16,-0.923879533,-0.382683432,2022-09-05
7570.0,2022.0,9.0,5.0,17.0,26.7,0.0,2.771638598,-1.148050297,238.8888889,1012.0,80.0,0.515236542,66.09,0,-0.90119104,-0.433422091,-1.0,-1.83772e-16,-0.965925826,-0.258819045,2022-09-05
7571.0,2022.0,9.0,5.0,17.5,26.05,0.0,2.771638598,0.0,148.6111111,1012.3,82.5,0.289886597,65.81,0,-0.90134642,-0.43309887,-1.0,-1.83772e-16,-0.991444861,-0.130526192,2022-09-05
7572.0,2022.0,9.0,5.0,18.0,25.4,0.0,2.771638598,1.148050297,58.33333333,1012.6,85.0,0.118029613,65.8,0,-0.901501684,-0.432775593,-1.0,-1.83772e-16,-1.0,-1.83772e-16,2022-09-05
7573.0,2022.0,9.0,5.0,18.5,24.9,0.0,2.540668714,1.052379439,29.16666667,1012.8,88.0,0.055822892,65.8,0,-0.901656832,-0.43245226,-1.0,-1.83772e-16,-0.991444861,0.130526192,2022-09-05
7574.0,2022.0,9.0,5.0,19.0,24.4,0.0,2.309698831,0.956708581,0.0,1013.0,91.0,0.0,65.8,0,-0.901811864,-0.432128871,-1.0,-1.83772e-16,-0.965925826,0.258819045,2022-09-05
7575.0,2022.0,9.0,5.0,19.5,24.25,0.0,2.204849416,0.478354291,0.0,1013.25,92.0,0.0,65.8,0,-0.90196678,-0.431805428,-1.0,-1.83772e-16,-0.923879533,0.382683432,2022-09-05
7576.0,2022.0,9.0,5.0,20.0,24.1,0.0,2.1,0.0,0.0,1013.5,93.0,0.0,52.0,0,-0.90212158,-0.431481928,-1.0,-1.83772e-16,-0.866025404,0.5,2022-09-05
7577.0,2022.0,9.0,5.0,20.5,23.95,0.0,1.88149158,0.344415089,0.0,1013.4,93.5,0.0,47.0,0,-0.902276264,-0.431158373,-1.0,-1.83772e-16,-0.79335334,0.608761429,2022-09-05
7578.0,2022.0,9.0,5.0,21.0,23.8,0.0,1.662983159,0.688830178,0.0,1013.3,94.0,0.0,41.0,0,-0.902430832,-0.430834763,-1.0,-1.83772e-16,-0.707106781,0.707106781,2022-09-05
7579.0,2022.0,9.0,5.0,21.5,23.8,0.0,1.524401229,0.631427664,0.0,1013.4,94.0,0.0,36.49,0,-0.902585284,-0.430511097,-1.0,-1.83772e-16,-0.608761429,0.79335334,2022-09-05
7580.0,2022.0,9.0,5.0,22.0,23.8,0.0,1.385819299,0.574025149,0.0,1013.5,94.0,0.0,33.93,0,-0.90273962,-0.430187376,-1.0,-1.83772e-16,-0.5,0.866025404,2022-09-05
7581.0,2022.0,9.0,5.0,22.5,23.8,0.0,1.292909649,0.287012575,0.0,1013.3,94.5,0.0,33.93,0,-0.90289384,-0.429863599,-1.0,-1.83772e-16,-0.382683432,0.923879533,2022-09-05
7582.0,2022.0,9.0,5.0,23.0,23.8,0.0,1.2,0.0,0.0,1013.1,95.0,0.0,26.0,0,-0.903047944,-0.429539767,-1.0,-1.83772e-16,-0.258819045,0.965925826,2022-09-05
7583.0,2022.0,9.0,5.0,23.5,23.75,0.0,1.130330086,0.530330086,0.0,1012.85,96.0,0.0,24.0,0,-0.903201931,-0.42921588,-1.0,-1.83772e-16,-0.130526192,0.991444861,2022-09-05
7584.0,2022.0,9.0,6.0,0.0,23.7,0.0,1.060660172,1.060660172,0.0,1012.6,97.0,0.0,21.0,0,-0.903355802,-0.428891938,-1.0,-1.83772e-16,-2.4503e-16,1.0,2022-09-06
7585.0,2022.0,9.0,6.0,0.5,23.6,0.0,1.038463829,0.740805974,0.0,1012.25,98.0,0.0,24.0,0,-0.903509557,-0.42856794,-1.0,-1.83772e-16,0.130526192,0.991444861,2022-09-06
7586.0,2022.0,9.0,6.0,1.0,23.5,0.0,1.016267486,0.420951776,0.0,1011.9,99.0,0.0,23.0,0,-0.903663196,-0.428243888,-1.0,-1.83772e-16,0.258819045,0.965925826,2022-09-06
7587.0,2022.0,9.0,6.0,1.5,23.5,0.0,1.016267486,0.420951776,0.0,1011.75,99.0,0.0,23.0,0,-0.903816719,-0.42791978,-1.0,-1.83772e-16,0.382683432,0.923879533,2022-09-06
7588.0,2022.0,9.0,6.0,2.0,23.5,0.0,1.016267486,0.420951776,0.0,1011.6,99.0,0.0,23.0,0,-0.903970125,-0.427595618,-1.0,-1.83772e-16,0.5,0.866025404,2022-09-06
7589.0,2022.0,9.0,6.0,2.5,23.5,0.0,0.508133743,0.860475888,0.0,1011.65,99.0,0.0,22.8,0,-0.904123416,-0.4272714,-1.0,-1.83772e-16,0.608761429,0.79335334,2022-09-06
7590.0,2022.0,9.0,6.0,3.0,23.5,0.0,7.96e-17,1.3,0.0,1011.7,99.0,0.0,23.93,0,-0.90427659,-0.426947127,-1.0,-1.83772e-16,0.707106781,0.707106781,2022-09-06
7591.0,2022.0,9.0,6.0,3.5,23.4,0.0,0.248744231,1.250521696,0.0,1011.6,99.5,0.0,23.93,0,-0.904429647,-0.4266228,-1.0,-1.83772e-16,0.79335334,0.608761429,2022-09-06
7592.0,2022.0,9.0,6.0,4.0,23.3,0.0,0.497488462,1.201043392,0.0,1011.5,100.0,0.0,24.0,0,-0.904582588,-0.426298417,-1.0,-1.83772e-16,0.866025404,0.5,2022-09-06
7593.0,2022.0,9.0,6.0,4.5,23.15,0.0,0.708363639,1.060141104,0.0,1011.45,99.5,0.0,24.0,0,-0.904735413,-0.42597398,-1.0,-1.83772e-16,0.923879533,0.382683432,2022-09-06
7594.0,2022.0,9.0,6.0,5.0,23.0,0.0,0.919238816,0.919238816,0.0,1011.4,99.0,0.0,23.93,0,-0.904888122,-0.425649488,-1.0,-1.83772e-16,0.965925826,0.258819045,2022-09-06
7595.0,2022.0,9.0,6.0,5.5,23.0,0.0,0.746631983,1.152529058,13.88888889,1011.4,99.5,0.028818984,24.0,0,-0.905040714,-0.425324941,-1.0,-1.83772e-16,0.991444861,0.130526192,2022-09-06
7596.0,2022.0,9.0,6.0,6.0,23.0,0.0,0.574025149,1.385819299,27.77777778,1011.4,100.0,0.060023325,24.0,0,-0.90519319,-0.42500034,-1.0,-1.83772e-16,1.0,6.12574e-17,2022-09-06
7597.0,2022.0,9.0,6.0,6.5,23.95,0.0,0.640565965,0.339356259,106.9444444,1011.4,96.0,0.207874069,23.5,0,-0.905345549,-0.424675684,-1.0,-1.83772e-16,0.991444861,-0.130526192,2022-09-06
7598.0,2022.0,9.0,6.0,7.0,24.9,0.0,0.707106781,-0.707106781,186.1111111,1011.4,92.0,0.398263755,20.81,0,-0.905497792,-0.424350973,-1.0,-1.83772e-16,0.965925826,-0.258819045,2022-09-06
7599.0,2022.0,9.0,6.0,7.5,25.95,0.0,0.954594155,-0.954594155,265.2777778,1011.3,88.0,0.530098688,20.81,0,-0.905649919,-0.424026208,-1.0,-1.83772e-16,0.923879533,-0.382683432,2022-09-06
7600.0,2022.0,9.0,6.0,8.0,27.0,0.0,1.202081528,-1.202081528,344.4444444,1011.2,84.0,0.648929113,22.41,0,-0.905801929,-0.423701388,-1.0,-1.83772e-16,0.866025404,-0.5,2022-09-06
7601.0,2022.0,9.0,6.0,8.5,27.75,0.0,1.328139285,-2.356411876,388.8888889,1011.1,81.0,0.773753263,20.01,0,-0.905953822,-0.423376514,-1.0,-1.83772e-16,0.79335334,-0.608761429,2022-09-06
7602.0,2022.0,9.0,6.0,9.0,28.5,0.0,1.454197043,-3.510742224,433.3333333,1011.0,78.0,0.837665434,27.0,0,-0.906105599,-0.423051585,-1.0,-1.83772e-16,0.707106781,-0.707106781,2022-09-06
7603.0,2022.0,9.0,6.0,9.5,28.4,0.0,1.281989499,-3.094996434,452.7777778,1010.8,78.0,0.90647405,35.0,0,-0.906257259,-0.422726602,-1.0,-1.83772e-16,0.608761429,-0.79335334,2022-09-06
7604.0,2022.0,9.0,6.0,10.0,28.3,0.0,1.109781954,-2.679250644,472.2222222,1010.6,78.0,0.939693695,38.37,0,-0.906408803,-0.422401564,-1.0,-1.83772e-16,0.5,-0.866025404,2022-09-06
7605.0,2022.0,9.0,6.0,10.5,29.55,0.0,1.396794528,-3.372160294,518.0555556,1010.05,72.0,1.097027687,35.02,0,-0.906560231,-0.422076472,-1.0,-1.83772e-16,0.382683432,-0.923879533,2022-09-06
7606.0,2022.0,9.0,6.0,11.0,30.8,0.0,1.683807102,-4.065069943,563.8888889,1009.5,66.0,1.081845891,38.0,0,-0.906711541,-0.421751326,-1.0,-1.83772e-16,0.258819045,-0.965925826,2022-09-06
7607.0,2022.0,9.0,6.0,11.5,30.65,0.0,0.841903551,-4.032534972,498.6111111,1009.25,66.5,1.007398044,38.0,0,-0.906862735,-0.421426125,-1.0,-1.83772e-16,0.130526192,-0.991444861,2022-09-06
7608.0,2022.0,9.0,6.0,12.0,30.5,0.0,-7.35e-16,-4.0,433.3333333,1009.0,67.0,0.874129482,39.01,0,-0.907013813,-0.421100871,-1.0,-1.83772e-16,1.22515e-16,-1.0,2022-09-06
7609.0,2022.0,9.0,6.0,12.5,31.35,0.0,-8.18e-16,-4.45,616.6666667,1008.6,61.5,1.201027065,35.02,0,-0.907164774,-0.420775562,-1.0,-1.83772e-16,-0.130526192,-0.991444861,2022-09-06
7610.0,2022.0,9.0,6.0,13.0,32.2,0.0,-9e-16,-4.9,800.0,1008.2,56.0,1.568806899,39.64,0,-0.907315618,-0.420450199,-1.0,-1.83772e-16,-0.258819045,-0.965925826,2022-09-06
7611.0,2022.0,9.0,6.0,13.5,32.1,0.0,-8.27e-16,-4.5,712.5,1007.65,57.0,1.44902677,45.0,0,-0.907466345,-0.420124782,-1.0,-1.83772e-16,-0.382683432,-0.923879533,2022-09-06
7612.0,2022.0,9.0,6.0,14.0,32.0,0.0,-7.53e-16,-4.1,625.0,1007.1,58.0,1.11901112,50.0,0,-0.907616956,-0.419799311,-1.0,-1.83772e-16,-0.5,-0.866025404,2022-09-06
7613.0,2022.0,9.0,6.0,14.5,31.7,0.0,-7.63e-16,-4.15,525.0,1007.2,59.5,1.013615433,50.01,0,-0.90776745,-0.419473786,-1.0,-1.83772e-16,-0.608761429,-0.79335334,2022-09-06
7614.0,2022.0,9.0,6.0,15.0,31.4,0.0,-7.72e-16,-4.2,425.0,1007.3,61.0,0.818814198,55.25,0,-0.907917827,-0.419148207,-1.0,-1.83772e-16,-0.707106781,-0.707106781,2022-09-06
7615.0,2022.0,9.0,6.0,15.5,30.2,0.0,-0.746232693,-3.901565089,288.8888889,1007.55,66.0,0.578160239,64.56,0,-0.908068087,-0.418822574,-1.0,-1.83772e-16,-0.79335334,-0.608761429,2022-09-06
7616.0,2022.0,9.0,6.0,16.0,29.0,0.0,-1.492465386,-3.603130177,152.7777778,1007.8,71.0,0.292418098,64.56,0,-0.908218231,-0.418496887,-1.0,-1.83772e-16,-0.866025404,-0.5,2022-09-06
7617.0,2022.0,9.0,6.0,16.5,29.35,0.0,-0.746232693,-4.451565089,191.6666667,1007.5,68.5,0.368211899,65.41,0,-0.908368258,-0.418171147,-1.0,-1.83772e-16,-0.923879533,-0.382683432,2022-09-06
7618.0,2022.0,9.0,6.0,17.0,29.7,0.0,-9.74e-16,-5.3,230.5555556,1007.2,66.0,0.442197241,77.24,0,-0.908518168,-0.417845353,-1.0,-1.83772e-16,-0.965925826,-0.258819045,2022-09-06
7619.0,2022.0,9.0,6.0,17.5,29.25,0.0,-9.56e-16,-5.2,143.0555556,1007.35,67.5,0.275474201,67.0,0,-0.908667961,-0.417519504,-1.0,-1.83772e-16,-0.991444861,-0.130526192,2022-09-06
7620.0,2022.0,9.0,6.0,18.0,28.8,0.0,-9.37e-16,-5.1,55.55555556,1007.5,69.0,0.108181053,66.73,0,-0.908817637,-0.417193603,-1.0,-1.83772e-16,-1.0,-1.83772e-16,2022-09-06
7621.0,2022.0,9.0,6.0,18.5,28.15,0.0,0.497488462,-3.751043392,27.77777778,1007.9,73.0,0.058441724,64.57,0,-0.908967197,-0.416867647,-1.0,-1.83772e-16,-0.991444861,0.130526192,2022-09-06
7622.0,2022.0,9.0,6.0,19.0,27.5,0.0,0.994976924,-2.402086785,0.0,1008.3,77.0,0.0,64.57,0,-0.909116639,-0.416541638,-1.0,-1.83772e-16,-0.965925826,0.258819045,2022-09-06
7623.0,2022.0,9.0,6.0,19.5,27.2,0.0,1.205452812,-2.910220528,0.0,1008.25,79.5,0.0,64.56,0,-0.909265965,-0.416215575,-1.0,-1.83772e-16,-0.923879533,0.382683432,2022-09-06
7624.0,2022.0,9.0,6.0,20.0,26.9,0.0,1.4159287,-3.41835427,0.0,1008.2,82.0,0.0,60.5,0,-0.909415173,-0.415889459,-1.0,-1.83772e-16,-0.866025404,0.5,2022-09-06
7625.0,2022.0,9.0,6.0,20.5,26.6,0.0,1.435062872,-3.464548247,0.0,1008.1,84.5,0.0,50.0,0,-0.909564265,-0.41556329,-1.0,-1.83772e-16,-0.79335334,0.608761429,2022-09-06
7626.0,2022.0,9.0,6.0,21.0,26.3,0.0,1.454197043,-3.510742224,0.0,1008.0,87.0,0.0,50.0,0,-0.90971324,-0.415237066,-1.0,-1.83772e-16,-0.707106781,0.707106781,2022-09-06
7627.0,2022.0,9.0,6.0,21.5,26.2,0.0,1.281989499,-3.094996434,0.0,1007.95,88.0,0.0,39.64,0,-0.909862097,-0.41491079,-1.0,-1.83772e-16,-0.608761429,0.79335334,2022-09-06
7628.0,2022.0,9.0,6.0,22.0,26.1,0.0,1.109781954,-2.679250644,0.0,1007.9,89.0,0.0,34.28,0,-0.910010838,-0.41458446,-1.0,-1.83772e-16,-0.5,0.866025404,2022-09-06
7629.0,2022.0,9.0,6.0,22.5,26.05,0.0,1.128916126,-2.725444621,0.0,1007.75,89.5,0.0,38.57,0,-0.910159462,-0.414258077,-1.0,-1.83772e-16,-0.382683432,0.923879533,2022-09-06
7630.0,2022.0,9.0,6.0,23.0,26.0,0.0,1.148050297,-2.771638598,0.0,1007.6,90.0,0.0,33.44,0,-0.910307968,-0.41393164,-1.0,-1.83772e-16,-0.258819045,0.965925826,2022-09-06
7631.0,2022.0,9.0,6.0,23.5,25.95,0.0,0.994976924,-2.402086785,0.0,1007.7,90.5,0.0,24.21,0,-0.910456358,-0.413605151,-1.0,-1.83772e-16,-0.130526192,0.991444861,2022-09-06
7632.0,2022.0,9.0,7.0,0.0,25.9,0.0,0.841903551,-2.032534972,0.0,1007.8,91.0,0.0,21.23,0,-0.91060463,-0.413278608,-1.0,-1.83772e-16,-2.4503e-16,1.0,2022-09-07
7633.0,2022.0,9.0,7.0,0.5,25.7,0.0,0.951281862,-1.546597572,0.0,1007.75,92.0,0.0,24.0,0,-0.910752785,-0.412952012,-1.0,-1.83772e-16,0.130526192,0.991444861,2022-09-07
7634.0,2022.0,9.0,7.0,1.0,25.5,0.0,1.060660172,-1.060660172,0.0,1007.7,93.0,0.0,23.0,0,-0.910900823,-0.412625363,-1.0,-1.83772e-16,0.258819045,0.965925826,2022-09-07
7635.0,2022.0,9.0,7.0,1.5,25.45,0.0,0.848528138,-0.848528138,0.0,1007.8,93.5,0.0,20.38,0,-0.911048744,-0.41229866,-1.0,-1.83772e-16,0.382683432,0.923879533,2022-09-07
7636.0,2022.0,9.0,7.0,2.0,25.4,0.0,0.636396103,-0.636396103,0.0,1007.9,94.0,0.0,18.3,0,-0.911196548,-0.411971905,-1.0,-1.83772e-16,0.5,0.866025404,2022-09-07
7637.0,2022.0,9.0,7.0,2.5,25.5,0.0,1.096015511,-1.096015511,0.0,1007.85,93.5,0.0,17.9,0,-0.911344235,-0.411645097,-1.0,-1.83772e-16,0.608761429,0.79335334,2022-09-07
7638.0,2022.0,9.0,7.0,3.0,25.6,0.0,1.555634919,-1.555634919,0.0,1007.8,93.0,0.0,18.98,0,-0.911491804,-0.411318236,-1.0,-1.83772e-16,0.707106781,0.707106781,2022-09-07
7639.0,2022.0,9.0,7.0,3.5,25.45,0.0,1.414213563,-1.414213563,0.0,1007.95,94.0,0.0,20.01,0,-0.911639256,-0.410991321,-1.0,-1.83772e-16,0.79335334,0.608761429,2022-09-07
7640.0,2022.0,9.0,7.0,4.0,25.3,0.0,1.272792206,-1.272792206,0.0,1008.1,95.0,0.0,20.0,0,-0.911786591,-0.410664354,-1.0,-1.83772e-16,0.866025404,0.5,2022-09-07
7641.0,2022.0,9.0,7.0,4.5,25.35,0.0,1.421693706,-0.961677021,0.0,1008.2,94.5,0.0,20.01,0,-0.911933809,-0.410337335,-1.0,-1.83772e-16,0.923879533,0.382683432,2022-09-07
7642.0,2022.0,9.0,7.0,5.0,25.4,0.0,1.570595205,-0.650561835,0.0,1008.3,94.0,0.0,20.01,0,-0.912080909,-0.410010262,-1.0,-1.83772e-16,0.965925826,0.258819045,2022-09-07
7643.0,2022.0,9.0,7.0,5.5,25.65,0.0,1.335297603,-0.325280918,2.777777778,1008.65,93.5,0.001231161,20.01,0,-0.912227892,-0.409683137,-1.0,-1.83772e-16,0.991444861,0.130526192,2022-09-07
7644.0,2022.0,9.0,7.0,6.0,25.9,0.0,1.1,0.0,5.555555556,1009.0,93.0,0.005115374,22.0,0,-0.912374758,-0.409355959,-1.0,-1.83772e-16,1.0,6.12574e-17,2022-09-07
7645.0,2022.0,9.0,7.0,6.5,26.3,0.0,1.15,0.0,54.16666668,1009.15,91.5,0.104789241,20.01,0,-0.912521506,-0.409028728,-1.0,-1.83772e-16,0.991444861,-0.130526192,2022-09-07
7646.0,2022.0,9.0,7.0,7.0,26.7,0.0,1.2,0.0,102.7777778,1009.3,90.0,0.203945313,20.01,0,-0.912668137,-0.408701445,-1.0,-1.83772e-16,0.965925826,-0.258819045,2022-09-07
7647.0,2022.0,9.0,7.0,7.5,27.0,0.0,0.944415089,-0.83149158,122.2222223,1009.4,88.5,0.234722344,20.81,0,-0.912814651,-0.408374109,-1.0,-1.83772e-16,0.923879533,-0.382683432,2022-09-07
7648.0,2022.0,9.0,7.0,8.0,27.3,0.0,0.688830178,-1.662983159,141.6666667,1009.5,87.0,0.287718743,24.0,0,-0.912961047,-0.408046721,-1.0,-1.83772e-16,0.866025404,-0.5,2022-09-07
7649.0,2022.0,9.0,7.0,8.5,28.0,0.0,0.841903551,-2.032534972,225.0,1009.6,85.5,0.481071318,24.12,0,-0.913107326,-0.40771928,-1.0,-1.83772e-16,0.79335334,-0.608761429,2022-09-07
7650.0,2022.0,9.0,7.0,9.0,28.7,0.0,0.994976924,-2.402086785,308.3333333,1009.7,84.0,0.664756744,33.25,0,-0.913253487,-0.407391787,-1.0,-1.83772e-16,0.707106781,-0.707106781,2022-09-07
7651.0,2022.0,9.0,7.0,9.5,28.35,0.0,1.033245268,-2.494474738,348.6111111,1009.8,85.5,0.682962496,39.64,0,-0.913399531,-0.407064241,-1.0,-1.83772e-16,0.608761429,-0.79335334,2022-09-07
7652.0,2022.0,9.0,7.0,10.0,28.0,0.0,1.071513611,-2.586862691,388.8888889,1009.9,87.0,0.857164749,39.0,0,-0.913545458,-0.406736643,-1.0,-1.83772e-16,0.5,-0.866025404,2022-09-07
7653.0,2022.0,9.0,7.0,10.5,28.2,0.0,0.535756805,-2.193431346,281.9444445,1009.75,85.5,0.599713477,37.0,0,-0.913691267,-0.406408993,-1.0,-1.83772e-16,0.382683432,-0.923879533,2022-09-07
7654.0,2022.0,9.0,7.0,11.0,28.4,0.0,-3.31e-16,-1.8,175.0,1009.6,84.0,0.328472381,38.0,0,-0.913836958,-0.40608129,-1.0,-1.83772e-16,0.258819045,-0.965925826,2022-09-07
7655.0,2022.0,9.0,7.0,11.5,28.15,0.0,1.166726189,-2.066726189,187.5,1009.6,84.5,0.338623349,45.0,0,-0.913982532,-0.405753535,-1.0,-1.83772e-16,0.130526192,-0.991444861,2022-09-07
7656.0,2022.0,9.0,7.0,12.0,27.9,0.0,2.333452378,-2.333452378,200.0,1009.6,85.0,0.404123704,45.0,0,-0.914127988,-0.405425728,-1.0,-1.83772e-16,1.22515e-16,-1.0,2022-09-07
7657.0,2022.0,9.0,7.0,12.5,27.8,0.0,1.817288024,-2.737321395,208.3333334,1009.5,83.5,0.404660391,40.1,0,-0.914273327,-0.405097869,-1.0,-1.83772e-16,-0.130526192,-0.991444861,2022-09-07
7658.0,2022.0,9.0,7.0,13.0,27.7,0.0,1.30112367,-3.141190411,216.6666667,1009.4,82.0,0.43004291,49.49,0,-0.914418548,-0.404769958,-1.0,-1.83772e-16,-0.258819045,-0.965925826,2022-09-07
7659.0,2022.0,9.0,7.0,13.5,27.85,0.0,1.887998702,-2.808032073,213.8888889,1009.3,81.0,0.435677933,63.77,0,-0.914563652,-0.404441995,-1.0,-1.83772e-16,-0.382683432,-0.923879533,2022-09-07
7660.0,2022.0,9.0,7.0,14.0,28.0,0.0,2.474873734,-2.474873734,211.1111111,1009.2,80.0,0.417333539,63.77,0,-0.914708638,-0.404113979,-1.0,-1.83772e-16,-0.5,-0.866025404,2022-09-07
7661.0,2022.0,9.0,7.0,14.5,27.6,0.0,2.192031022,-2.192031022,141.6666667,1009.35,79.5,0.287471796,63.77,0,-0.914853506,-0.403785912,-1.0,-1.83772e-16,-0.608761429,-0.79335334,2022-09-07
7662.0,2022.0,9.0,7.0,15.0,27.2,0.0,1.909188309,-1.909188309,72.22222222,1009.5,79.0,0.141577218,63.77,0,-0.914998257,-0.403457793,-1.0,-1.83772e-16,-0.707106781,-0.707106781,2022-09-07
7663.0,2022.0,9.0,7.0,15.5,26.1,2.75,0.954594155,-0.954594155,58.33333333,1009.8,88.5,0.115082907,66.22,0,-0.915142889,-0.403129622,-1.0,-1.83772e-16,-0.79335334,-0.608761429,2022-09-07
7664.0,2022.0,9.0,7.0,16.0,25.0,5.5,0.0,0.0,44.44444444,1010.1,98.0,0.096461872,65.3,0,-0.915287405,-0.402801399,-1.0,-1.83772e-16,-0.866025404,-0.5,2022-09-07
7665.0,2022.0,9.0,7.0,16.5,25.2,3.25,0.923879533,0.382683433,47.22222222,1010.25,97.5,0.090943451,67.1,0,-0.915431802,-0.402473124,-1.0,-1.83772e-16,-0.923879533,-0.382683432,2022-09-07
7666.0,2022.0,9.0,7.0,17.0,25.4,1.0,1.847759065,0.765366865,50.0,1010.4,97.0,0.103799807,77.84,0,-0.915576082,-0.402144797,-1.0,-1.83772e-16,-0.965925826,-0.258819045,2022-09-07
7667.0,2022.0,9.0,7.0,17.5,25.25,0.75,1.595630975,1.054434875,34.72222222,1010.55,97.5,0.075856181,70.95,0,-0.915720244,-0.401816419,-1.0,-1.83772e-16,-0.991444861,-0.130526192,2022-09-07
7668.0,2022.0,9.0,7.0,18.0,25.1,0.5,1.343502884,1.343502884,19.44444444,1010.7,98.0,0.038487049,67.1,0,-0.915864288,-0.401487989,-1.0,-1.83772e-16,-1.0,-1.83772e-16,2022-09-07
7669.0,2022.0,9.0,7.0,18.5,24.65,2.0,1.590990258,1.590990258,9.72222222,1010.95,98.5,0.015747109,66.17,0,-0.916008215,-0.401159508,-1.0,-1.83772e-16,-0.991444861,0.130526192,2022-09-07
7670.0,2022.0,9.0,7.0,19.0,24.2,3.5,1.838477631,1.838477631,0.0,1011.2,99.0,0.0,63.77,0,-0.916152023,-0.400830974,-1.0,-1.83772e-16,-0.965925826,0.258819045,2022-09-07
7671.0,2022.0,9.0,7.0,19.5,23.9,2.0,1.590990258,1.590990258,0.0,1011.45,99.0,0.0,60.2,0,-0.916295714,-0.40050239,-1.0,-1.83772e-16,-0.923879533,0.382683432,2022-09-07
7672.0,2022.0,9.0,7.0,20.0,23.6,0.5,1.343502884,1.343502884,0.0,1011.7,99.0,0.0,52.0,0,-0.916439287,-0.400173753,-1.0,-1.83772e-16,-0.866025404,0.5,2022-09-07
7673.0,2022.0,9.0,7.0,20.5,23.65,0.25,1.272792206,1.272792206,0.0,1011.8,99.5,0.0,47.0,0,-0.916582742,-0.399845066,-1.0,-1.83772e-16,-0.79335334,0.608761429,2022-09-07
7674.0,2022.0,9.0,7.0,21.0,23.7,0.0,1.202081528,1.202081528,0.0,1011.9,100.0,0.0,44.01,0,-0.916726079,-0.399516327,-1.0,-1.83772e-16,-0.707106781,0.707106781,2022-09-07
7675.0,2022.0,9.0,7.0,21.5,23.65,1.25,0.888053339,1.293950414,0.0,1011.9,100.0,0.0,35.02,0,-0.916869299,-0.399187536,-1.0,-1.83772e-16,-0.608761429,0.79335334,2022-09-07
7676.0,2022.0,9.0,7.0,22.0,23.6,2.5,0.574025149,1.385819299,0.0,1011.9,100.0,0.0,29.99,0,-0.9170124,-0.398858694,-1.0,-1.83772e-16,-0.5,0.866025404,2022-09-07
7677.0,2022.0,9.0,7.0,22.5,23.65,2.25,1.257086084,1.094727253,0.0,1011.85,100.0,0.0,28.86,0,-0.917155384,-0.398529801,-1.0,-1.83772e-16,-0.382683432,0.923879533,2022-09-07
7678.0,2022.0,9.0,7.0,23.0,23.7,2.0,1.940147018,0.803635208,0.0,1011.8,100.0,0.0,32.81,0,-0.917298249,-0.398200857,-1.0,-1.83772e-16,-0.258819045,0.965925826,2022-09-07
7679.0,2022.0,9.0,7.0,23.5,23.7,1.0,1.818601647,1.250345741,0.0,1011.7,100.0,0.0,25.0,0,-0.917440997,-0.397871861,-1.0,-1.83772e-16,-0.130526192,0.991444861,2022-09-07
7680.0,2022.0,9.0,8.0,0.0,23.7,0.0,1.697056275,1.697056275,0.0,1011.6,100.0,0.0,21.0,0,-0.917583626,-0.397542814,-1.0,-1.83772e-16,-2.4503e-16,1.0,2022-09-08
7681.0,2022.0,9.0,8.0,0.5,23.3,2.25,1.598528138,0.848528138,0.0,1011.75,99.0,0.0,25.0,0,-0.917726138,-0.397213716,-1.0,-1.83772e-16,0.130526192,0.991444861,2022-09-08
7682.0,2022.0,9.0,8.0,1.0,22.9,4.5,1.5,0.0,0.0,1011.9,98.0,0.0,24.0,0,-0.917868531,-0.396884567,-1.0,-1.83772e-16,0.258819045,0.965925826,2022-09-08
7683.0,2022.0,9.0,8.0,1.5,22.25,16.25,0.520389941,-0.55432772,0.0,1012.05,98.5,0.0,23.93,0,-0.918010806,-0.396555367,-1.0,-1.83772e-16,0.382683432,0.923879533,2022-09-08
7684.0,2022.0,9.0,8.0,2.0,21.6,28.0,-0.459220119,-1.108655439,0.0,1012.2,99.0,0.0,24.0,0,-0.918152964,-0.396226116,-1.0,-1.83772e-16,0.5,0.866025404,2022-09-08
7685.0,2022.0,9.0,8.0,2.5,21.8,20.0,0.0475538,-0.669132749,0.0,1011.95,99.5,0.0,24.0,0,-0.918295003,-0.395896814,-1.0,-1.83772e-16,0.608761429,0.79335334,2022-09-08
7686.0,2022.0,9.0,8.0,3.0,22.0,12.0,0.55432772,-0.229610059,0.0,1011.7,100.0,0.0,25.0,0,-0.918436924,-0.395567461,-1.0,-1.83772e-16,0.707106781,0.707106781,2022-09-08
7687.0,2022.0,9.0,8.0,3.5,22.4,11.25,0.50677392,0.43952269,0.0,1011.75,100.0,0.0,25.0,0,-0.918578727,-0.395238057,-1.0,-1.83772e-16,0.79335334,0.608761429,2022-09-08
7688.0,2022.0,9.0,8.0,4.0,22.8,10.5,0.459220119,1.108655439,0.0,1011.8,100.0,0.0,25.0,0,-0.918720412,-0.394908603,-1.0,-1.83772e-16,0.866025404,0.5,2022-09-08
7689.0,2022.0,9.0,8.0,4.5,22.8,7.25,0.901361502,1.226079162,0.0,1011.9,99.5,0.0,25.0,0,-0.918861979,-0.394579097,-1.0,-1.83772e-16,0.923879533,0.382683432,2022-09-08
7690.0,2022.0,9.0,8.0,5.0,22.8,4.0,1.343502884,1.343502884,0.0,1012.0,99.0,0.0,27.0,0,-0.919003427,-0.394249541,-1.0,-1.83772e-16,0.965925826,0.258819045,2022-09-08
7691.0,2022.0,9.0,8.0,5.5,22.85,2.0,1.364661092,0.958764017,8.333333335,1012.2,98.5,0.01317553,27.0,0,-0.919144758,-0.393919934,-1.0,-1.83772e-16,0.991444861,0.130526192,2022-09-08
7692.0,2022.0,9.0,8.0,6.0,22.9,0.0,1.385819299,0.574025149,16.66666667,1012.4,98.0,0.033557387,27.0,0,-0.91928597,-0.393590277,-1.0,-1.83772e-16,1.0,6.12574e-17,2022-09-08
7693.0,2022.0,9.0,8.0,6.5,22.85,0.0,1.132995597,1.349474037,33.33333334,1012.9,98.0,0.063377403,25.0,0,-0.919427064,-0.393260568,-1.0,-1.83772e-16,0.991444861,-0.130526192,2022-09-08
7694.0,2022.0,9.0,8.0,7.0,22.8,0.0,0.880171894,2.124922925,50.0,1013.4,98.0,0.10311603,24.21,0,-0.919568039,-0.39293081,-1.0,-1.83772e-16,0.965925826,-0.258819045,2022-09-08
7695.0,2022.0,9.0,8.0,7.5,23.25,0.0,1.217903407,1.840278922,94.44444445,1013.6,96.0,0.19374483,24.0,0,-0.919708897,-0.392601,-1.0,-1.83772e-16,0.923879533,-0.382683432,2022-09-08
7696.0,2022.0,9.0,8.0,8.0,23.7,0.0,1.555634919,1.555634919,138.8888889,1013.8,94.0,0.269559988,25.5,0,-0.919849636,-0.392271141,-1.0,-1.83772e-16,0.866025404,-0.5,2022-09-08
7697.0,2022.0,9.0,8.0,8.5,24.45,0.0,1.838477632,1.838477632,269.4444445,1013.85,90.5,0.525387461,25.0,0,-0.919990256,-0.39194123,-1.0,-1.83772e-16,0.79335334,-0.608761429,2022-09-08
7698.0,2022.0,9.0,8.0,9.0,25.2,0.0,2.121320344,2.121320344,400.0,1013.9,87.0,0.793591159,40.0,0,-0.920130759,-0.39161127,-1.0,-1.83772e-16,0.707106781,-0.707106781,2022-09-08
7699.0,2022.0,9.0,8.0,9.5,25.35,0.0,1.803122292,1.803122292,308.3333334,1013.95,87.0,0.587287263,57.95,0,-0.920271143,-0.391281259,-1.0,-1.83772e-16,0.608761429,-0.79335334,2022-09-08
7700.0,2022.0,9.0,8.0,10.0,25.5,0.0,1.48492424,1.48492424,216.6666667,1014.0,87.0,0.432694162,50.01,0,-0.920411409,-0.390951197,-1.0,-1.83772e-16,0.5,-0.866025404,2022-09-08
7701.0,2022.0,9.0,8.0,10.5,25.05,0.0,1.259084754,1.989699489,195.8333334,1014.0,86.5,0.39939101,58.52,0,-0.920551556,-0.390621086,-1.0,-1.83772e-16,0.382683432,-0.923879533,2022-09-08
7702.0,2022.0,9.0,8.0,11.0,24.6,0.0,1.033245267,2.494474738,175.0,1014.0,86.0,0.359687044,58.17,0,-0.920691585,-0.390290924,-1.0,-1.83772e-16,0.258819045,-0.965925826,2022-09-08
7703.0,2022.0,9.0,8.0,11.5,25.1,0.0,1.506572127,2.237186863,247.2222222,1013.55,84.0,0.50422981,60.0,0,-0.920831496,-0.389960712,-1.0,-1.83772e-16,0.130526192,-0.991444861,2022-09-08
7704.0,2022.0,9.0,8.0,12.0,25.6,0.0,1.979898987,1.979898987,319.4444444,1013.1,82.0,0.602625078,65.15,0,-0.920971288,-0.38963045,-1.0,-1.83772e-16,1.22515e-16,-1.0,2022-09-08
7705.0,2022.0,9.0,8.0,12.5,25.4,0.0,1.353498754,1.86763505,243.0555556,1012.85,83.5,0.484898992,55.0,0,-0.921110961,-0.389300137,-1.0,-1.83772e-16,-0.130526192,-0.991444861,2022-09-08
7706.0,2022.0,9.0,8.0,13.0,25.2,0.0,0.727098521,1.755371112,166.6666667,1012.6,85.0,0.334646627,57.99,0,-0.921250517,-0.388969775,-1.0,-1.83772e-16,-0.258819045,-0.965925826,2022-09-08
7707.0,2022.0,9.0,8.0,13.5,25.25,0.0,0.858524008,1.372660303,159.7222223,1012.25,85.0,0.339726779,67.15,0,-0.921389953,-0.388639362,-1.0,-1.83772e-16,-0.382683432,-0.923879533,2022-09-08
7708.0,2022.0,9.0,8.0,14.0,25.3,0.0,0.989949494,0.989949494,152.7777778,1011.9,85.0,0.284229411,67.15,0,-0.921529271,-0.3883089,-1.0,-1.83772e-16,-0.5,-0.866025404,2022-09-08
7709.0,2022.0,9.0,8.0,14.5,25.3,0.0,0.820255665,1.28027235,137.5,1011.75,84.0,0.286717324,67.15,0,-0.921668471,-0.387978388,-1.0,-1.83772e-16,-0.608761429,-0.79335334,2022-09-08
7710.0,2022.0,9.0,8.0,15.0,25.3,0.0,0.650561835,1.570595205,122.2222222,1011.6,83.0,0.230446713,67.15,0,-0.921807552,-0.387647825,-1.0,-1.83772e-16,-0.707106781,-0.707106781,2022-09-08
7711.0,2022.0,9.0,8.0,15.5,25.0,0.0,0.961677021,1.421693706,109.7222222,1012.0,84.0,0.200023542,67.15,0,-0.921946515,-0.387317213,-1.0,-1.83772e-16,-0.79335334,-0.608761429,2022-09-08
7712.0,2022.0,9.0,8.0,16.0,24.7,0.0,1.272792206,1.272792206,97.22222222,1012.4,85.0,0.190930917,67.15,0,-0.922085359,-0.386986551,-1.0,-1.83772e-16,-0.866025404,-0.5,2022-09-08
7713.0,2022.0,9.0,8.0,16.5,24.2,0.0,1.732411614,1.732411614,62.5,1012.6,84.5,0.113733159,67.15,0,-0.922224084,-0.38665584,-1.0,-1.83772e-16,-0.923879533,-0.382683432,2022-09-08
7714.0,2022.0,9.0,8.0,17.0,23.7,0.0,2.192031022,2.192031022,27.77777778,1012.8,84.0,0.056997143,67.15,0,-0.922362691,-0.386325078,-1.0,-1.83772e-16,-0.965925826,-0.258819045,2022-09-08
7715.0,2022.0,9.0,8.0,17.5,22.85,0.0,1.612638145,2.34325288,18.05555556,1012.85,89.5,0.037766155,67.15,0,-0.922501179,-0.385994267,-1.0,-1.83772e-16,-0.991444861,-0.130526192,2022-09-08
7716.0,2022.0,9.0,8.0,18.0,22.0,0.0,1.033245267,2.494474738,8.333333333,1012.9,95.0,0.014631817,65.0,0,-0.922639549,-0.385663406,-1.0,-1.83772e-16,-1.0,-1.83772e-16,2022-09-08
7717.0,2022.0,9.0,8.0,18.5,22.0,0.0,0.841903551,2.032534972,4.166666667,1013.15,96.0,0.005253587,64.0,0,-0.9227778,-0.385332496,-1.0,-1.83772e-16,-0.991444861,0.130526192,2022-09-08
7718.0,2022.0,9.0,8.0,19.0,22.0,0.0,0.650561835,1.570595205,0.0,1013.4,97.0,0.0,62.07,0,-0.922915932,-0.385001536,-1.0,-1.83772e-16,-0.965925826,0.258819045,2022-09-08
7719.0,2022.0,9.0,8.0,19.5,22.1,0.0,1.067743038,1.527759723,0.0,1013.1,95.5,0.0,58.0,0,-0.923053945,-0.384670527,-1.0,-1.83772e-16,-0.923879533,0.382683432,2022-09-08
7720.0,2022.0,9.0,8.0,20.0,22.2,0.0,1.48492424,1.48492424,0.0,1012.8,94.0,0.0,54.0,0,-0.92319184,-0.384339468,-1.0,-1.83772e-16,-0.866025404,0.5,2022-09-08
7721.0,2022.0,9.0,8.0,20.5,22.25,0.0,0.74246212,1.64246212,0.0,1013.0,93.5,0.0,49.0,0,-0.923329616,-0.384008359,-1.0,-1.83772e-16,-0.79335334,0.608761429,2022-09-08
7722.0,2022.0,9.0,8.0,21.0,22.3,0.0,1.1e-16,1.8,0.0,1013.2,93.0,0.0,43.0,0,-0.923467273,-0.383677201,-1.0,-1.83772e-16,-0.707106781,0.707106781,2022-09-08
7723.0,2022.0,9.0,8.0,21.5,22.2,0.25,-0.877685556,1.263549261,0.0,1013.15,95.5,0.0,33.92,0,-0.923604812,-0.383345994,-1.0,-1.83772e-16,-0.608761429,0.79335334,2022-09-08
7724.0,2022.0,9.0,8.0,22.0,22.1,0.5,-1.755371112,0.727098521,0.0,1013.1,98.0,0.0,30.0,0,-0.923742232,-0.383014738,-1.0,-1.83772e-16,-0.5,0.866025404,2022-09-08
7725.0,2022.0,9.0,8.0,22.5,21.9,0.25,-1.620147676,1.106011381,0.0,1013.1,98.5,0.0,31.24,0,-0.923879533,-0.382683432,-1.0,-1.83772e-16,-0.382683432,0.923879533,2022-09-08
7726.0,2022.0,9.0,8.0,23.0,21.7,0.0,-1.48492424,1.48492424,0.0,1013.1,99.0,0.0,27.0,0,-0.924016715,-0.382352077,-1.0,-1.83772e-16,-0.258819045,0.965925826,2022-09-08
7727.0,2022.0,9.0,8.0,23.5,21.65,0.0,-0.818998807,0.557686214,0.0,1012.7,99.5,0.0,25.0,0,-0.924153778,-0.382020673,-1.0,-1.83772e-16,-0.130526192,0.991444861,2022-09-08
7728.0,2022.0,9.0,9.0,0.0,21.6,0.0,-0.153073373,-0.369551813,0.0,1012.3,100.0,0.0,21.0,0,-0.924290722,-0.38168922,-1.0,-1.83772e-16,-2.4503e-16,1.0,2022-09-09
7729.0,2022.0,9.0,9.0,0.5,21.7,0.0,-0.288668721,0.027356128,0.0,1012.2,100.0,0.0,23.01,0,-0.924427548,-0.381357718,-1.0,-1.83772e-16,0.130526192,0.991444861,2022-09-09
7730.0,2022.0,9.0,9.0,1.0,21.8,0.0,-0.424264069,0.424264069,0.0,1012.1,100.0,0.0,23.6,0,-0.924564254,-0.381026167,-1.0,-1.83772e-16,0.258819045,0.965925826,2022-09-09
7731.0,2022.0,9.0,9.0,1.5,21.65,0.5,-0.636396103,0.636396103,0.0,1012.0,100.0,0.0,23.93,0,-0.924700842,-0.380694566,-1.0,-1.83772e-16,0.382683432,0.923879533,2022-09-09
7732.0,2022.0,9.0,9.0,2.0,21.5,1.0,-0.848528137,0.848528137,0.0,1011.9,100.0,0.0,23.93,0,-0.924837311,-0.380362917,-1.0,-1.83772e-16,0.5,0.866025404,2022-09-09
7733.0,2022.0,9.0,9.0,2.5,21.35,0.5,-0.919238816,0.919238816,0.0,1011.9,100.0,0.0,26.0,0,-0.924973661,-0.380031219,-1.0,-1.83772e-16,0.608761429,0.79335334,2022-09-09
7734.0,2022.0,9.0,9.0,3.0,21.2,0.0,-0.989949494,0.989949494,0.0,1011.9,100.0,0.0,26.0,0,-0.925109891,-0.379699472,-1.0,-1.83772e-16,0.707106781,0.707106781,2022-09-09
7735.0,2022.0,9.0,9.0,3.5,21.2,0.0,-0.883883477,0.883883477,0.0,1011.65,100.0,0.0,36.02,0,-0.925246003,-0.379367676,-1.0,-1.83772e-16,0.79335334,0.608761429,2022-09-09
7736.0,2022.0,9.0,9.0,4.0,21.2,0.0,-0.777817459,0.777817459,0.0,1011.4,100.0,0.0,40.0,0,-0.925381996,-0.379035831,-1.0,-1.83772e-16,0.866025404,0.5,2022-09-09
7737.0,2022.0,9.0,9.0,4.5,21.2,0.0,-0.813172798,0.813172798,0.0,1011.45,100.0,0.0,40.0,0,-0.92551787,-0.378703938,-1.0,-1.83772e-16,0.923879533,0.382683432,2022-09-09
7738.0,2022.0,9.0,9.0,5.0,21.2,0.0,-0.848528137,0.848528137,0.0,1011.5,100.0,0.0,39.79,0,-0.925653625,-0.378371995,-1.0,-1.83772e-16,0.965925826,0.258819045,2022-09-09
7739.0,2022.0,9.0,9.0,5.5,21.35,0.0,-0.932397812,0.21378818,4.166666667,1011.85,100.0,0.005080356,42.4,0,-0.925789261,-0.378040005,-1.0,-1.83772e-16,0.991444861,0.130526192,2022-09-09
7740.0,2022.0,9.0,9.0,6.0,21.5,0.0,-1.016267486,-0.420951776,8.333333333,1012.2,100.0,0.015571069,31.1,0,-0.925924777,-0.377707965,-1.0,-1.83772e-16,1.0,6.12574e-17,2022-09-09
7741.0,2022.0,9.0,9.0,6.5,21.65,0.0,-0.508133743,-0.210475888,19.44444445,1012.3,100.0,0.038350638,28.5,0,-0.926060175,-0.377375877,-1.0,-1.83772e-16,0.991444861,-0.130526192,2022-09-09
7742.0,2022.0,9.0,9.0,7.0,21.8,0.0,0.0,0.0,30.55555556,1012.4,100.0,0.063487149,26.0,0,-0.926195453,-0.377043741,-1.0,-1.83772e-16,0.965925826,-0.258819045,2022-09-09
7743.0,2022.0,9.0,9.0,7.5,22.25,0.0,0.210475888,-0.508133743,98.61111113,1012.4,98.5,0.202496741,25.0,0,-0.926330613,-0.376711556,-1.0,-1.83772e-16,0.923879533,-0.382683432,2022-09-09
7744.0,2022.0,9.0,9.0,8.0,22.7,0.0,0.420951776,-1.016267486,166.6666667,1012.4,97.0,0.349019703,23.93,0,-0.926465653,-0.376379322,-1.0,-1.83772e-16,0.866025404,-0.5,2022-09-09
7745.0,2022.0,9.0,9.0,8.5,23.15,0.0,1.180549397,-0.106316139,186.1111112,1012.4,94.5,0.374589004,20.01,0,-0.926600574,-0.37604704,-1.0,-1.83772e-16,0.79335334,-0.608761429,2022-09-09
7746.0,2022.0,9.0,9.0,9.0,23.6,0.0,1.940147018,0.803635208,205.5555556,1012.4,92.0,0.401580909,26.01,0,-0.926735376,-0.37571471,-1.0,-1.83772e-16,0.707106781,-0.707106781,2022-09-09
7747.0,2022.0,9.0,9.0,9.5,23.7,0.0,1.940147018,0.803635208,188.8888889,1012.4,91.0,0.378519967,34.51,0,-0.926870059,-0.375382331,-1.0,-1.83772e-16,0.608761429,-0.79335334,2022-09-09
7748.0,2022.0,9.0,9.0,10.0,23.8,0.0,1.940147018,0.803635208,172.2222222,1012.4,90.0,0.362369373,35.32,0,-0.927004622,-0.375049904,-1.0,-1.83772e-16,0.5,-0.866025404,2022-09-09
7749.0,2022.0,9.0,9.0,10.5,24.35,0.0,1.237951912,1.048533277,208.3333333,1012.3,87.5,0.431175638,34.51,0,-0.927139066,-0.374717429,-1.0,-1.83772e-16,0.382683432,-0.923879533,2022-09-09
7750.0,2022.0,9.0,9.0,11.0,24.9,0.0,0.535756805,1.293431346,244.4444444,1012.2,85.0,0.550758884,35.02,0,-0.927273391,-0.374384906,-1.0,-1.83772e-16,0.258819045,-0.965925826,2022-09-09
7751.0,2022.0,9.0,9.0,11.5,25.4,0.0,0.868400099,0.895459904,412.5,1012.0,82.5,0.802175397,39.64,0,-0.927407597,-0.374052334,-1.0,-1.83772e-16,0.130526192,-0.991444861,2022-09-09
7752.0,2022.0,9.0,9.0,12.0,25.9,0.0,1.201043392,0.497488462,580.5555556,1011.8,80.0,1.164259701,39.64,0,-0.927541684,-0.373719715,-1.0,-1.83772e-16,1.22515e-16,-1.0,2022-09-09
7753.0,2022.0,9.0,9.0,12.5,26.3,0.0,0.810997584,0.756877974,448.6111112,1011.35,81.5,0.830232839,26.88,0,-0.927675651,-0.373387047,-1.0,-1.83772e-16,-0.130526192,-0.991444861,2022-09-09
7754.0,2022.0,9.0,9.0,13.0,26.7,0.0,0.420951776,1.016267486,316.6666667,1010.9,83.0,0.690438146,26.42,0,-0.927809499,-0.373054331,-1.0,-1.83772e-16,-0.258819045,-0.965925826,2022-09-09
7755.0,2022.0,9.0,9.0,13.5,26.9,0.0,-0.114805029,1.293431346,441.6666667,1010.7,80.0,0.904807402,39.64,0,-0.927943227,-0.372721568,-1.0,-1.83772e-16,-0.382683432,-0.923879533,2022-09-09
7756.0,2022.0,9.0,9.0,14.0,27.1,0.0,-0.650561835,1.570595205,566.6666667,1010.5,77.0,1.133434778,40.22,0,-0.928076836,-0.372388756,-1.0,-1.83772e-16,-0.5,-0.866025404,2022-09-09
7757.0,2022.0,9.0,9.0,14.5,27.35,0.0,0.205049169,0.254967517,425.0,1010.3,76.0,0.844599631,41.22,0,-0.928210326,-0.372055897,-1.0,-1.83772e-16,-0.608761429,-0.79335334,2022-09-09
7758.0,2022.0,9.0,9.0,15.0,27.6,0.0,1.060660172,-1.060660172,283.3333333,1010.1,75.0,0.545493102,45.79,0,-0.928343697,-0.371722989,-1.0,-1.83772e-16,-0.707106781,-0.707106781,2022-09-09
7759.0,2022.0,9.0,9.0,15.5,26.5,0.0,2.030330086,-0.530330086,218.0555556,1010.3,78.0,0.422755712,45.0,0,-0.928476948,-0.371390034,-1.0,-1.83772e-16,-0.79335334,-0.608761429,2022-09-09
7760.0,2022.0,9.0,9.0,16.0,25.4,0.0,3.0,0.0,152.7777778,1010.5,81.0,0.284722574,60.9,0,-0.928610079,-0.371057031,-1.0,-1.83772e-16,-0.866025404,-0.5,2022-09-09
7761.0,2022.0,9.0,9.0,16.5,25.0,0.0,2.516267486,0.420951776,93.05555556,1010.85,82.5,0.177087104,65.2,0,-0.928743092,-0.370723981,-1.0,-1.83772e-16,-0.923879533,-0.382683432,2022-09-09
7762.0,2022.0,9.0,9.0,17.0,24.6,0.0,2.032534972,0.841903551,33.33333333,1011.2,84.0,0.070060168,70.0,0,-0.928875984,-0.370390882,-1.0,-1.83772e-16,-0.965925826,-0.258819045,2022-09-09
7763.0,2022.0,9.0,9.0,17.5,24.2,0.0,1.709177136,0.70796435,26.38888889,1011.3,85.5,0.048382673,65.2,0,-0.929008758,-0.370057736,-1.0,-1.83772e-16,-0.991444861,-0.130526192,2022-09-09
7764.0,2022.0,9.0,9.0,18.0,23.8,0.0,1.385819299,0.574025149,19.44444444,1011.4,87.0,0.039371722,65.2,0,-0.929141411,-0.369724543,-1.0,-1.83772e-16,-1.0,-1.83772e-16,2022-09-09
7765.0,2022.0,9.0,9.0,18.5,23.6,0.0,1.662983159,0.688830179,9.72222222,1011.8,87.5,0.015036728,65.2,0,-0.929273946,-0.369391302,-1.0,-1.83772e-16,-0.991444861,0.130526192,2022-09-09
7766.0,2022.0,9.0,9.0,19.0,23.4,0.0,1.940147018,0.803635208,0.0,1012.2,88.0,0.0,65.0,0,-0.92940636,-0.369058013,-1.0,-1.83772e-16,-0.965925826,0.258819045,2022-09-09
7767.0,2022.0,9.0,9.0,19.5,23.25,0.0,2.263504855,0.93757441,0.0,1012.5,89.0,0.0,62.0,0,-0.929538656,-0.368724677,-1.0,-1.83772e-16,-0.923879533,0.382683432,2022-09-09
7768.0,2022.0,9.0,9.0,20.0,23.1,0.0,2.586862691,1.071513611,0.0,1012.8,90.0,0.0,45.63,0,-0.929670831,-0.368391294,-1.0,-1.83772e-16,-0.866025404,0.5,2022-09-09
7769.0,2022.0,9.0,9.0,20.5,22.9,0.0,1.89447211,1.13679757,0.0,1012.85,88.5,0.0,52.0,0,-0.929802888,-0.368057863,-1.0,-1.83772e-16,-0.79335334,0.608761429,2022-09-09
7770.0,2022.0,9.0,9.0,21.0,22.7,0.0,1.202081528,1.202081528,0.0,1012.9,87.0,0.0,45.0,0,-0.929934824,-0.367724385,-1.0,-1.83772e-16,-0.707106781,0.707106781,2022-09-09
7771.0,2022.0,9.0,9.0,21.5,22.5,0.0,1.237436867,1.237436867,0.0,1012.7,88.5,0.0,35.0,0,-0.930066641,-0.367390859,-1.0,-1.83772e-16,-0.608761429,0.79335334,2022-09-09
7772.0,2022.0,9.0,9.0,22.0,22.3,0.0,1.272792206,1.272792206,0.0,1012.5,90.0,0.0,32.0,0,-0.930198338,-0.367057286,-1.0,-1.83772e-16,-0.5,0.866025404,2022-09-09
7773.0,2022.0,9.0,9.0,22.5,22.3,0.0,1.096015511,1.096015511,0.0,1012.85,90.0,0.0,29.0,0,-0.930329916,-0.366723666,-1.0,-1.83772e-16,-0.382683432,0.923879533,2022-09-09
7774.0,2022.0,9.0,9.0,23.0,22.3,0.0,0.919238816,0.919238816,0.0,1013.2,90.0,0.0,29.0,0,-0.930461374,-0.366389999,-1.0,-1.83772e-16,-0.258819045,0.965925826,2022-09-09
7775.0,2022.0,9.0,9.0,23.5,22.2,0.0,1.060660172,1.060660172,0.0,1013.05,90.5,0.0,23.35,0,-0.930592712,-0.366056285,-1.0,-1.83772e-16,-0.130526192,0.991444861,2022-09-09
7776.0,2022.0,9.0,10.0,0.0,22.1,0.0,1.202081528,1.202081528,0.0,1012.9,91.0,0.0,20.01,0,-0.930723931,-0.365722523,-1.0,-1.83772e-16,-2.4503e-16,1.0,2022-09-10
7777.0,2022.0,9.0,10.0,0.5,21.8,0.0,0.601040764,1.201040764,0.0,1012.8,92.0,0.0,21.99,0,-0.93085503,-0.365388715,-1.0,-1.83772e-16,0.130526192,0.991444861,2022-09-10
7778.0,2022.0,9.0,10.0,1.0,21.5,0.0,7.35e-17,1.2,0.0,1012.7,93.0,0.0,23.0,0,-0.930986009,-0.36505486,-1.0,-1.83772e-16,0.258819045,0.965925826,2022-09-10
7779.0,2022.0,9.0,10.0,1.5,21.55,0.0,8.88e-17,1.45,0.0,1012.65,93.0,0.0,20.42,0,-0.931116869,-0.364720957,-1.0,-1.83772e-16,0.382683432,0.923879533,2022-09-10
7780.0,2022.0,9.0,10.0,2.0,21.6,0.0,1.04e-16,1.7,0.0,1012.6,93.0,0.0,19.05,0,-0.931247608,-0.364387008,-1.0,-1.83772e-16,0.5,0.866025404,2022-09-10
7781.0,2022.0,9.0,10.0,2.5,21.25,0.0,0.27716386,0.73519497,0.0,1012.55,95.5,0.0,19.05,0,-0.931378228,-0.364053012,-1.0,-1.83772e-16,0.608761429,0.79335334,2022-09-10
7782.0,2022.0,9.0,10.0,3.0,20.9,0.0,0.55432772,-0.229610059,0.0,1012.5,98.0,0.0,19.05,0,-0.931508729,-0.363718969,-1.0,-1.83772e-16,0.707106781,0.707106781,2022-09-10
7783.0,2022.0,9.0,10.0,3.5,20.85,0.0,0.545042263,0.531910644,0.0,1012.6,99.0,0.0,17.82,0,-0.931639109,-0.363384879,-1.0,-1.83772e-16,0.79335334,0.608761429,2022-09-10
7784.0,2022.0,9.0,10.0,4.0,20.8,0.0,0.535756805,1.293431346,0.0,1012.7,100.0,0.0,17.73,0,-0.93176937,-0.363050743,-1.0,-1.83772e-16,0.866025404,0.5,2022-09-10
7785.0,2022.0,9.0,10.0,4.5,20.9,0.0,0.133939201,0.970073509,0.0,1012.9,100.0,0.0,19.05,0,-0.93189951,-0.36271656,-1.0,-1.83772e-16,0.923879533,0.382683432,2022-09-10
7786.0,2022.0,9.0,10.0,5.0,21.0,0.0,-0.267878403,0.646715673,0.0,1013.1,100.0,0.0,19.05,0,-0.932029531,-0.36238233,-1.0,-1.83772e-16,0.965925826,0.258819045,2022-09-10
7787.0,2022.0,9.0,10.0,5.5,20.95,0.0,-0.306146746,0.739103626,8.333333335,1013.3,100.0,0.016346525,19.05,0,-0.932159432,-0.362048054,-1.0,-1.83772e-16,0.991444861,0.130526192,2022-09-10
7788.0,2022.0,9.0,10.0,6.0,20.9,0.0,-0.344415089,0.831491579,16.66666667,1013.5,100.0,0.034725372,15.0,0,-0.932289213,-0.361713731,-1.0,-1.83772e-16,1.0,6.12574e-17,2022-09-10
7789.0,2022.0,9.0,10.0,6.5,22.15,0.0,-0.172207544,1.16574579,91.66666669,1013.55,94.5,0.19099533,17.2,0,-0.932418874,-0.361379361,-1.0,-1.83772e-16,0.991444861,-0.130526192,2022-09-10
7790.0,2022.0,9.0,10.0,7.0,23.4,0.0,9.19e-17,1.5,166.6666667,1013.6,89.0,0.315129051,3.0,0,-0.932548416,-0.361044945,-1.0,-1.83772e-16,0.965925826,-0.258819045,2022-09-10
7791.0,2022.0,9.0,10.0,7.5,24.2,0.0,0.636396103,1.386396103,283.3333334,1013.75,84.0,0.53339124,10.0,0,-0.932677837,-0.360710483,-1.0,-1.83772e-16,0.923879533,-0.382683432,2022-09-10
7792.0,2022.0,9.0,10.0,8.0,25.0,0.0,1.272792206,1.272792206,400.0,1013.9,79.0,0.823777559,16.0,0,-0.932807138,-0.360375974,-1.0,-1.83772e-16,0.866025404,-0.5,2022-09-10
7793.0,2022.0,9.0,10.0,8.5,25.7,0.0,1.87383297,1.87383297,477.7777778,1014.05,72.5,1.033430142,15.82,0,-0.93293632,-0.360041419,-1.0,-1.83772e-16,0.79335334,-0.608761429,2022-09-10
7794.0,2022.0,9.0,10.0,9.0,26.4,0.0,2.474873734,2.474873734,555.5555556,1014.2,66.0,1.09876672,12.67,0,-0.933065381,-0.359706818,-1.0,-1.83772e-16,0.707106781,-0.707106781,2022-09-10
7795.0,2022.0,9.0,10.0,9.5,26.8,0.0,2.669450142,1.830596187,630.5555556,1014.3,61.5,1.20154511,12.26,0,-0.933194323,-0.35937217,-1.0,-1.83772e-16,0.608761429,-0.79335334,2022-09-10
7796.0,2022.0,9.0,10.0,10.0,27.2,0.0,2.864026551,1.18631864,705.5555556,1014.4,57.0,1.408323291,18.0,0,-0.933323144,-0.359037476,-1.0,-1.83772e-16,0.5,-0.866025404,2022-09-10
7797.0,2022.0,9.0,10.0,10.5,27.35,0.0,2.956414504,1.224586984,752.7777778,1014.25,56.5,1.445953925,19.5,0,-0.933451845,-0.358702736,-1.0,-1.83772e-16,0.382683432,-0.923879533,2022-09-10
7798.0,2022.0,9.0,10.0,11.0,27.5,0.0,3.048802457,1.262855327,800.0,1014.1,56.0,1.584089202,17.0,0,-0.933580426,-0.35836795,-1.0,-1.83772e-16,0.258819045,-0.965925826,2022-09-10
7799.0,2022.0,9.0,10.0,11.5,27.5,0.0,2.771638598,1.148050297,804.1666667,1013.95,54.5,1.734682353,16.1,0,-0.933708888,-0.358033117,-1.0,-1.83772e-16,0.130526192,-0.991444861,2022-09-10
7800.0,2022.0,9.0,10.0,12.0,27.5,0.0,2.494474738,1.033245267,808.3333333,1013.8,53.0,1.608985128,13.57,0,-0.933837229,-0.357698239,-1.0,-1.83772e-16,1.22515e-16,-1.0,2022-09-10
7801.0,2022.0,9.0,10.0,12.5,27.9,0.0,2.725444621,1.128916126,787.5,1013.5,52.0,1.552391654,12.24,0,-0.93396545,-0.357363314,-1.0,-1.83772e-16,-0.130526192,-0.991444861,2022-09-10
7802.0,2022.0,9.0,10.0,13.0,28.3,0.0,2.956414504,1.224586984,766.6666667,1013.2,51.0,1.523108609,12.26,0,-0.934093551,-0.357028344,-1.0,-1.83772e-16,-0.258819045,-0.965925826,2022-09-10
7803.0,2022.0,9.0,10.0,13.5,27.95,0.0,2.771638598,1.148050298,756.9444445,1013.0,48.5,1.344372919,15.69,0,-0.934221531,-0.356693328,-1.0,-1.83772e-16,-0.382683432,-0.923879533,2022-09-10
7804.0,2022.0,9.0,10.0,14.0,27.6,0.0,2.586862691,1.071513611,747.2222222,1012.8,46.0,1.538212199,19.05,0,-0.934349392,-0.356358266,-1.0,-1.83772e-16,-0.5,-0.866025404,2022-09-10
7805.0,2022.0,9.0,10.0,14.5,27.5,0.0,2.956414504,1.224586984,670.8333333,1012.75,48.5,1.267011912,23.0,0,-0.934477133,-0.356023158,-1.0,-1.83772e-16,-0.608761429,-0.79335334,2022-09-10
7806.0,2022.0,9.0,10.0,15.0,27.4,0.0,3.325966317,1.377660357,594.4444444,1012.7,51.0,1.119448706,23.0,0,-0.934604753,-0.355688004,-1.0,-1.83772e-16,-0.707106781,-0.707106781,2022-09-10
7807.0,2022.0,9.0,10.0,15.5,26.75,0.0,3.187384387,1.320257842,505.5555556,1012.85,54.5,1.003711398,20.01,0,-0.934732253,-0.355352804,-1.0,-1.83772e-16,-0.79335334,-0.608761429,2022-09-10
7808.0,2022.0,9.0,10.0,16.0,26.1,0.0,3.048802457,1.262855327,416.6666667,1013.0,58.0,0.807005778,23.66,0,-0.934859633,-0.355017559,-1.0,-1.83772e-16,-0.866025404,-0.5,2022-09-10
7809.0,2022.0,9.0,10.0,16.5,25.2,0.0,2.956414504,1.224586984,311.1111112,1013.15,61.5,0.611461506,23.99,0,-0.934986892,-0.354682268,-1.0,-1.83772e-16,-0.923879533,-0.382683432,2022-09-10
7810.0,2022.0,9.0,10.0,17.0,24.3,0.0,2.864026551,1.18631864,205.5555556,1013.3,65.0,0.41104363,33.62,0,-0.935114031,-0.354346932,-1.0,-1.83772e-16,-0.965925826,-0.258819045,2022-09-10
7811.0,2022.0,9.0,10.0,17.5,23.5,0.0,2.245186074,1.406332119,115.2777778,1013.45,68.5,0.227291387,34.46,0,-0.935241051,-0.35401155,-1.0,-1.83772e-16,-0.991444861,-0.130526192,2022-09-10
7812.0,2022.0,9.0,10.0,18.0,22.7,0.0,1.626345597,1.626345597,25.0,1013.6,72.0,0.046293476,40.0,0,-0.935367949,-0.353676122,-1.0,-1.83772e-16,-1.0,-1.83772e-16,2022-09-10
7813.0,2022.0,9.0,10.0,18.5,22.45,0.0,1.272392918,1.921828238,12.5,1013.8,72.5,0.025290149,35.0,0,-0.935494728,-0.353340649,-1.0,-1.83772e-16,-0.991444861,0.130526192,2022-09-10
7814.0,2022.0,9.0,10.0,19.0,22.2,0.0,0.918440238,2.217310878,0.0,1014.0,73.0,0.0,34.11,0,-0.935621386,-0.353005131,-1.0,-1.83772e-16,-0.965925826,0.258819045,2022-09-10
7815.0,2022.0,9.0,10.0,19.5,21.8,0.0,1.343103596,1.992538916,0.0,1014.5,79.0,0.0,33.62,0,-0.935747924,-0.352669567,-1.0,-1.83772e-16,-0.923879533,0.382683432,2022-09-10
7816.0,2022.0,9.0,10.0,20.0,21.4,0.0,1.767766953,1.767766953,0.0,1015.0,85.0,0.0,31.42,0,-0.935874341,-0.352333957,-1.0,-1.83772e-16,-0.866025404,0.5,2022-09-10
7817.0,2022.0,9.0,10.0,20.5,21.4,0.0,1.87383297,1.87383297,0.0,1015.0,84.0,0.0,27.71,0,-0.936000638,-0.351998303,-1.0,-1.83772e-16,-0.79335334,0.608761429,2022-09-10
7818.0,2022.0,9.0,10.0,21.0,21.4,0.0,1.979898987,1.979898987,0.0,1015.0,83.0,0.0,23.99,0,-0.936126815,-0.351662603,-1.0,-1.83772e-16,-0.707106781,0.707106781,2022-09-10
7819.0,2022.0,9.0,10.0,21.5,21.3,0.0,1.87383297,1.87383297,0.0,1015.05,82.0,0.0,33.62,0,-0.936252871,-0.351326858,-1.0,-1.83772e-16,-0.608761429,0.79335334,2022-09-10
7820.0,2022.0,9.0,10.0,22.0,21.2,0.0,1.767766953,1.767766953,0.0,1015.1,81.0,0.0,23.93,0,-0.936378807,-0.350991067,-1.0,-1.83772e-16,-0.5,0.866025404,2022-09-10
7821.0,2022.0,9.0,10.0,22.5,21.05,0.0,1.323969424,1.946344939,0.0,1015.0,80.0,0.0,29.99,0,-0.936504623,-0.350655232,-1.0,-1.83772e-16,-0.382683432,0.923879533,2022-09-10
7822.0,2022.0,9.0,10.0,23.0,20.9,0.0,0.880171894,2.124922925,0.0,1014.9,79.0,0.0,23.0,0,-0.936630318,-0.350319351,-1.0,-1.83772e-16,-0.258819045,0.965925826,2022-09-10
7823.0,2022.0,9.0,10.0,23.5,20.15,0.0,0.440085947,2.012461463,0.0,1014.8,82.5,0.0,21.99,0,-0.936755892,-0.349983426,-1.0,-1.83772e-16,-0.130526192,0.991444861,2022-09-10
7824.0,2022.0,9.0,11.0,0.0,19.4,0.0,1.16e-16,1.9,0.0,1014.7,86.0,0.0,18.03,0,-0.936881346,-0.349647455,-1.0,-1.83772e-16,-2.4503e-16,1.0,2022-09-11
7825.0,2022.0,9.0,11.0,0.5,19.65,0.0,-0.530330086,1.480330086,0.0,1014.65,86.5,0.0,21.0,0,-0.93700668,-0.34931144,-1.0,-1.83772e-16,0.130526192,0.991444861,2022-09-11
7826.0,2022.0,9.0,11.0,1.0,19.9,0.0,-1.060660172,1.060660172,0.0,1014.6,87.0,0.0,21.02,0,-0.937131893,-0.348975379,-1.0,-1.83772e-16,0.258819045,0.965925826,2022-09-11
7827.0,2022.0,9.0,11.0,1.5,19.95,0.0,-0.919238816,0.919238816,0.0,1014.3,87.5,0.0,17.48,0,-0.937256985,-0.348639274,-1.0,-1.83772e-16,0.382683432,0.923879533,2022-09-11
7828.0,2022.0,9.0,11.0,2.0,20.0,0.0,-0.777817459,0.777817459,0.0,1014.0,88.0,0.0,17.47,0,-0.937381957,-0.348303124,-1.0,-1.83772e-16,0.5,0.866025404,2022-09-11
7829.0,2022.0,9.0,11.0,2.5,19.85,0.0,-0.813172798,0.813172798,0.0,1014.0,87.5,0.0,17.02,0,-0.937506809,-0.347966929,-1.0,-1.83772e-16,0.608761429,0.79335334,2022-09-11
7830.0,2022.0,9.0,11.0,3.0,19.7,0.0,-0.848528137,0.848528137,0.0,1014.0,87.0,0.0,16.85,0,-0.93763154,-0.347630689,-1.0,-1.83772e-16,0.707106781,0.707106781,2022-09-11
7831.0,2022.0,9.0,11.0,3.5,19.85,0.0,-0.932397812,0.634739957,0.0,1014.05,85.5,0.0,16.85,0,-0.93775615,-0.347294404,-1.0,-1.83772e-16,0.79335334,0.608761429,2022-09-11
7832.0,2022.0,9.0,11.0,4.0,20.0,0.0,-1.016267486,0.420951776,0.0,1014.1,84.0,0.0,15.92,0,-0.93788064,-0.346958075,-1.0,-1.83772e-16,0.866025404,0.5,2022-09-11
7833.0,2022.0,9.0,11.0,4.5,20.0,0.0,-1.154849416,0.478354291,0.0,1014.25,84.5,0.0,16.66,0,-0.938005009,-0.346621701,-1.0,-1.83772e-16,0.923879533,0.382683432,2022-09-11
7834.0,2022.0,9.0,11.0,5.0,20.0,0.0,-1.293431346,0.535756805,0.0,1014.4,85.0,0.0,16.9,0,-0.938129257,-0.346285283,-1.0,-1.83772e-16,0.965925826,0.258819045,2022-09-11
7835.0,2022.0,9.0,11.0,5.5,20.2,0.0,-1.212401098,0.833563827,5.555555555,1014.6,84.5,0.008656288,16.68,0,-0.938253385,-0.34594882,-1.0,-1.83772e-16,0.991444861,0.130526192,2022-09-11
7836.0,2022.0,9.0,11.0,6.0,20.4,0.0,-1.13137085,1.13137085,11.11111111,1014.8,84.0,0.023269121,18.98,0,-0.938377392,-0.345612313,-1.0,-1.83772e-16,1.0,6.12574e-17,2022-09-11
7837.0,2022.0,9.0,11.0,6.5,21.0,0.0,-0.833563827,1.212401098,55.55555556,1014.8,82.5,0.111224648,17.17,0,-0.938501278,-0.345275761,-1.0,-1.83772e-16,0.991444861,-0.130526192,2022-09-11
7838.0,2022.0,9.0,11.0,7.0,21.6,0.0,-0.535756805,1.293431346,100.0,1014.8,81.0,0.19401616,15.68,0,-0.938625044,-0.344939165,-1.0,-1.83772e-16,0.965925826,-0.258819045,2022-09-11
7839.0,2022.0,9.0,11.0,7.5,22.35,0.0,0.325280918,2.078728949,188.8888889,1014.85,77.5,0.391906869,12.65,0,-0.938748689,-0.344602524,-1.0,-1.83772e-16,0.923879533,-0.382683432,2022-09-11
7840.0,2022.0,9.0,11.0,8.0,23.1,0.0,1.18631864,2.864026551,277.7777778,1014.9,74.0,0.570578811,4.65,0,-0.938872213,-0.344265839,-1.0,-1.83772e-16,0.866025404,-0.5,2022-09-11
7841.0,2022.0,9.0,11.0,8.5,23.6,0.0,1.830596187,2.669450142,327.7777778,1014.9,71.5,0.689664973,1.0,0,-0.938995616,-0.34392911,-1.0,-1.83772e-16,0.79335334,-0.608761429,2022-09-11
7842.0,2022.0,9.0,11.0,9.0,24.1,0.0,2.474873734,2.474873734,377.7777778,1014.9,69.0,0.745786464,0.02,0,-0.939118899,-0.343592336,-1.0,-1.83772e-16,0.707106781,-0.707106781,2022-09-11
7843.0,2022.0,9.0,11.0,9.5,24.35,0.0,1.868864531,2.761838096,423.6111111,1014.8,70.0,0.863058988,0.97,0,-0.939242061,-0.343255519,-1.0,-1.83772e-16,0.608761429,-0.79335334,2022-09-11
7844.0,2022.0,9.0,11.0,10.0,24.6,0.0,1.262855327,3.048802457,469.4444444,1014.7,71.0,0.951577594,0.02,0,-0.939365102,-0.342918657,-1.0,-1.83772e-16,0.5,-0.866025404,2022-09-11
7845.0,2022.0,9.0,11.0,10.5,25.1,0.0,1.727443175,2.62041674,477.7777778,1014.55,69.5,0.953802461,1.0,0,-0.939488022,-0.342581751,-1.0,-1.83772e-16,0.382683432,-0.923879533,2022-09-11
7846.0,2022.0,9.0,11.0,11.0,25.6,0.0,2.192031022,2.192031022,486.1111111,1014.4,68.0,0.93076485,1.2,0,-0.939610822,-0.342244801,-1.0,-1.83772e-16,0.258819045,-0.965925826,2022-09-11
7847.0,2022.0,9.0,11.0,11.5,25.65,0.0,1.78484569,2.75899867,502.7777778,1014.05,67.5,0.939070363,1.2,0,-0.9397335,-0.341907807,-1.0,-1.83772e-16,0.130526192,-0.991444861,2022-09-11
7848.0,2022.0,9.0,11.0,12.0,25.7,0.0,1.377660357,3.325966317,519.4444444,1013.7,67.0,1.09367478,5.0,0,-0.939856058,-0.341570769,-1.0,-1.83772e-16,1.22515e-16,-1.0,2022-09-11
7849.0,2022.0,9.0,11.0,12.5,25.8,0.0,1.78484569,2.75899867,531.9444444,1013.4,68.0,1.060202946,12.26,0,-0.939978495,-0.341233687,-1.0,-1.83772e-16,-0.130526192,-0.991444861,2022-09-11
7850.0,2022.0,9.0,11.0,13.0,25.9,0.0,2.192031022,2.192031022,544.4444444,1013.1,69.0,1.133819843,12.28,0,-0.940100811,-0.340896562,-1.0,-1.83772e-16,-0.258819045,-0.965925826,2022-09-11
7851.0,2022.0,9.0,11.0,13.5,26.3,0.0,2.192031022,2.192031022,565.2777778,1012.7,69.0,1.172870525,12.26,0,-0.940223006,-0.340559392,-1.0,-1.83772e-16,-0.382683432,-0.923879533,2022-09-11
7852.0,2022.0,9.0,11.0,14.0,26.7,0.0,2.192031022,2.192031022,586.1111111,1012.3,69.0,1.166007038,12.67,0,-0.94034508,-0.340222179,-1.0,-1.83772e-16,-0.5,-0.866025404,2022-09-11
7853.0,2022.0,9.0,11.0,14.5,26.4,0.0,1.727443175,2.62041674,520.8333334,1012.2,70.0,1.055570141,12.28,0,-0.940467033,-0.339884921,-1.0,-1.83772e-16,-0.608761429,-0.79335334,2022-09-11
7854.0,2022.0,9.0,11.0,15.0,26.1,0.0,1.262855327,3.048802457,455.5555556,1012.1,71.0,1.008948913,15.0,0,-0.940588865,-0.33954762,-1.0,-1.83772e-16,-0.707106781,-0.707106781,2022-09-11
7855.0,2022.0,9.0,11.0,15.5,26.2,0.0,1.621377157,2.514350722,337.5,1012.15,71.0,0.720951254,12.28,0,-0.940710576,-0.339210276,-1.0,-1.83772e-16,-0.79335334,-0.608761429,2022-09-11
7856.0,2022.0,9.0,11.0,16.0,26.3,0.0,1.979898987,1.979898987,219.4444444,1012.2,71.0,0.432168805,12.65,0,-0.940832167,-0.338872888,-1.0,-1.83772e-16,-0.866025404,-0.5,2022-09-11
7857.0,2022.0,9.0,11.0,16.5,25.8,0.0,1.410901269,2.00621698,175.0,1012.4,73.0,0.3437067,14.16,0,-0.940953636,-0.338535456,-1.0,-1.83772e-16,-0.923879533,-0.382683432,2022-09-11
7858.0,2022.0,9.0,11.0,17.0,25.3,0.0,0.841903551,2.032534972,130.5555556,1012.6,75.0,0.265683978,20.13,0,-0.941074984,-0.338197981,-1.0,-1.83772e-16,-0.965925826,-0.258819045,2022-09-11
7859.0,2022.0,9.0,11.0,17.5,25.05,0.0,1.391025285,1.41808509,77.7777778,1012.65,75.5,0.167726063,23.93,0,-0.941196211,-0.337860462,-1.0,-1.83772e-16,-0.991444861,-0.130526192,2022-09-11
7860.0,2022.0,9.0,11.0,18.0,24.8,0.0,1.940147018,0.803635208,25.0,1012.7,76.0,0.051340568,43.39,0,-0.941317318,-0.3375229,-1.0,-1.83772e-16,-1.0,-1.83772e-16,2022-09-11
7861.0,2022.0,9.0,11.0,18.5,24.35,0.0,2.030733681,1.462477776,12.5,1012.85,77.5,0.024977795,44.55,0,-0.941438303,-0.337185294,-1.0,-1.83772e-16,-0.991444861,0.130526192,2022-09-11
7862.0,2022.0,9.0,11.0,19.0,23.9,0.0,2.121320344,2.121320344,0.0,1013.0,79.0,0.0,44.55,0,-0.941559167,-0.336847645,-1.0,-1.83772e-16,-0.965925826,0.258819045,2022-09-11
7863.0,2022.0,9.0,11.0,19.5,23.55,0.0,1.443343604,1.984539705,0.0,1013.3,80.0,0.0,43.84,0,-0.941679909,-0.336509953,-1.0,-1.83772e-16,-0.923879533,0.382683432,2022-09-11
7864.0,2022.0,9.0,11.0,20.0,23.2,0.0,0.765366865,1.847759065,0.0,1013.6,81.0,0.0,40.0,0,-0.941800531,-0.336172217,-1.0,-1.83772e-16,-0.866025404,0.5,2022-09-11
7865.0,2022.0,9.0,11.0,20.5,23.15,0.0,1.266566909,1.807763009,0.0,1013.65,80.5,0.0,33.62,0,-0.941921032,-0.335834438,-1.0,-1.83772e-16,-0.79335334,0.608761429,2022-09-11
7866.0,2022.0,9.0,11.0,21.0,23.1,0.0,1.767766953,1.767766953,0.0,1013.7,80.0,0.0,28.0,0,-0.942041411,-0.335496616,-1.0,-1.83772e-16,-0.707106781,0.707106781,2022-09-11
7867.0,2022.0,9.0,11.0,21.5,22.75,0.0,1.449568902,1.449568902,0.0,1013.7,82.0,0.0,24.62,0,-0.94216167,-0.335158751,-1.0,-1.83772e-16,-0.608761429,0.79335334,2022-09-11
7868.0,2022.0,9.0,11.0,22.0,22.4,0.0,1.13137085,1.13137085,0.0,1013.7,84.0,0.0,23.0,0,-0.942281807,-0.334820842,-1.0,-1.83772e-16,-0.5,0.866025404,2022-09-11
7869.0,2022.0,9.0,11.0,22.5,22.55,0.0,1.166726189,1.166726189,0.0,1013.75,84.0,0.0,33.62,0,-0.942401823,-0.334482891,-1.0,-1.83772e-16,-0.382683432,0.923879533,2022-09-11
7870.0,2022.0,9.0,11.0,23.0,22.7,0.0,1.202081528,1.202081528,0.0,1013.8,84.0,0.0,23.0,0,-0.942521718,-0.334144897,-1.0,-1.83772e-16,-0.258819045,0.965925826,2022-09-11
7871.0,2022.0,9.0,11.0,23.5,22.95,0.0,1.002858368,1.571114273,0.0,1013.8,84.0,0.0,20.13,0,-0.942641491,-0.333806859,-1.0,-1.83772e-16,-0.130526192,0.991444861,2022-09-11
7872.0,2022.0,9.0,12.0,0.0,23.2,0.0,0.803635208,1.940147018,0.0,1013.8,84.0,0.0,17.26,0,-0.942761143,-0.333468779,-1.0,-1.83772e-16,-2.4503e-16,1.0,2022-09-12
7873.0,2022.0,9.0,12.0,0.5,23.1,0.0,0.746232693,1.801565088,0.0,1013.45,85.0,0.0,17.73,0,-0.942880674,-0.333130656,-1.0,-1.83772e-16,0.130526192,0.991444861,2022-09-12
7874.0,2022.0,9.0,12.0,1.0,23.0,0.0,0.688830178,1.662983159,0.0,1013.1,86.0,0.0,17.5,0,-0.943000084,-0.33279249,-1.0,-1.83772e-16,0.258819045,0.965925826,2022-09-12
7875.0,2022.0,9.0,12.0,1.5,22.9,0.0,0.688830178,1.662983159,0.0,1012.95,86.0,0.0,17.73,0,-0.943119373,-0.332454281,-1.0,-1.83772e-16,0.382683432,0.923879533,2022-09-12
7876.0,2022.0,9.0,12.0,2.0,22.8,0.0,0.688830178,1.662983159,0.0,1012.8,86.0,0.0,17.13,0,-0.94323854,-0.332116029,-1.0,-1.83772e-16,0.5,0.866025404,2022-09-12
7877.0,2022.0,9.0,12.0,2.5,22.55,0.0,0.344415089,1.63149158,0.0,1012.85,87.5,0.0,16.67,0,-0.943357586,-0.331777735,-1.0,-1.83772e-16,0.608761429,0.79335334,2022-09-12
7878.0,2022.0,9.0,12.0,3.0,22.3,0.0,9.8e-17,1.6,0.0,1012.9,89.0,0.0,16.99,0,-0.94347651,-0.331439398,-1.0,-1.83772e-16,0.707106781,0.707106781,2022-09-12
7879.0,2022.0,9.0,12.0,3.5,22.35,0.0,0.601040764,1.401040764,0.0,1012.95,88.5,0.0,16.57,0,-0.943595314,-0.331101018,-1.0,-1.83772e-16,0.79335334,0.608761429,2022-09-12
7880.0,2022.0,9.0,12.0,4.0,22.4,0.0,1.202081528,1.202081528,0.0,1013.0,88.0,0.0,16.5,0,-0.943713995,-0.330762596,-1.0,-1.83772e-16,0.866025404,0.5,2022-09-12
7881.0,2022.0,9.0,12.0,4.5,22.55,0.0,0.964590025,1.47872632,0.0,1012.95,87.0,0.0,16.01,0,-0.943832556,-0.330424131,-1.0,-1.83772e-16,0.923879533,0.382683432,2022-09-12
7882.0,2022.0,9.0,12.0,5.0,22.7,0.0,0.727098521,1.755371112,0.0,1012.9,86.0,0.0,16.96,0,-0.943950995,-0.330085624,-1.0,-1.83772e-16,0.965925826,0.258819045,2022-09-12
7883.0,2022.0,9.0,12.0,5.5,22.8,0.0,0.899306066,2.171116902,12.5,1013.05,85.5,0.026891586,17.22,0,-0.944069313,-0.329747074,-1.0,-1.83772e-16,0.991444861,0.130526192,2022-09-12
7884.0,2022.0,9.0,12.0,6.0,22.9,0.0,1.071513611,2.586862691,25.0,1013.2,85.0,0.048801597,19.05,0,-0.944187509,-0.329408482,-1.0,-1.83772e-16,1.0,6.12574e-17,2022-09-12
7885.0,2022.0,9.0,12.0,6.5,23.3,0.0,1.052379439,2.540668714,83.33333335,1013.35,83.0,0.177507282,21.26,0,-0.944305584,-0.329069848,-1.0,-1.83772e-16,0.991444861,-0.130526192,2022-09-12
7886.0,2022.0,9.0,12.0,7.0,23.7,0.0,1.033245267,2.494474738,141.6666667,1013.5,81.0,0.287259606,17.12,0,-0.944423537,-0.328731171,-1.0,-1.83772e-16,0.965925826,-0.258819045,2022-09-12
7887.0,2022.0,9.0,12.0,7.5,24.05,0.0,1.471216788,2.201831524,248.6111112,1013.55,80.0,0.531133545,20.0,0,-0.944541369,-0.328392452,-1.0,-1.83772e-16,0.923879533,-0.382683432,2022-09-12
7888.0,2022.0,9.0,12.0,8.0,24.4,0.0,1.909188309,1.909188309,355.5555556,1013.6,79.0,0.742343639,18.48,0,-0.944659079,-0.328053691,-1.0,-1.83772e-16,0.866025404,-0.5,2022-09-12
7889.0,2022.0,9.0,12.0,8.5,25.25,0.0,1.87383297,1.87383297,440.2777778,1013.6,76.5,0.915720002,16.1,0,-0.944776668,-0.327714887,-1.0,-1.83772e-16,0.79335334,-0.608761429,2022-09-12
7890.0,2022.0,9.0,12.0,9.0,26.1,0.0,1.838477631,1.838477631,525.0,1013.6,74.0,1.067038991,12.86,0,-0.944894136,-0.327376041,-1.0,-1.83772e-16,0.707106781,-0.707106781,2022-09-12
7891.0,2022.0,9.0,12.0,9.5,26.4,0.0,1.909188309,1.909188309,581.9444445,1013.5,71.5,1.173893636,16.94,0,-0.945011481,-0.327037154,-1.0,-1.83772e-16,0.608761429,-0.79335334,2022-09-12
7892.0,2022.0,9.0,12.0,10.0,26.7,0.0,1.979898987,1.979898987,638.8888889,1013.4,69.0,1.307415739,22.0,0,-0.945128706,-0.326698224,-1.0,-1.83772e-16,0.5,-0.866025404,2022-09-12
7893.0,2022.0,9.0,12.0,10.5,27.45,0.0,1.979898987,1.979898987,633.3333334,1013.1,67.5,1.262441964,20.0,0,-0.945245809,-0.326359252,-1.0,-1.83772e-16,0.382683432,-0.923879533,2022-09-12
7894.0,2022.0,9.0,12.0,11.0,28.2,0.0,1.979898987,1.979898987,627.7777778,1012.8,66.0,1.217206224,20.0,0,-0.94536279,-0.326020238,-1.0,-1.83772e-16,0.258819045,-0.965925826,2022-09-12
7895.0,2022.0,9.0,12.0,11.5,28.4,0.0,2.050609666,2.050609666,725.0,1012.55,64.0,1.40721166,22.0,0,-0.945479649,-0.325681182,-1.0,-1.83772e-16,0.130526192,-0.991444861,2022-09-12
7896.0,2022.0,9.0,12.0,12.0,28.6,0.0,2.121320344,2.121320344,822.2222222,1012.3,62.0,1.655505522,27.0,0,-0.945596387,-0.325342085,-1.0,-1.83772e-16,1.22515e-16,-1.0,2022-09-12
7897.0,2022.0,9.0,12.0,12.5,28.85,0.0,1.944543648,1.944543648,788.8888889,1012.15,62.5,1.640571336,21.23,0,-0.945713004,-0.325002945,-1.0,-1.83772e-16,-0.130526192,-0.991444861,2022-09-12
7898.0,2022.0,9.0,12.0,13.0,29.1,0.0,1.767766953,1.767766953,755.5555556,1012.0,63.0,1.466819314,20.0,0,-0.945829499,-0.324663764,-1.0,-1.83772e-16,-0.258819045,-0.965925826,2022-09-12
7899.0,2022.0,9.0,12.0,13.5,29.25,0.0,2.269702776,1.457908625,719.4444445,1011.8,64.0,1.546103328,34.1,0,-0.945945872,-0.324324541,-1.0,-1.83772e-16,-0.382683432,-0.923879533,2022-09-12
7900.0,2022.0,9.0,12.0,14.0,29.4,0.0,2.771638598,1.148050297,683.3333333,1011.6,65.0,1.256939367,40.16,0,-0.946062123,-0.323985276,-1.0,-1.83772e-16,-0.5,-0.866025404,2022-09-12
7901.0,2022.0,9.0,12.0,14.5,28.65,0.0,2.910220528,1.205452812,629.1666667,1011.55,63.5,1.342548349,43.03,0,-0.946178253,-0.32364597,-1.0,-1.83772e-16,-0.608761429,-0.79335334,2022-09-12
7902.0,2022.0,9.0,12.0,15.0,27.9,0.0,3.048802457,1.262855327,575.0,1011.5,62.0,1.136334668,43.5,0,-0.946294261,-0.323306622,-1.0,-1.83772e-16,-0.707106781,-0.707106781,2022-09-12
7903.0,2022.0,9.0,12.0,15.5,27.85,0.0,3.174401229,0.631427664,494.4444445,1011.65,62.0,0.998069867,44.37,0,-0.946410147,-0.322967232,-1.0,-1.83772e-16,-0.79335334,-0.608761429,2022-09-12
7904.0,2022.0,9.0,12.0,16.0,27.8,0.0,3.3,0.0,413.8888889,1011.8,62.0,0.816617613,58.81,0,-0.946525912,-0.322627801,-1.0,-1.83772e-16,-0.866025404,-0.5,2022-09-12
7905.0,2022.0,9.0,12.0,16.5,27.15,0.0,2.758655439,0.459220119,333.3333334,1011.85,64.0,0.726407769,59.74,0,-0.946641555,-0.322288328,-1.0,-1.83772e-16,-0.923879533,-0.382683432,2022-09-12
7906.0,2022.0,9.0,12.0,17.0,26.5,0.0,2.217310878,0.918440238,252.7777778,1011.9,66.0,0.484999201,63.23,0,-0.946757076,-0.321948814,-1.0,-1.83772e-16,-0.965925826,-0.258819045,2022-09-12
7907.0,2022.0,9.0,12.0,17.5,25.9,0.0,2.263504855,0.93757441,145.8333333,1012.1,67.5,0.307190299,61.91,0,-0.946872475,-0.321609259,-1.0,-1.83772e-16,-0.991444861,-0.130526192,2022-09-12
7908.0,2022.0,9.0,12.0,18.0,25.3,0.0,2.309698831,0.956708581,38.88888889,1012.3,69.0,0.078402182,62.34,0,-0.946987753,-0.321269662,-1.0,-1.83772e-16,-1.0,-1.83772e-16,2022-09-12
7909.0,2022.0,9.0,12.0,18.5,24.95,0.0,2.124922925,0.880171895,19.44444445,1012.45,70.0,0.038265894,59.97,0,-0.947102909,-0.320930023,-1.0,-1.83772e-16,-0.991444861,0.130526192,2022-09-12
7910.0,2022.0,9.0,12.0,19.0,24.6,0.0,1.940147018,0.803635208,0.0,1012.6,71.0,0.0,59.19,0,-0.947217943,-0.320590344,-1.0,-1.83772e-16,-0.965925826,0.258819045,2022-09-12
7911.0,2022.0,9.0,12.0,19.5,23.85,0.0,2.032534972,0.841903551,0.0,1012.85,76.5,0.0,59.27,0,-0.947332855,-0.320250623,-1.0,-1.83772e-16,-0.923879533,0.382683432,2022-09-12
7912.0,2022.0,9.0,12.0,20.0,23.1,0.0,2.124922925,0.880171894,0.0,1013.1,82.0,0.0,57.0,0,-0.947447645,-0.319910861,-1.0,-1.83772e-16,-0.866025404,0.5,2022-09-12
7913.0,2022.0,9.0,12.0,20.5,22.5,0.5,2.032534972,0.841903551,0.0,1013.15,90.0,0.0,47.75,0,-0.947562314,-0.319571058,-1.0,-1.83772e-16,-0.79335334,0.608761429,2022-09-12
7914.0,2022.0,9.0,12.0,21.0,21.9,1.0,1.940147018,0.803635208,0.0,1013.2,98.0,0.0,44.11,0,-0.94767686,-0.319231214,-1.0,-1.83772e-16,-0.707106781,0.707106781,2022-09-12
7915.0,2022.0,9.0,12.0,21.5,21.3,5.0,1.429293628,1.510473043,0.0,1013.2,98.5,0.0,42.0,0,-0.947791285,-0.318891329,-1.0,-1.83772e-16,-0.608761429,0.79335334,2022-09-12
7916.0,2022.0,9.0,12.0,22.0,20.7,9.0,0.918440238,2.217310878,0.0,1013.2,99.0,0.0,33.0,0,-0.947905588,-0.318551403,-1.0,-1.83772e-16,-0.5,0.866025404,2022-09-12
7917.0,2022.0,9.0,12.0,22.5,20.75,4.5,1.201682239,1.851117559,0.0,1013.15,99.0,0.0,33.0,0,-0.948019769,-0.318211436,-1.0,-1.83772e-16,-0.382683432,0.923879533,2022-09-12
7918.0,2022.0,9.0,12.0,23.0,20.8,0.0,1.48492424,1.48492424,0.0,1013.1,99.0,0.0,33.0,0,-0.948133828,-0.317871427,-1.0,-1.83772e-16,-0.258819045,0.965925826,2022-09-12
7919.0,2022.0,9.0,12.0,23.5,20.8,0.75,1.378858223,1.378858223,0.0,1013.1,99.5,0.0,28.0,0,-0.948247765,-0.317531378,-1.0,-1.83772e-16,-0.130526192,0.991444861,2022-09-12
7920.0,2022.0,9.0,13.0,0.0,20.8,1.5,1.272792206,1.272792206,0.0,1013.1,100.0,0.0,21.23,0,-0.94836158,-0.317191289,-1.0,-1.83772e-16,-2.4503e-16,1.0,2022-09-13
7921.0,2022.0,9.0,13.0,0.5,20.85,1.5,0.999945364,1.514081659,0.0,1012.95,100.0,0.0,25.0,0,-0.948475273,-0.316851158,-1.0,-1.83772e-16,0.130526192,0.991444861,2022-09-13
7922.0,2022.0,9.0,13.0,1.0,20.9,1.5,0.727098521,1.755371112,0.0,1012.8,100.0,0.0,24.0,0,-0.948588844,-0.316510987,-1.0,-1.83772e-16,0.258819045,0.965925826,2022-09-13
7923.0,2022.0,9.0,13.0,1.5,20.95,0.75,0.893879347,1.408015642,0.0,1012.75,99.5,0.0,23.93,0,-0.948702293,-0.316170774,-1.0,-1.83772e-16,0.382683432,0.923879533,2022-09-13
7924.0,2022.0,9.0,13.0,2.0,21.0,0.0,1.060660172,1.060660172,0.0,1012.7,99.0,0.0,23.93,0,-0.94881562,-0.315830522,-1.0,-1.83772e-16,0.5,0.866025404,2022-09-13
7925.0,2022.0,9.0,13.0,2.5,21.0,0.0,0.989949494,0.989949494,0.0,1012.45,99.0,0.0,24.21,0,-0.948928825,-0.315490228,-1.0,-1.83772e-16,0.608761429,0.79335334,2022-09-13
7926.0,2022.0,9.0,13.0,3.0,21.0,0.0,0.919238816,0.919238816,0.0,1012.2,99.0,0.0,26.0,0,-0.949041908,-0.315149894,-1.0,-1.83772e-16,0.707106781,0.707106781,2022-09-13
7927.0,2022.0,9.0,13.0,3.5,21.15,0.0,0.609619408,0.459619408,0.0,1012.4,99.0,0.0,28.0,0,-0.949154869,-0.31480952,-1.0,-1.83772e-16,0.79335334,0.608761429,2022-09-13
7928.0,2022.0,9.0,13.0,4.0,21.3,0.0,0.3,0.0,0.0,1012.6,99.0,0.0,30.0,0,-0.949267708,-0.314469105,-1.0,-1.83772e-16,0.866025404,0.5,2022-09-13
7929.0,2022.0,9.0,13.0,4.5,21.2,0.0,0.432842712,0.282842713,0.0,1012.75,99.5,0.0,35.0,0,-0.949380425,-0.314128649,-1.0,-1.83772e-16,0.923879533,0.382683432,2022-09-13
7930.0,2022.0,9.0,13.0,5.0,21.1,0.0,0.565685425,0.565685425,0.0,1012.9,100.0,0.0,41.88,0,-0.94949302,-0.313788154,-1.0,-1.83772e-16,0.965925826,0.258819045,2022-09-13
7931.0,2022.0,9.0,13.0,5.5,21.25,0.0,0.05187283,0.378513571,2.777777778,1013.1,100.0,0.002929259,30.0,0,-0.949605492,-0.313447617,-1.0,-1.83772e-16,0.991444861,0.130526192,2022-09-13
7932.0,2022.0,9.0,13.0,6.0,21.4,0.0,-0.461939766,0.191341716,5.555555556,1013.3,100.0,0.007589099,35.0,0,-0.949717843,-0.313107041,-1.0,-1.83772e-16,1.0,6.12574e-17,2022-09-13
7933.0,2022.0,9.0,13.0,6.5,21.75,0.0,-0.739103626,0.306146746,23.61111111,1013.45,100.0,0.0447857,42.22,0,-0.949830071,-0.312766424,-1.0,-1.83772e-16,0.991444861,-0.130526192,2022-09-13
7934.0,2022.0,9.0,13.0,7.0,22.1,0.0,-1.016267486,0.420951776,41.66666667,1013.6,100.0,0.086391639,28.0,0,-0.949942177,-0.312425767,-1.0,-1.83772e-16,0.965925826,-0.258819045,2022-09-13
7935.0,2022.0,9.0,13.0,7.5,22.5,0.0,-0.785297603,0.325280918,102.7777778,1013.6,99.5,0.21411542,28.0,0,-0.950054161,-0.31208507,-1.0,-1.83772e-16,0.923879533,-0.382683432,2022-09-13
7936.0,2022.0,9.0,13.0,8.0,22.9,0.0,-0.55432772,0.229610059,163.8888889,1013.6,99.0,0.342818989,28.0,0,-0.950166023,-0.311744333,-1.0,-1.83772e-16,0.866025404,-0.5,2022-09-13
7937.0,2022.0,9.0,13.0,8.5,23.3,0.0,-0.143224659,0.438162866,184.7222223,1013.65,97.5,0.341281416,28.0,0,-0.950277762,-0.311403555,-1.0,-1.83772e-16,0.79335334,-0.608761429,2022-09-13
7938.0,2022.0,9.0,13.0,9.0,23.7,0.0,0.267878403,0.646715673,205.5555556,1013.7,96.0,0.391679079,33.0,0,-0.95038938,-0.311062738,-1.0,-1.83772e-16,0.707106781,-0.707106781,2022-09-13
7939.0,2022.0,9.0,13.0,9.5,23.75,0.0,-0.254969528,0.712266566,202.7777778,1013.6,94.0,0.416950492,43.35,0,-0.950500875,-0.31072188,-1.0,-1.83772e-16,0.608761429,-0.79335334,2022-09-13
7940.0,2022.0,9.0,13.0,10.0,23.8,0.0,-0.777817459,0.777817459,200.0,1013.5,92.0,0.435616719,42.0,0,-0.950612248,-0.310380983,-1.0,-1.83772e-16,0.5,-0.866025404,2022-09-13
7941.0,2022.0,9.0,13.0,10.5,23.95,0.0,-0.541982103,0.758460543,234.7222222,1013.4,92.5,0.474335017,42.0,0,-0.950723498,-0.310040046,-1.0,-1.83772e-16,0.382683432,-0.923879533,2022-09-13
7942.0,2022.0,9.0,13.0,11.0,24.1,0.0,-0.306146746,0.739103626,269.4444444,1013.3,93.0,0.560412387,42.0,0,-0.950834627,-0.309699068,-1.0,-1.83772e-16,0.258819045,-0.965925826,2022-09-13
7943.0,2022.0,9.0,13.0,11.5,24.6,0.0,-0.25913939,0.263485796,288.8888889,1013.05,93.5,0.569090059,42.0,0,-0.950945633,-0.309358051,-1.0,-1.83772e-16,0.130526192,-0.991444861,2022-09-13
7944.0,2022.0,9.0,13.0,12.0,25.1,0.0,-0.212132034,-0.212132034,308.3333333,1012.8,94.0,0.621748303,42.0,0,-0.951056516,-0.309016994,-1.0,-1.83772e-16,1.22515e-16,-1.0,2022-09-13
7945.0,2022.0,9.0,13.0,12.5,25.7,0.0,-0.106066017,0.593933983,356.9444445,1012.45,90.5,0.730644282,42.0,0,-0.951167278,-0.308675898,-1.0,-1.83772e-16,-0.130526192,-0.991444861,2022-09-13
7946.0,2022.0,9.0,13.0,13.0,26.3,0.0,8.58e-17,1.4,405.5555556,1012.1,87.0,0.804891693,42.0,0,-0.951277917,-0.308334761,-1.0,-1.83772e-16,-0.258819045,-0.965925826,2022-09-13
7947.0,2022.0,9.0,13.0,13.5,26.8,0.0,0.38890873,1.08890873,447.2222222,1011.8,84.0,0.944041604,57.0,0,-0.951388433,-0.307993586,-1.0,-1.83772e-16,-0.382683432,-0.923879533,2022-09-13
7948.0,2022.0,9.0,13.0,14.0,27.3,0.0,0.777817459,0.777817459,488.8888889,1011.5,81.0,0.99986485,57.0,0,-0.951498828,-0.30765237,-1.0,-1.83772e-16,-0.5,-0.866025404,2022-09-13
7949.0,2022.0,9.0,13.0,14.5,27.85,0.0,1.312788262,0.771592162,459.7222222,1011.35,77.5,0.863336626,57.0,0,-0.9516091,-0.307311115,-1.0,-1.83772e-16,-0.608761429,-0.79335334,2022-09-13
7950.0,2022.0,9.0,13.0,15.0,28.4,0.0,1.847759065,0.765366865,430.5555556,1011.2,74.0,0.793798883,59.0,0,-0.951719249,-0.30696982,-1.0,-1.83772e-16,-0.707106781,-0.707106781,2022-09-13
7951.0,2022.0,9.0,13.0,15.5,28.3,0.0,1.940147019,0.803635208,386.1111112,1011.15,76.5,0.807877355,60.48,0,-0.951829276,-0.306628486,-1.0,-1.83772e-16,-0.79335334,-0.608761429,2022-09-13
7952.0,2022.0,9.0,13.0,16.0,28.2,0.0,2.032534972,0.841903551,341.6666667,1011.1,79.0,0.694950139,63.32,0,-0.951939181,-0.306287112,-1.0,-1.83772e-16,-0.866025404,-0.5,2022-09-13
7953.0,2022.0,9.0,13.0,16.5,27.9,0.0,1.570595206,0.191341716,258.3333334,1011.2,78.5,0.548351669,70.0,0,-0.952048964,-0.305945699,-1.0,-1.83772e-16,-0.923879533,-0.382683432,2022-09-13
7954.0,2022.0,9.0,13.0,17.0,27.6,0.0,1.108655439,-0.459220119,175.0,1011.3,78.0,0.33132732,70.0,0,-0.952158623,-0.305604247,-1.0,-1.83772e-16,-0.965925826,-0.258819045,2022-09-13
7955.0,2022.0,9.0,13.0,17.5,27.0,0.0,1.247237369,-0.516622634,105.5555556,1011.5,81.5,0.22446949,70.0,0,-0.952268161,-0.305262756,-1.0,-1.83772e-16,-0.991444861,-0.130526192,2022-09-13
7956.0,2022.0,9.0,13.0,18.0,26.4,0.0,1.385819299,-0.574025149,36.11111111,1011.7,85.0,0.072157321,63.88,0,-0.952377576,-0.304921225,-1.0,-1.83772e-16,-1.0,-1.83772e-16,2022-09-13
7957.0,2022.0,9.0,13.0,18.5,25.45,0.0,1.39290965,-0.287012575,18.05555556,1011.9,89.5,0.036120693,63.32,0,-0.952486868,-0.304579655,-1.0,-1.83772e-16,-0.991444861,0.130526192,2022-09-13
7958.0,2022.0,9.0,13.0,19.0,24.5,0.0,1.4,0.0,0.0,1012.1,94.0,0.0,61.95,0,-0.952596038,-0.304238045,-1.0,-1.83772e-16,-0.965925826,0.258819045,2022-09-13
7959.0,2022.0,9.0,13.0,19.5,24.5,0.0,1.300521696,-0.248744231,0.0,1012.45,95.0,0.0,59.8,0,-0.952705086,-0.303896397,-1.0,-1.83772e-16,-0.923879533,0.382683432,2022-09-13
7960.0,2022.0,9.0,13.0,20.0,24.5,0.0,1.201043392,-0.497488462,0.0,1012.8,96.0,0.0,57.0,0,-0.95281401,-0.303554709,-1.0,-1.83772e-16,-0.866025404,0.5,2022-09-13
7961.0,2022.0,9.0,13.0,20.5,24.1,0.0,1.150521696,-0.248744231,0.0,1012.85,97.5,0.0,57.0,0,-0.952922813,-0.303212983,-1.0,-1.83772e-16,-0.79335334,0.608761429,2022-09-13
7962.0,2022.0,9.0,13.0,21.0,23.7,0.0,1.1,0.0,0.0,1012.9,99.0,0.0,42.0,0,-0.953031493,-0.302871217,-1.0,-1.83772e-16,-0.707106781,0.707106781,2022-09-13
7963.0,2022.0,9.0,13.0,21.5,23.6,0.0,0.492597485,-0.13858193,0.0,1013.0,99.5,0.0,42.0,0,-0.95314005,-0.302529413,-1.0,-1.83772e-16,-0.608761429,0.79335334,2022-09-13
7964.0,2022.0,9.0,13.0,22.0,23.5,0.0,-0.11480503,-0.27716386,0.0,1013.1,100.0,0.0,34.46,0,-0.953248484,-0.302187569,-1.0,-1.83772e-16,-0.5,0.866025404,2022-09-13
7965.0,2022.0,9.0,13.0,22.5,23.3,0.0,0.265955322,-0.004642728,0.0,1013.1,100.0,0.0,43.73,0,-0.953356796,-0.301845687,-1.0,-1.83772e-16,-0.382683432,0.923879533,2022-09-13
7966.0,2022.0,9.0,13.0,23.0,23.1,0.0,0.646715673,0.267878403,0.0,1013.1,100.0,0.0,33.0,0,-0.953464986,-0.301503766,-1.0,-1.83772e-16,-0.258819045,0.965925826,2022-09-13
7967.0,2022.0,9.0,13.0,23.5,22.9,0.0,0.641555888,0.452137253,0.0,1013.0,100.0,0.0,31.0,0,-0.953573053,-0.301161806,-1.0,-1.83772e-16,-0.130526192,0.991444861,2022-09-13
7968.0,2022.0,9.0,14.0,0.0,22.7,0.0,0.636396103,0.636396103,0.0,1012.9,100.0,0.0,24.8,0,-0.953680997,-0.300819808,-1.0,-1.83772e-16,-2.4503e-16,1.0,2022-09-14
7969.0,2022.0,9.0,14.0,0.5,22.65,0.0,0.624344798,1.057301678,0.0,1012.7,100.0,0.0,31.1,0,-0.953788818,-0.30047777,-1.0,-1.83772e-16,0.130526192,0.991444861,2022-09-14
7970.0,2022.0,9.0,14.0,1.0,22.6,0.0,0.612293492,1.478207252,0.0,1012.5,100.0,0.0,26.0,0,-0.953896517,-0.300135694,-1.0,-1.83772e-16,0.258819045,0.965925826,2022-09-14
7971.0,2022.0,9.0,14.0,1.5,22.45,0.0,0.583310606,0.624298597,0.0,1012.35,100.0,0.0,28.0,0,-0.954004093,-0.29979358,-1.0,-1.83772e-16,0.382683432,0.923879533,2022-09-14
7972.0,2022.0,9.0,14.0,2.0,22.3,0.0,0.55432772,-0.229610059,0.0,1012.2,100.0,0.0,28.0,0,-0.954111546,-0.299451427,-1.0,-1.83772e-16,0.5,0.866025404,2022-09-14
7973.0,2022.0,9.0,14.0,2.5,22.15,0.0,0.630717251,0.238748361,0.0,1012.15,100.0,0.0,28.0,0,-0.954218877,-0.299109235,-1.0,-1.83772e-16,0.608761429,0.79335334,2022-09-14
7974.0,2022.0,9.0,14.0,3.0,22.0,0.0,0.707106781,0.707106781,0.0,1012.1,100.0,0.0,22.41,0,-0.954326085,-0.298767005,-1.0,-1.83772e-16,0.707106781,0.707106781,2022-09-14
7975.0,2022.0,9.0,14.0,3.5,21.9,0.0,0.530330086,0.176776695,0.0,1012.05,100.0,0.0,21.99,0,-0.95443317,-0.298424737,-1.0,-1.83772e-16,0.79335334,0.608761429,2022-09-14
7976.0,2022.0,9.0,14.0,4.0,21.8,0.0,0.353553391,-0.353553391,0.0,1012.0,100.0,0.0,21.23,0,-0.954540133,-0.29808243,-1.0,-1.83772e-16,0.866025404,0.5,2022-09-14
7977.0,2022.0,9.0,14.0,4.5,21.85,0.0,0.731104415,-0.406386755,0.0,1012.1,100.0,0.0,21.23,0,-0.954646972,-0.297740085,-1.0,-1.83772e-16,0.923879533,0.382683432,2022-09-14
7978.0,2022.0,9.0,14.0,5.0,21.9,0.0,1.108655439,-0.459220119,0.0,1012.2,100.0,0.0,21.99,0,-0.954753689,-0.297397701,-1.0,-1.83772e-16,0.965925826,0.258819045,2022-09-14
7979.0,2022.0,9.0,14.0,5.5,22.15,0.0,0.923879533,-0.076536686,11.11111111,1012.4,100.0,0.022692259,21.99,0,-0.954860284,-0.297055279,-1.0,-1.83772e-16,0.991444861,0.130526192,2022-09-14
7980.0,2022.0,9.0,14.0,6.0,22.4,0.0,0.739103626,0.306146746,22.22222222,1012.6,100.0,0.043054666,23.93,0,-0.954966755,-0.296712819,-1.0,-1.83772e-16,1.0,6.12574e-17,2022-09-14
7981.0,2022.0,9.0,14.0,6.5,23.4,0.0,0.369551813,0.153073373,80.55555556,1012.75,100.0,0.156802348,23.37,0,-0.955073103,-0.296370321,-1.0,-1.83772e-16,0.991444861,-0.130526192,2022-09-14
7982.0,2022.0,9.0,14.0,7.0,24.4,0.0,0.0,0.0,138.8888889,1012.9,100.0,0.240682039,20.8,0,-0.955179329,-0.296027785,-1.0,-1.83772e-16,0.965925826,-0.258819045,2022-09-14
7983.0,2022.0,9.0,14.0,7.5,25.8,0.0,-0.172207545,0.41574579,241.6666667,1013.05,91.5,0.494383692,19.59,0,-0.955285432,-0.295685211,-1.0,-1.83772e-16,0.923879533,-0.382683432,2022-09-14
7984.0,2022.0,9.0,14.0,8.0,27.2,0.0,-0.344415089,0.831491579,344.4444444,1013.2,83.0,0.744011613,20.46,0,-0.955391412,-0.295342598,-1.0,-1.83772e-16,0.866025404,-0.5,2022-09-14
7985.0,2022.0,9.0,14.0,8.5,27.65,0.0,0.888452628,1.476405961,415.2777778,1013.35,79.5,0.832240797,17.47,0,-0.955497269,-0.294999948,-1.0,-1.83772e-16,0.79335334,-0.608761429,2022-09-14
7986.0,2022.0,9.0,14.0,9.0,28.1,0.0,2.121320344,2.121320344,486.1111111,1013.5,76.0,0.974309647,23.0,0,-0.955603003,-0.29465726,-1.0,-1.83772e-16,0.707106781,-0.707106781,2022-09-14
7987.0,2022.0,9.0,14.0,9.5,28.45,0.0,2.354091517,1.596416978,543.0555556,1013.45,72.5,1.025523402,25.0,0,-0.955708614,-0.294314533,-1.0,-1.83772e-16,0.608761429,-0.79335334,2022-09-14
7988.0,2022.0,9.0,14.0,10.0,28.8,0.0,2.586862691,1.071513611,600.0,1013.4,69.0,1.204606944,34.46,0,-0.955814103,-0.293971769,-1.0,-1.83772e-16,0.5,-0.866025404,2022-09-14
7989.0,2022.0,9.0,14.0,10.5,28.85,0.0,2.993431346,0.535756806,677.7777778,1013.25,68.5,1.327639652,34.11,0,-0.955919468,-0.293628968,-1.0,-1.83772e-16,0.382683432,-0.923879533,2022-09-14
7990.0,2022.0,9.0,14.0,11.0,28.9,0.0,3.4,0.0,755.5555556,1013.1,68.0,1.654651324,34.7,0,-0.956024711,-0.293286128,-1.0,-1.83772e-16,0.258819045,-0.965925826,2022-09-14
7991.0,2022.0,9.0,14.0,11.5,29.15,0.0,2.95,0.0,798.6111111,1012.85,64.0,1.639140314,35.0,0,-0.95612983,-0.292943251,-1.0,-1.83772e-16,0.130526192,-0.991444861,2022-09-14
7992.0,2022.0,9.0,14.0,12.0,29.4,0.0,2.5,0.0,841.6666667,1012.6,60.0,1.713218347,35.21,0,-0.956234827,-0.292600336,-1.0,-1.83772e-16,1.22515e-16,-1.0,2022-09-14
7993.0,2022.0,9.0,14.0,12.5,29.65,0.0,3.25,0.0,827.7777778,1012.5,52.5,1.60240429,34.1,0,-0.9563397,-0.292257383,-1.0,-1.83772e-16,-0.130526192,-0.991444861,2022-09-14
7994.0,2022.0,9.0,14.0,13.0,29.9,0.0,4.0,0.0,813.8888889,1012.4,45.0,1.52135762,34.11,0,-0.956444451,-0.291914393,-1.0,-1.83772e-16,-0.258819045,-0.965925826,2022-09-14
7995.0,2022.0,9.0,14.0,13.5,29.1,0.0,3.986340995,0.82276938,768.0555556,1012.35,46.5,1.430789656,55.0,0,-0.956549078,-0.291571365,-1.0,-1.83772e-16,-0.382683432,-0.923879533,2022-09-14
7996.0,2022.0,9.0,14.0,14.0,28.3,0.0,3.97268199,1.645538759,722.2222222,1012.3,48.0,1.537817622,57.0,0,-0.956653583,-0.2912283,-1.0,-1.83772e-16,-0.5,-0.866025404,2022-09-14
7997.0,2022.0,9.0,14.0,14.5,27.5,0.0,3.880294037,1.607270416,638.8888889,1012.35,59.0,1.210747553,57.0,0,-0.956757964,-0.290885197,-1.0,-1.83772e-16,-0.608761429,-0.79335334,2022-09-14
7998.0,2022.0,9.0,14.0,15.0,26.7,0.0,3.787906083,1.569002073,555.5555556,1012.4,70.0,1.048741095,57.0,0,-0.956862223,-0.290542057,-1.0,-1.83772e-16,-0.707106781,-0.707106781,2022-09-14
7999.0,2022.0,9.0,14.0,15.5,26.2,0.0,3.69551813,1.53073373,473.6111112,1012.5,73.0,0.967139227,59.03,0,-0.956966358,-0.290198879,-1.0,-1.83772e-16,-0.79335334,-0.608761429,2022-09-14
8000.0,2022.0,9.0,14.0,16.0,25.7,0.0,3.603130177,1.492465386,391.6666667,1012.6,76.0,0.824795749,60.0,0,-0.95707037,-0.289855665,-1.0,-1.83772e-16,-0.866025404,-0.5,2022-09-14
8001.0,2022.0,9.0,14.0,16.5,25.0,0.0,3.83410006,1.588136244,284.7222223,1012.9,77.0,0.56885652,64.57,0,-0.957174259,-0.289512412,-1.0,-1.83772e-16,-0.923879533,-0.382683432,2022-09-14
8002.0,2022.0,9.0,14.0,17.0,24.3,0.0,4.065069943,1.683807102,177.7777778,1013.2,78.0,0.371955646,64.57,0,-0.957278026,-0.289169123,-1.0,-1.83772e-16,-0.965925826,-0.258819045,2022-09-14
8003.0,2022.0,9.0,14.0,17.5,23.85,0.0,3.83410006,1.588136244,106.9444445,1013.4,79.5,0.199500378,64.57,0,-0.957381669,-0.288825797,-1.0,-1.83772e-16,-0.991444861,-0.130526192,2022-09-14
8004.0,2022.0,9.0,14.0,18.0,23.4,0.0,3.603130177,1.492465386,36.11111111,1013.6,81.0,0.067920184,62.48,0,-0.957485188,-0.288482433,-1.0,-1.83772e-16,-1.0,-1.83772e-16,2022-09-14
8005.0,2022.0,9.0,14.0,18.5,23.15,0.0,3.603130177,1.492465386,18.05555556,1013.9,82.0,0.037647551,60.05,0,-0.957588585,-0.288139032,-1.0,-1.83772e-16,-0.991444861,0.130526192,2022-09-14
8006.0,2022.0,9.0,14.0,19.0,22.9,0.0,3.603130177,1.492465386,0.0,1014.2,83.0,0.0,59.04,0,-0.957691859,-0.287795594,-1.0,-1.83772e-16,-0.965925826,0.258819045,2022-09-14
8007.0,2022.0,9.0,14.0,19.5,22.85,0.0,3.325966317,1.377660356,0.0,1014.55,83.0,0.0,47.61,0,-0.957795009,-0.287452119,-1.0,-1.83772e-16,-0.923879533,0.382683432,2022-09-14
8008.0,2022.0,9.0,14.0,20.0,22.8,0.0,3.048802457,1.262855327,0.0,1014.9,83.0,0.0,39.94,0,-0.957898036,-0.287108608,-1.0,-1.83772e-16,-0.866025404,0.5,2022-09-14
8009.0,2022.0,9.0,14.0,20.5,22.75,0.0,2.817832574,1.167184469,0.0,1015.05,81.5,0.0,43.58,0,-0.95800094,-0.286765059,-1.0,-1.83772e-16,-0.79335334,0.608761429,2022-09-14
8010.0,2022.0,9.0,14.0,21.0,22.7,0.0,2.586862691,1.071513611,0.0,1015.2,80.0,0.0,42.0,0,-0.958103721,-0.286421473,-1.0,-1.83772e-16,-0.707106781,0.707106781,2022-09-14
8011.0,2022.0,9.0,14.0,21.5,22.45,0.0,1.965182787,1.207508248,0.0,1015.25,80.5,0.0,35.01,0,-0.958206378,-0.286077851,-1.0,-1.83772e-16,-0.608761429,0.79335334,2022-09-14
8012.0,2022.0,9.0,14.0,22.0,22.2,0.0,1.343502884,1.343502884,0.0,1015.3,81.0,0.0,33.0,0,-0.958308913,-0.285734191,-1.0,-1.83772e-16,-0.5,0.866025404,2022-09-14
8013.0,2022.0,9.0,14.0,22.5,22.2,0.0,1.343502884,1.343502884,0.0,1015.2,80.5,0.0,33.0,0,-0.958411324,-0.285390495,-1.0,-1.83772e-16,-0.382683432,0.923879533,2022-09-14
8014.0,2022.0,9.0,14.0,23.0,22.2,0.0,1.343502884,1.343502884,0.0,1015.1,80.0,0.0,29.99,0,-0.958513611,-0.285046763,-1.0,-1.83772e-16,-0.258819045,0.965925826,2022-09-14
8015.0,2022.0,9.0,14.0,23.5,22.1,0.0,1.166726189,1.166726189,0.0,1015.1,80.5,0.0,24.21,0,-0.958615776,-0.284702993,-1.0,-1.83772e-16,-0.130526192,0.991444861,2022-09-14
8016.0,2022.0,9.0,15.0,0.0,22.0,0.0,0.989949494,0.989949494,0.0,1015.1,81.0,0.0,20.13,0,-0.958717817,-0.284359187,-1.0,-1.83772e-16,-2.4503e-16,1.0,2022-09-15
8017.0,2022.0,9.0,15.0,0.5,21.9,0.0,1.13137085,1.13137085,0.0,1014.95,81.5,0.0,28.0,0,-0.958819735,-0.284015345,-1.0,-1.83772e-16,0.130526192,0.991444861,2022-09-15
8018.0,2022.0,9.0,15.0,1.0,21.8,0.0,1.272792206,1.272792206,0.0,1014.8,82.0,0.0,28.0,0,-0.958921529,-0.283671466,-1.0,-1.83772e-16,0.258819045,0.965925826,2022-09-15
8019.0,2022.0,9.0,15.0,1.5,21.65,0.0,1.237436867,1.237436867,0.0,1014.7,82.0,0.0,24.21,0,-0.959023201,-0.28332755,-1.0,-1.83772e-16,0.382683432,0.923879533,2022-09-15
8020.0,2022.0,9.0,15.0,2.0,21.5,0.0,1.202081528,1.202081528,0.0,1014.6,82.0,0.0,24.21,0,-0.959124749,-0.282983598,-1.0,-1.83772e-16,0.5,0.866025404,2022-09-15
8021.0,2022.0,9.0,15.0,2.5,21.4,0.0,1.343502884,1.343502884,0.0,1014.5,82.0,0.0,28.0,0,-0.959226173,-0.28263961,-1.0,-1.83772e-16,0.608761429,0.79335334,2022-09-15
8022.0,2022.0,9.0,15.0,3.0,21.3,0.0,1.48492424,1.48492424,0.0,1014.4,82.0,0.0,28.0,0,-0.959327474,-0.282295585,-1.0,-1.83772e-16,0.707106781,0.707106781,2022-09-15
8023.0,2022.0,9.0,15.0,3.5,21.15,0.0,1.555634919,1.555634919,0.0,1014.3,83.5,0.0,28.0,0,-0.959428652,-0.281951524,-1.0,-1.83772e-16,0.79335334,0.608761429,2022-09-15
8024.0,2022.0,9.0,15.0,4.0,21.0,0.0,1.626345597,1.626345597,0.0,1014.2,85.0,0.0,28.0,0,-0.959529706,-0.281607426,-1.0,-1.83772e-16,0.866025404,0.5,2022-09-15
8025.0,2022.0,9.0,15.0,4.5,20.9,0.0,1.484924241,1.484924241,0.0,1014.15,86.5,0.0,29.99,0,-0.959630637,-0.281263293,-1.0,-1.83772e-16,0.923879533,0.382683432,2022-09-15
8026.0,2022.0,9.0,15.0,5.0,20.8,0.0,1.343502884,1.343502884,0.0,1014.1,88.0,0.0,29.99,0,-0.959731445,-0.280919123,-1.0,-1.83772e-16,0.965925826,0.258819045,2022-09-15
8027.0,2022.0,9.0,15.0,5.5,20.7,0.0,0.99703236,1.457049045,4.166666667,1014.15,88.5,0.005841759,30.0,0,-0.959832129,-0.280574917,-1.0,-1.83772e-16,0.991444861,0.130526192,2022-09-15
8028.0,2022.0,9.0,15.0,6.0,20.6,0.0,0.650561835,1.570595205,8.333333333,1014.2,89.0,0.017870747,28.0,0,-0.95993269,-0.280230675,-1.0,-1.83772e-16,1.0,6.12574e-17,2022-09-15
8029.0,2022.0,9.0,15.0,6.5,20.9,0.0,0.650561835,1.570595205,27.77777778,1014.25,87.5,0.057016096,28.0,0,-0.960033127,-0.279886397,-1.0,-1.83772e-16,0.991444861,-0.130526192,2022-09-15
8030.0,2022.0,9.0,15.0,7.0,21.2,0.0,0.650561835,1.570595205,47.22222222,1014.3,86.0,0.099366834,26.0,0,-0.960133441,-0.279542083,-1.0,-1.83772e-16,0.965925826,-0.258819045,2022-09-15
8031.0,2022.0,9.0,15.0,7.5,21.5,0.0,0.961677021,1.421693706,84.72222221,1014.25,84.0,0.166789084,23.0,0,-0.960233631,-0.279197733,-1.0,-1.83772e-16,0.923879533,-0.382683432,2022-09-15
8032.0,2022.0,9.0,15.0,8.0,21.8,0.0,1.272792206,1.272792206,122.2222222,1014.2,82.0,0.248306249,22.92,0,-0.960333698,-0.278853347,-1.0,-1.83772e-16,0.866025404,-0.5,2022-09-15
8033.0,2022.0,9.0,15.0,8.5,22.3,0.0,1.449568902,1.449568902,186.1111111,1014.2,79.5,0.351056349,12.86,0,-0.960433641,-0.278508926,-1.0,-1.83772e-16,0.79335334,-0.608761429,2022-09-15
8034.0,2022.0,9.0,15.0,9.0,22.8,0.0,1.626345597,1.626345597,250.0,1014.2,77.0,0.496471112,20.1,0,-0.96053346,-0.278164468,-1.0,-1.83772e-16,0.707106781,-0.707106781,2022-09-15
8035.0,2022.0,9.0,15.0,9.5,22.55,0.0,2.014216191,1.310661261,220.8333334,1014.2,75.5,0.488676592,29.99,0,-0.960633157,-0.277819975,-1.0,-1.83772e-16,0.608761429,-0.79335334,2022-09-15
8036.0,2022.0,9.0,15.0,10.0,22.3,0.0,2.402086785,0.994976924,191.6666667,1014.2,74.0,0.345427612,33.62,0,-0.960732729,-0.277475446,-1.0,-1.83772e-16,0.5,-0.866025404,2022-09-15
8037.0,2022.0,9.0,15.0,10.5,22.95,0.0,2.120282208,1.416727278,306.9444445,1013.8,72.0,0.611060129,23.93,0,-0.960832178,-0.277130881,-1.0,-1.83772e-16,0.382683432,-0.923879533,2022-09-15
8038.0,2022.0,9.0,15.0,11.0,23.6,0.0,1.838477631,1.838477631,422.2222222,1013.4,70.0,0.811845575,33.62,0,-0.960931504,-0.276786281,-1.0,-1.83772e-16,0.258819045,-0.965925826,2022-09-15
8039.0,2022.0,9.0,15.0,11.5,23.7,0.0,2.269238816,0.919238816,533.3333333,1013.2,70.0,1.128495537,34.11,0,-0.961030706,-0.276441645,-1.0,-1.83772e-16,0.130526192,-0.991444861,2022-09-15
8040.0,2022.0,9.0,15.0,12.0,23.8,0.0,2.7,0.0,644.4444444,1013.0,70.0,1.404568114,35.21,0,-0.961129784,-0.276096973,-1.0,-1.83772e-16,1.22515e-16,-1.0,2022-09-15
8041.0,2022.0,9.0,15.0,12.5,23.55,0.0,2.7,0.0,511.1111111,1012.75,69.5,1.022882049,27.06,0,-0.961228739,-0.275752266,-1.0,-1.83772e-16,-0.130526192,-0.991444861,2022-09-15
8042.0,2022.0,9.0,15.0,13.0,23.3,0.0,2.7,0.0,377.7777778,1012.5,69.0,0.713534761,26.0,0,-0.96132757,-0.275407524,-1.0,-1.83772e-16,-0.258819045,-0.965925826,2022-09-15
8043.0,2022.0,9.0,15.0,13.5,23.35,0.0,2.458655439,-0.459220119,330.5555556,1012.35,68.5,0.651649856,38.57,0,-0.961426277,-0.275062746,-1.0,-1.83772e-16,-0.382683432,-0.923879533,2022-09-15
8044.0,2022.0,9.0,15.0,14.0,23.4,0.0,2.217310878,-0.918440238,283.3333333,1012.2,68.0,0.549224925,40.6,0,-0.961524861,-0.274717932,-1.0,-1.83772e-16,-0.5,-0.866025404,2022-09-15
8045.0,2022.0,9.0,15.0,14.5,23.3,0.0,2.208655439,-0.459220119,280.5555556,1012.05,68.0,0.596870857,43.32,0,-0.961623321,-0.274373084,-1.0,-1.83772e-16,-0.608761429,-0.79335334,2022-09-15
8046.0,2022.0,9.0,15.0,15.0,23.2,0.0,2.2,0.0,277.7777778,1011.9,68.0,0.561542202,42.99,0,-0.961721657,-0.2740282,-1.0,-1.83772e-16,-0.707106781,-0.707106781,2022-09-15
8047.0,2022.0,9.0,15.0,15.5,22.95,0.0,2.1,0.0,216.6666667,1012.05,68.0,0.435566356,44.0,0,-0.96181987,-0.273683281,-1.0,-1.83772e-16,-0.79335334,-0.608761429,2022-09-15
8048.0,2022.0,9.0,15.0,16.0,22.7,0.0,2.0,0.0,155.5555556,1012.2,68.0,0.299946135,45.0,0,-0.961917959,-0.273338326,-1.0,-1.83772e-16,-0.866025404,-0.5,2022-09-15
8049.0,2022.0,9.0,15.0,16.5,22.6,0.0,1.9,0.0,108.3333334,1012.2,68.5,0.214057758,58.24,0,-0.962015924,-0.272993337,-1.0,-1.83772e-16,-0.923879533,-0.382683432,2022-09-15
8050.0,2022.0,9.0,15.0,17.0,22.5,0.0,1.8,0.0,61.11111111,1012.2,69.0,0.130582907,59.36,0,-0.962113766,-0.272648312,-1.0,-1.83772e-16,-0.965925826,-0.258819045,2022-09-15
8051.0,2022.0,9.0,15.0,17.5,22.35,0.0,1.639103626,0.306146746,36.11111111,1012.3,69.5,0.0740831,59.0,0,-0.962211483,-0.272303252,-1.0,-1.83772e-16,-0.991444861,-0.130526192,2022-09-15
8052.0,2022.0,9.0,15.0,18.0,22.2,0.0,1.478207252,0.612293492,11.11111111,1012.4,70.0,0.022998199,59.09,0,-0.962309077,-0.271958158,-1.0,-1.83772e-16,-1.0,-1.83772e-16,2022-09-15
8053.0,2022.0,9.0,15.0,18.5,22.15,0.0,1.709177135,0.70796435,5.555555555,1012.55,70.0,0.007643913,58.94,0,-0.962406548,-0.271613028,-1.0,-1.83772e-16,-0.991444861,0.130526192,2022-09-15
8054.0,2022.0,9.0,15.0,19.0,22.1,0.0,1.940147018,0.803635208,0.0,1012.7,70.0,0.0,49.85,0,-0.962503894,-0.271267863,-1.0,-1.83772e-16,-0.965925826,0.258819045,2022-09-15
8055.0,2022.0,9.0,15.0,19.5,21.95,0.0,1.67718029,1.108924385,0.0,1012.85,71.0,0.0,45.75,0,-0.962601117,-0.270922664,-1.0,-1.83772e-16,-0.923879533,0.382683432,2022-09-15
8056.0,2022.0,9.0,15.0,20.0,21.8,0.0,1.414213562,1.414213562,0.0,1013.0,72.0,0.0,44.47,0,-0.962698216,-0.270577429,-1.0,-1.83772e-16,-0.866025404,0.5,2022-09-15
8057.0,2022.0,9.0,15.0,20.5,21.85,0.0,1.630986314,1.089790214,0.0,1012.95,72.0,0.0,41.24,0,-0.962795191,-0.27023216,-1.0,-1.83772e-16,-0.79335334,0.608761429,2022-09-15
8058.0,2022.0,9.0,15.0,21.0,21.9,0.0,1.847759065,0.765366865,0.0,1012.9,72.0,0.0,39.85,0,-0.962892042,-0.269886856,-1.0,-1.83772e-16,-0.707106781,0.707106781,2022-09-15
8059.0,2022.0,9.0,15.0,21.5,21.6,0.0,1.524920297,0.983724196,0.0,1012.85,74.0,0.0,38.57,0,-0.96298877,-0.269541518,-1.0,-1.83772e-16,-0.608761429,0.79335334,2022-09-15
8060.0,2022.0,9.0,15.0,22.0,21.3,0.0,1.202081528,1.202081528,0.0,1012.8,76.0,0.0,29.99,0,-0.963085373,-0.269196144,-1.0,-1.83772e-16,-0.5,0.866025404,2022-09-15
8061.0,2022.0,9.0,15.0,22.5,20.9,0.0,0.888053339,1.293950414,0.0,1012.9,79.0,0.0,33.0,0,-0.963181853,-0.268850736,-1.0,-1.83772e-16,-0.382683432,0.923879533,2022-09-15
8062.0,2022.0,9.0,15.0,23.0,20.5,0.0,0.574025149,1.385819299,0.0,1013.0,82.0,0.0,24.6,0,-0.963278209,-0.268505294,-1.0,-1.83772e-16,-0.258819045,0.965925826,2022-09-15
8063.0,2022.0,9.0,15.0,23.5,19.7,0.0,0.675921304,1.081818379,0.0,1013.0,86.5,0.0,24.41,0,-0.963374441,-0.268159817,-1.0,-1.83772e-16,-0.130526192,0.991444861,2022-09-15
8064.0,2022.0,9.0,16.0,0.0,18.9,0.0,0.777817459,0.777817459,0.0,1013.0,91.0,0.0,19.96,0,-0.963470549,-0.267814305,-1.0,-1.83772e-16,-2.4503e-16,1.0,2022-09-16
8065.0,2022.0,9.0,16.0,0.5,18.3,0.0,0.919238816,0.919238816,0.0,1012.75,93.5,0.0,23.93,0,-0.963566533,-0.267468759,-1.0,-1.83772e-16,0.130526192,0.991444861,2022-09-16
8066.0,2022.0,9.0,16.0,1.0,17.7,0.0,1.060660172,1.060660172,0.0,1012.5,96.0,0.0,24.0,0,-0.963662393,-0.267123179,-1.0,-1.83772e-16,0.258819045,0.965925826,2022-09-16
8067.0,2022.0,9.0,16.0,1.5,17.35,0.0,0.530330086,1.280330086,0.0,1012.35,96.5,0.0,23.37,0,-0.963758129,-0.266777564,-1.0,-1.83772e-16,0.382683432,0.923879533,2022-09-16
8068.0,2022.0,9.0,16.0,2.0,17.0,0.0,9.19e-17,1.5,0.0,1012.2,97.0,0.0,22.97,0,-0.963853741,-0.266431915,-1.0,-1.83772e-16,0.5,0.866025404,2022-09-16
8069.0,2022.0,9.0,16.0,2.5,16.85,0.0,0.306146746,1.489103626,0.0,1012.05,98.0,0.0,25.0,0,-0.96394923,-0.266086232,-1.0,-1.83772e-16,0.608761429,0.79335334,2022-09-16
8070.0,2022.0,9.0,16.0,3.0,16.7,0.0,0.612293492,1.478207252,0.0,1011.9,99.0,0.0,28.0,0,-0.964044594,-0.265740514,-1.0,-1.83772e-16,0.707106781,0.707106781,2022-09-16
8071.0,2022.0,9.0,16.0,3.5,16.55,0.0,0.836476832,1.269433712,0.0,1011.85,99.5,0.0,28.0,0,-0.964139834,-0.265394762,-1.0,-1.83772e-16,0.79335334,0.608761429,2022-09-16
8072.0,2022.0,9.0,16.0,4.0,16.4,0.0,1.060660172,1.060660172,0.0,1011.8,100.0,0.0,28.0,0,-0.964234951,-0.265048977,-1.0,-1.83772e-16,0.866025404,0.5,2022-09-16
8073.0,2022.0,9.0,16.0,4.5,16.3,0.0,1.025304833,1.025304833,0.0,1011.95,100.0,0.0,28.0,0,-0.964329943,-0.264703157,-1.0,-1.83772e-16,0.923879533,0.382683432,2022-09-16
8074.0,2022.0,9.0,16.0,5.0,16.2,0.0,0.989949494,0.989949494,0.0,1012.1,100.0,0.0,28.0,0,-0.964424811,-0.264357303,-1.0,-1.83772e-16,0.965925826,0.258819045,2022-09-16
8075.0,2022.0,9.0,16.0,5.5,16.2,0.0,0.244974747,0.494974747,6.944444445,1012.4,100.0,0.014641406,28.0,0,-0.964519555,-0.264011415,-1.0,-1.83772e-16,0.991444861,0.130526192,2022-09-16
8076.0,2022.0,9.0,16.0,6.0,16.2,0.0,-0.5,6.13e-17,13.88888889,1012.7,100.0,0.027644008,28.0,0,-0.964614176,-0.263665493,-1.0,-1.83772e-16,1.0,6.12574e-17,2022-09-16
8077.0,2022.0,9.0,16.0,6.5,17.65,0.0,-0.02038994,0.55432772,72.22222225,1012.75,97.5,0.15042553,28.0,0,-0.964708672,-0.263319537,-1.0,-1.83772e-16,0.991444861,-0.130526192,2022-09-16
8078.0,2022.0,9.0,16.0,7.0,19.1,0.0,0.459220119,1.108655439,130.5555556,1012.8,95.0,0.268167404,25.0,0,-0.964803044,-0.262973547,-1.0,-1.83772e-16,0.965925826,-0.258819045,2022-09-16
8079.0,2022.0,9.0,16.0,7.5,20.85,0.0,0.724584807,1.049302467,256.9444445,1012.8,83.0,0.458205369,23.37,0,-0.964897292,-0.262627524,-1.0,-1.83772e-16,0.923879533,-0.382683432,2022-09-16
8080.0,2022.0,9.0,16.0,8.0,22.6,0.0,0.989949494,0.989949494,383.3333333,1012.8,71.0,0.797514914,20.4,0,-0.964991416,-0.262281466,-1.0,-1.83772e-16,0.866025404,-0.5,2022-09-16
8081.0,2022.0,9.0,16.0,8.5,23.55,0.0,0.609779776,0.772138607,472.2222222,1012.7,68.5,0.971211793,12.66,0,-0.965085415,-0.261935375,-1.0,-1.83772e-16,0.79335334,-0.608761429,2022-09-16
8082.0,2022.0,9.0,16.0,9.0,24.5,0.0,0.229610059,0.55432772,561.1111111,1012.6,66.0,1.185939715,13.76,0,-0.965179291,-0.26158925,-1.0,-1.83772e-16,0.707106781,-0.707106781,2022-09-16
8083.0,2022.0,9.0,16.0,9.5,25.3,0.0,0.39196889,0.162358831,633.3333334,1012.5,63.5,1.232891122,13.76,0,-0.965273043,-0.261243092,-1.0,-1.83772e-16,0.608761429,-0.79335334,2022-09-16
8084.0,2022.0,9.0,16.0,10.0,26.1,0.0,0.55432772,-0.229610059,705.5555556,1012.4,61.0,1.411799991,16.96,0,-0.96536667,-0.2608969,-1.0,-1.83772e-16,0.5,-0.866025404,2022-09-16
8085.0,2022.0,9.0,16.0,10.5,27.15,0.0,1.10865544,0.22961006,752.7777778,1012.05,60.5,1.6166404,19.05,0,-0.965460173,-0.260550675,-1.0,-1.83772e-16,0.382683432,-0.923879533,2022-09-16
8086.0,2022.0,9.0,16.0,11.0,28.2,0.0,1.662983159,0.688830178,800.0,1011.7,60.0,1.546075157,17.82,0,-0.965553552,-0.260204416,-1.0,-1.83772e-16,0.258819045,-0.965925826,2022-09-16
8087.0,2022.0,9.0,16.0,11.5,28.35,0.0,0.544479005,-0.34849456,761.1111111,1011.55,56.5,1.597748904,13.76,0,-0.965646807,-0.259858123,-1.0,-1.83772e-16,0.130526192,-0.991444861,2022-09-16
8088.0,2022.0,9.0,16.0,12.0,28.5,0.0,-0.574025149,-1.385819299,722.2222222,1011.4,53.0,1.386688698,16.96,0,-0.965739938,-0.259511797,-1.0,-1.83772e-16,1.22515e-16,-1.0,2022-09-16
8089.0,2022.0,9.0,16.0,12.5,28.5,0.0,-0.593159321,-1.432013276,690.2777778,1011.2,52.0,1.393725202,12.67,0,-0.965832944,-0.259165438,-1.0,-1.83772e-16,-0.130526192,-0.991444861,2022-09-16
8090.0,2022.0,9.0,16.0,13.0,28.5,0.0,-0.612293492,-1.478207252,658.3333333,1011.0,51.0,1.360267404,16.96,0,-0.965925826,-0.258819045,-1.0,-1.83772e-16,-0.258819045,-0.965925826,2022-09-16
8091.0,2022.0,9.0,16.0,13.5,28.25,0.0,0.543853254,-0.739103626,638.8888889,1010.8,53.0,1.322205202,29.99,0,-0.966018584,-0.258472619,-1.0,-1.83772e-16,-0.382683432,-0.923879533,2022-09-16
8092.0,2022.0,9.0,16.0,14.0,28.0,0.0,1.7,0.0,619.4444444,1010.6,55.0,1.43944487,41.0,0,-0.966111218,-0.25812616,-1.0,-1.83772e-16,-0.5,-0.866025404,2022-09-16
8093.0,2022.0,9.0,16.0,14.5,27.95,0.0,2.097237369,-0.516622634,470.8333333,1010.65,57.5,0.909565031,43.79,0,-0.966203727,-0.257779668,-1.0,-1.83772e-16,-0.608761429,-0.79335334,2022-09-16
8094.0,2022.0,9.0,16.0,15.0,27.9,0.0,2.494474738,-1.033245267,322.2222222,1010.7,60.0,0.685498651,45.75,0,-0.966296113,-0.257433142,-1.0,-1.83772e-16,-0.707106781,-0.707106781,2022-09-16
8095.0,2022.0,9.0,16.0,15.5,27.45,0.0,2.540668714,-1.052379439,263.8888889,1010.9,61.5,0.520230295,55.64,0,-0.966388374,-0.257086583,-1.0,-1.83772e-16,-0.79335334,-0.608761429,2022-09-16
8096.0,2022.0,9.0,16.0,16.0,27.0,0.0,2.586862691,-1.071513611,205.5555556,1011.1,63.0,0.419294295,59.27,0,-0.96648051,-0.256739992,-1.0,-1.83772e-16,-0.866025404,-0.5,2022-09-16
8097.0,2022.0,9.0,16.0,16.5,26.85,0.0,2.124922925,-0.880171895,191.6666667,1011.15,66.0,0.393361307,59.65,0,-0.966572523,-0.256393367,-1.0,-1.83772e-16,-0.923879533,-0.382683432,2022-09-16
8098.0,2022.0,9.0,16.0,17.0,26.7,0.0,1.662983159,-0.688830178,177.7777778,1011.2,69.0,0.350006767,60.35,0,-0.966664411,-0.256046709,-1.0,-1.83772e-16,-0.965925826,-0.258819045,2022-09-16
8099.0,2022.0,9.0,16.0,17.5,26.15,0.0,1.662983159,-0.688830178,105.5555556,1011.3,69.0,0.21905023,59.92,0,-0.966756174,-0.255700019,-1.0,-1.83772e-16,-0.991444861,-0.130526192,2022-09-16
8100.0,2022.0,9.0,16.0,18.0,25.6,0.0,1.662983159,-0.688830178,33.33333333,1011.4,69.0,0.067440018,62.52,0,-0.966847814,-0.255353295,-1.0,-1.83772e-16,-1.0,-1.83772e-16,2022-09-16
8101.0,2022.0,9.0,16.0,18.5,25.2,0.0,1.432013276,-0.59315932,16.66666667,1011.75,72.5,0.033528505,60.35,0,-0.966939329,-0.255006539,-1.0,-1.83772e-16,-0.991444861,0.130526192,2022-09-16
8102.0,2022.0,9.0,16.0,19.0,24.8,0.0,1.201043392,-0.497488462,0.0,1012.1,76.0,0.0,58.98,0,-0.967030719,-0.25465975,-1.0,-1.83772e-16,-0.965925826,0.258819045,2022-09-16
8103.0,2022.0,9.0,16.0,19.5,24.45,0.0,1.250521696,-0.248744231,0.0,1012.35,81.0,0.0,55.65,0,-0.967121985,-0.254312928,-1.0,-1.83772e-16,-0.923879533,0.382683432,2022-09-16
8104.0,2022.0,9.0,16.0,20.0,24.1,0.0,1.3,0.0,0.0,1012.6,86.0,0.0,42.57,0,-0.967213127,-0.253966073,-1.0,-1.83772e-16,-0.866025404,0.5,2022-09-16
8105.0,2022.0,9.0,16.0,20.5,24.1,0.0,1.250521696,0.248744231,0.0,1012.65,85.5,0.0,44.11,0,-0.967304145,-0.253619186,-1.0,-1.83772e-16,-0.79335334,0.608761429,2022-09-16
8106.0,2022.0,9.0,16.0,21.0,24.1,0.0,1.201043392,0.497488462,0.0,1012.7,85.0,0.0,38.69,0,-0.967395038,-0.253272266,-1.0,-1.83772e-16,-0.707106781,0.707106781,2022-09-16
8107.0,2022.0,9.0,16.0,21.5,24.1,0.0,1.350521696,0.248744231,0.0,1012.65,84.0,0.0,36.0,0,-0.967485807,-0.252925313,-1.0,-1.83772e-16,-0.608761429,0.79335334,2022-09-16
8108.0,2022.0,9.0,16.0,22.0,24.1,0.0,1.5,0.0,0.0,1012.6,83.0,0.0,33.0,0,-0.967576451,-0.252578328,-1.0,-1.83772e-16,-0.5,0.866025404,2022-09-16
8109.0,2022.0,9.0,16.0,22.5,23.1,0.0,0.95,0.0,0.0,1012.55,88.5,0.0,33.0,0,-0.967666971,-0.252231311,-1.0,-1.83772e-16,-0.382683432,0.923879533,2022-09-16
8110.0,2022.0,9.0,16.0,23.0,22.1,0.0,0.4,0.0,0.0,1012.5,94.0,0.0,29.99,0,-0.967757366,-0.251884261,-1.0,-1.83772e-16,-0.258819045,0.965925826,2022-09-16
8111.0,2022.0,9.0,16.0,23.5,21.95,0.0,0.765685425,0.565685425,0.0,1012.3,94.0,0.0,28.0,0,-0.967847637,-0.251537179,-1.0,-1.83772e-16,-0.130526192,0.991444861,2022-09-16
8112.0,2022.0,9.0,17.0,0.0,21.8,0.0,1.13137085,1.13137085,0.0,1012.1,94.0,0.0,22.06,0,-0.967937783,-0.251190064,-1.0,-1.83772e-16,-2.4503e-16,1.0,2022-09-17
8113.0,2022.0,9.0,17.0,0.5,22.25,0.0,1.315685425,0.565685425,0.0,1011.95,92.5,0.0,34.2,0,-0.968027805,-0.250842917,-1.0,-1.83772e-16,0.130526192,0.991444861,2022-09-17
8114.0,2022.0,9.0,17.0,1.0,22.7,0.0,1.5,0.0,0.0,1011.8,91.0,0.0,27.16,0,-0.968117702,-0.250495738,-1.0,-1.83772e-16,0.258819045,0.965925826,2022-09-17
8115.0,2022.0,9.0,17.0,1.5,22.85,0.0,0.482121597,0.646715673,0.0,1011.8,90.5,0.0,26.0,0,-0.968207475,-0.250148526,-1.0,-1.83772e-16,0.382683432,0.923879533,2022-09-17
8116.0,2022.0,9.0,17.0,2.0,23.0,0.0,-0.535756805,1.293431346,0.0,1011.8,90.0,0.0,36.82,0,-0.968297123,-0.249801283,-1.0,-1.83772e-16,0.5,0.866025404,2022-09-17
8117.0,2022.0,9.0,17.0,2.5,22.55,0.0,-0.656787132,1.035624402,0.0,1011.85,91.5,0.0,33.0,0,-0.968386647,-0.249454007,-1.0,-1.83772e-16,0.608761429,0.79335334,2022-09-17
8118.0,2022.0,9.0,17.0,3.0,22.1,0.0,-0.777817459,0.777817459,0.0,1011.9,93.0,0.0,32.26,0,-0.968476046,-0.249106699,-1.0,-1.83772e-16,0.707106781,0.707106781,2022-09-17
8119.0,2022.0,9.0,17.0,3.5,21.4,0.0,-0.235835356,0.758460543,0.0,1011.95,95.5,0.0,33.13,0,-0.968565321,-0.248759359,-1.0,-1.83772e-16,0.79335334,0.608761429,2022-09-17
8120.0,2022.0,9.0,17.0,4.0,20.7,0.0,0.306146746,0.739103626,0.0,1012.0,98.0,0.0,33.61,0,-0.968654471,-0.248411987,-1.0,-1.83772e-16,0.866025404,0.5,2022-09-17
8121.0,2022.0,9.0,17.0,4.5,20.3,0.0,0.325280918,0.785297603,0.0,1012.2,98.5,0.0,31.1,0,-0.968743497,-0.248064583,-1.0,-1.83772e-16,0.923879533,0.382683432,2022-09-17
8122.0,2022.0,9.0,17.0,5.0,19.9,0.0,0.344415089,0.831491579,0.0,1012.4,99.0,0.0,27.44,0,-0.968832398,-0.247717148,-1.0,-1.83772e-16,0.965925826,0.258819045,2022-09-17
8123.0,2022.0,9.0,17.0,5.5,20.0,0.0,0.726535264,0.645355849,5.555555555,1012.6,99.5,0.008614724,33.0,0,-0.968921174,-0.24736968,-1.0,-1.83772e-16,0.991444861,0.130526192,2022-09-17
8124.0,2022.0,9.0,17.0,6.0,20.1,0.0,1.108655439,0.459220119,11.11111111,1012.8,100.0,0.021247481,30.0,0,-0.969009826,-0.24702218,-1.0,-1.83772e-16,1.0,6.12574e-17,2022-09-17
8125.0,2022.0,9.0,17.0,6.5,21.9,0.0,1.385819299,0.574025149,91.66666666,1012.95,92.0,0.186919164,26.0,0,-0.969098353,-0.246674649,-1.0,-1.83772e-16,0.991444861,-0.130526192,2022-09-17
8126.0,2022.0,9.0,17.0,7.0,23.7,0.0,1.662983159,0.688830178,172.2222222,1013.1,84.0,0.343635517,23.44,0,-0.969186755,-0.246327086,-1.0,-1.83772e-16,0.965925826,-0.258819045,2022-09-17
8127.0,2022.0,9.0,17.0,7.5,24.4,0.0,1.255755648,0.768679158,219.4444445,1013.1,83.0,0.437365653,23.0,0,-0.969275033,-0.245979492,-1.0,-1.83772e-16,0.923879533,-0.382683432,2022-09-17
8128.0,2022.0,9.0,17.0,8.0,25.1,0.0,0.848528137,0.848528137,266.6666667,1013.1,82.0,0.535940109,23.0,0,-0.969363186,-0.245631866,-1.0,-1.83772e-16,0.866025404,-0.5,2022-09-17
8129.0,2022.0,9.0,17.0,8.5,25.95,0.0,1.274264069,0.424264069,350.0,1013.15,79.0,0.671592953,23.0,0,-0.969451215,-0.245284208,-1.0,-1.83772e-16,0.79335334,-0.608761429,2022-09-17
8130.0,2022.0,9.0,17.0,9.0,26.8,0.0,1.7,0.0,433.3333333,1013.2,76.0,0.8513851,23.0,0,-0.969539118,-0.244936518,-1.0,-1.83772e-16,0.707106781,-0.707106781,2022-09-17
8131.0,2022.0,9.0,17.0,9.5,27.35,0.0,1.496715673,-0.267878403,506.9444445,1013.15,73.5,1.042539429,23.0,0,-0.969626897,-0.244588797,-1.0,-1.83772e-16,0.608761429,-0.79335334,2022-09-17
8132.0,2022.0,9.0,17.0,10.0,27.9,0.0,1.293431346,-0.535756805,580.5555556,1013.1,71.0,1.07674088,23.0,0,-0.969714552,-0.244241045,-1.0,-1.83772e-16,0.5,-0.866025404,2022-09-17
8133.0,2022.0,9.0,17.0,10.5,28.05,0.0,1.385819299,-0.574025149,558.3333334,1012.65,70.5,1.097112296,23.0,0,-0.969802081,-0.243893261,-1.0,-1.83772e-16,0.382683432,-0.923879533,2022-09-17
8134.0,2022.0,9.0,17.0,11.0,28.2,0.0,1.478207252,-0.612293492,536.1111111,1012.2,70.0,1.075446245,23.0,0,-0.969889486,-0.243545446,-1.0,-1.83772e-16,0.258819045,-0.965925826,2022-09-17
8135.0,2022.0,9.0,17.0,11.5,28.6,0.0,1.021946339,-0.588989459,559.7222222,1012.1,66.0,1.126351248,23.0,0,-0.969976766,-0.2431976,-1.0,-1.83772e-16,0.130526192,-0.991444861,2022-09-17
8136.0,2022.0,9.0,17.0,12.0,29.0,0.0,0.565685425,-0.565685425,583.3333333,1012.0,62.0,1.2130795,23.44,0,-0.970063922,-0.242849722,-1.0,-1.83772e-16,1.22515e-16,-1.0,2022-09-17
8137.0,2022.0,9.0,17.0,12.5,29.5,0.0,0.72292866,-1.345304175,497.2222222,1011.8,61.5,1.026466906,23.37,0,-0.970150952,-0.242501813,-1.0,-1.83772e-16,-0.130526192,-0.991444861,2022-09-17
8138.0,2022.0,9.0,17.0,13.0,30.0,0.0,0.880171894,-2.124922925,411.1111111,1011.6,61.0,0.812837322,24.21,0,-0.970237858,-0.242153873,-1.0,-1.83772e-16,-0.258819045,-0.965925826,2022-09-17
8139.0,2022.0,9.0,17.0,13.5,29.9,0.0,1.456353433,-0.641509687,497.2222222,1011.35,64.0,0.980523589,27.0,0,-0.970324639,-0.241805902,-1.0,-1.83772e-16,-0.382683432,-0.923879533,2022-09-17
8140.0,2022.0,9.0,17.0,14.0,29.8,0.0,2.032534972,0.841903551,583.3333333,1011.1,67.0,1.162138447,33.13,0,-0.970411296,-0.241457899,-1.0,-1.83772e-16,-0.5,-0.866025404,2022-09-17
8141.0,2022.0,9.0,17.0,14.5,29.4,0.0,2.216267486,0.420951776,498.6111111,1011.0,68.0,1.107419234,34.2,0,-0.970497827,-0.241109866,-1.0,-1.83772e-16,-0.608761429,-0.79335334,2022-09-17
8142.0,2022.0,9.0,17.0,15.0,29.0,0.0,2.4,0.0,413.8888889,1010.9,69.0,0.837864633,39.28,0,-0.970584234,-0.240761801,-1.0,-1.83772e-16,-0.707106781,-0.707106781,2022-09-17
8143.0,2022.0,9.0,17.0,15.5,29.4,0.0,2.170073509,-0.401817604,347.2222222,1010.95,66.5,0.677256688,40.0,0,-0.970670516,-0.240413706,-1.0,-1.83772e-16,-0.79335334,-0.608761429,2022-09-17
8144.0,2022.0,9.0,17.0,16.0,29.8,0.0,1.940147018,-0.803635208,280.5555556,1011.0,64.0,0.608838231,41.1,0,-0.970756673,-0.24006558,-1.0,-1.83772e-16,-0.866025404,-0.5,2022-09-17
8145.0,2022.0,9.0,17.0,16.5,29.05,0.0,1.924667664,-1.356411759,236.1111112,1011.1,64.5,0.501766904,41.08,0,-0.970842705,-0.239717422,-1.0,-1.83772e-16,-0.923879533,-0.382683432,2022-09-17
8146.0,2022.0,9.0,17.0,17.0,28.3,0.0,1.909188309,-1.909188309,191.6666667,1011.2,65.0,0.374400613,46.49,0,-0.970928612,-0.239369234,-1.0,-1.83772e-16,-0.965925826,-0.258819045,2022-09-17
8147.0,2022.0,9.0,17.0,17.5,27.4,0.0,1.661700935,-1.661700935,102.7777778,1011.35,70.0,0.214631995,48.0,0,-0.971014394,-0.239021016,-1.0,-1.83772e-16,-0.991444861,-0.130526192,2022-09-17
8148.0,2022.0,9.0,17.0,18.0,26.5,0.0,1.414213562,-1.414213562,13.88888889,1011.5,75.0,0.02638815,49.88,0,-0.971100052,-0.238672766,-1.0,-1.83772e-16,-1.0,-1.83772e-16,2022-09-17
8149.0,2022.0,9.0,17.0,18.5,26.3,0.0,1.484924241,-1.484924241,6.944444445,1011.8,77.5,0.006956762,49.25,0,-0.971185584,-0.238324486,-1.0,-1.83772e-16,-0.991444861,0.130526192,2022-09-17
8150.0,2022.0,9.0,17.0,19.0,26.1,0.0,1.555634919,-1.555634919,0.0,1012.1,80.0,0.0,49.25,0,-0.971270992,-0.237976175,-1.0,-1.83772e-16,-0.965925826,0.258819045,2022-09-17
8151.0,2022.0,9.0,17.0,19.5,25.75,0.0,1.516921086,-1.083964206,0.0,1012.4,82.5,0.0,48.0,0,-0.971356275,-0.237627833,-1.0,-1.83772e-16,-0.923879533,0.382683432,2022-09-17
8152.0,2022.0,9.0,17.0,20.0,25.4,0.0,1.478207252,-0.612293492,0.0,1012.7,85.0,0.0,48.0,0,-0.971441433,-0.237279461,-1.0,-1.83772e-16,-0.866025404,0.5,2022-09-17
8153.0,2022.0,9.0,17.0,20.5,25.55,0.0,1.410855068,-0.977898188,0.0,1012.75,84.5,0.0,36.05,0,-0.971526466,-0.236931059,-1.0,-1.83772e-16,-0.79335334,0.608761429,2022-09-17
8154.0,2022.0,9.0,17.0,21.0,25.7,0.0,1.343502884,-1.343502884,0.0,1012.8,84.0,0.0,34.7,0,-0.971611374,-0.236582625,-1.0,-1.83772e-16,-0.707106781,0.707106781,2022-09-17
8155.0,2022.0,9.0,17.0,21.5,25.1,0.0,0.843958987,-1.087497232,0.0,1012.7,87.5,0.0,36.0,0,-0.971696157,-0.236234162,-1.0,-1.83772e-16,-0.608761429,0.79335334,2022-09-17
8156.0,2022.0,9.0,17.0,22.0,24.5,0.0,0.344415089,-0.831491579,0.0,1012.6,91.0,0.0,34.0,0,-0.971780815,-0.235885668,-1.0,-1.83772e-16,-0.5,0.866025404,2022-09-17
8157.0,2022.0,9.0,17.0,22.5,24.55,0.0,0.631826953,0.043873619,0.0,1012.25,92.0,0.0,34.7,0,-0.971865348,-0.235537144,-1.0,-1.83772e-16,-0.382683432,0.923879533,2022-09-17
8158.0,2022.0,9.0,17.0,23.0,24.6,0.0,0.919238816,0.919238816,0.0,1011.9,93.0,0.0,33.97,0,-0.971949756,-0.235188589,-1.0,-1.83772e-16,-0.258819045,0.965925826,2022-09-17
8159.0,2022.0,9.0,17.0,23.5,24.95,0.0,0.967753151,0.24914352,0.0,1011.8,90.5,0.0,33.13,0,-0.972034039,-0.234840005,-1.0,-1.83772e-16,-0.130526192,0.991444861,2022-09-17
8160.0,2022.0,9.0,18.0,0.0,25.3,0.0,1.016267486,-0.420951776,0.0,1011.7,88.0,0.0,23.37,0,-0.972118197,-0.23449139,-1.0,-1.83772e-16,-2.4503e-16,1.0,2022-09-18
8161.0,2022.0,9.0,18.0,0.5,24.85,0.0,1.016267486,0.0,0.0,1011.6,90.5,0.0,30.0,0,-0.97220223,-0.234142744,-1.0,-1.83772e-16,0.130526192,0.991444861,2022-09-18
8162.0,2022.0,9.0,18.0,1.0,24.4,0.0,1.016267486,0.420951776,0.0,1011.5,93.0,0.0,24.21,0,-0.972286138,-0.233794069,-1.0,-1.83772e-16,0.258819045,0.965925826,2022-09-18
8163.0,2022.0,9.0,18.0,1.5,24.2,0.0,1.108133743,0.210475888,0.0,1011.35,94.5,0.0,25.0,0,-0.97236992,-0.233445364,-1.0,-1.83772e-16,0.382683432,0.923879533,2022-09-18
8164.0,2022.0,9.0,18.0,2.0,24.0,0.0,1.2,0.0,0.0,1011.2,96.0,0.0,24.21,0,-0.972453578,-0.233096629,-1.0,-1.83772e-16,0.5,0.866025404,2022-09-18
8165.0,2022.0,9.0,18.0,2.5,23.8,0.0,0.98890873,0.38890873,0.0,1011.05,96.0,0.0,24.37,0,-0.972537111,-0.232747863,-1.0,-1.83772e-16,0.608761429,0.79335334,2022-09-18
8166.0,2022.0,9.0,18.0,3.0,23.6,0.0,0.777817459,0.777817459,0.0,1010.9,96.0,0.0,23.37,0,-0.972620519,-0.232399068,-1.0,-1.83772e-16,0.707106781,0.707106781,2022-09-18
8167.0,2022.0,9.0,18.0,3.5,23.45,0.0,0.88890873,0.38890873,0.0,1010.8,97.0,0.0,24.21,0,-0.972703801,-0.232050243,-1.0,-1.83772e-16,0.79335334,0.608761429,2022-09-18
8168.0,2022.0,9.0,18.0,4.0,23.3,0.0,1.0,0.0,0.0,1010.7,98.0,0.0,23.93,0,-0.972786959,-0.231701388,-1.0,-1.83772e-16,0.866025404,0.5,2022-09-18
8169.0,2022.0,9.0,18.0,4.5,23.3,0.0,0.72961006,0.55432772,0.0,1010.75,97.5,0.0,25.0,0,-0.972869991,-0.231352503,-1.0,-1.83772e-16,0.923879533,0.382683432,2022-09-18
8170.0,2022.0,9.0,18.0,5.0,23.3,0.0,0.459220119,1.108655439,0.0,1010.8,97.0,0.0,26.14,0,-0.972952898,-0.231003588,-1.0,-1.83772e-16,0.965925826,0.258819045,2022-09-18
8171.0,2022.0,9.0,18.0,5.5,23.75,0.0,0.866006163,1.190723823,5.555555555,1010.65,95.5,0.006789005,25.0,0,-0.97303568,-0.230654644,-1.0,-1.83772e-16,0.991444861,0.130526192,2022-09-18
8172.0,2022.0,9.0,18.0,6.0,24.2,0.0,1.272792206,1.272792206,11.11111111,1010.5,94.0,0.020758851,24.21,0,-0.973118337,-0.23030567,-1.0,-1.83772e-16,1.0,6.12574e-17,2022-09-18
8173.0,2022.0,9.0,18.0,6.5,24.95,0.0,1.536396103,0.636396103,56.94444445,1010.55,92.0,0.115376986,23.0,0,-0.973200869,-0.229956667,-1.0,-1.83772e-16,0.991444861,-0.130526192,2022-09-18
8174.0,2022.0,9.0,18.0,7.0,25.7,0.0,1.8,0.0,102.7777778,1010.6,90.0,0.197351463,23.0,0,-0.973283276,-0.229607634,-1.0,-1.83772e-16,0.965925826,-0.258819045,2022-09-18
8175.0,2022.0,9.0,18.0,7.5,26.75,0.0,1.925304833,-1.025304833,197.2222223,1010.55,87.0,0.365766751,23.0,0,-0.973365557,-0.229258571,-1.0,-1.83772e-16,0.923879533,-0.382683432,2022-09-18
8176.0,2022.0,9.0,18.0,8.0,27.8,0.0,2.050609665,-2.050609665,291.6666667,1010.5,84.0,0.545019211,22.0,0,-0.973447713,-0.228909479,-1.0,-1.83772e-16,0.866025404,-0.5,2022-09-18
8177.0,2022.0,9.0,18.0,8.5,28.3,0.0,2.2627417,-2.2627417,304.1666667,1010.25,81.5,0.625494879,23.0,0,-0.973529744,-0.228560357,-1.0,-1.83772e-16,0.79335334,-0.608761429,2022-09-18
8178.0,2022.0,9.0,18.0,9.0,28.8,0.0,2.474873734,-2.474873734,316.6666667,1010.0,79.0,0.67490522,23.0,0,-0.97361165,-0.228211206,-1.0,-1.83772e-16,0.707106781,-0.707106781,2022-09-18
8179.0,2022.0,9.0,18.0,9.5,28.95,0.0,2.757716447,-2.757716447,295.8333334,1009.6,77.0,0.584073948,23.0,0,-0.973693431,-0.227862026,-1.0,-1.83772e-16,0.608761429,-0.79335334,2022-09-18
8180.0,2022.0,9.0,18.0,10.0,29.1,0.0,3.040559159,-3.040559159,275.0,1009.2,75.0,0.523289416,24.0,0,-0.973775086,-0.227512816,-1.0,-1.83772e-16,0.5,-0.866025404,2022-09-18
8181.0,2022.0,9.0,18.0,10.5,28.9,0.0,2.828427125,-2.828427125,212.5,1009.0,76.5,0.41710387,25.88,0,-0.973856616,-0.227163577,-1.0,-1.83772e-16,0.382683432,-0.923879533,2022-09-18
8182.0,2022.0,9.0,18.0,11.0,28.7,0.0,2.61629509,-2.61629509,150.0,1008.8,78.0,0.285233069,27.0,0,-0.973938021,-0.226814309,-1.0,-1.83772e-16,0.258819045,-0.965925826,2022-09-18
8183.0,2022.0,9.0,18.0,11.5,28.05,0.25,1.977843552,-2.924936727,147.2222222,1008.65,82.5,0.263480666,28.82,0,-0.974019301,-0.226465012,-1.0,-1.83772e-16,0.130526192,-0.991444861,2022-09-18
8184.0,2022.0,9.0,18.0,12.0,27.4,0.5,1.339392013,-3.233578364,144.4444444,1008.5,87.0,0.294760042,28.82,0,-0.974100455,-0.226115686,-1.0,-1.83772e-16,1.22515e-16,-1.0,2022-09-18
8185.0,2022.0,9.0,18.0,12.5,27.15,0.25,1.907132874,-2.854226049,109.7222222,1008.25,89.0,0.230176155,38.13,0,-0.974181484,-0.22576633,-1.0,-1.83772e-16,-0.130526192,-0.991444861,2022-09-18
8186.0,2022.0,9.0,18.0,13.0,26.9,0.0,2.474873734,-2.474873734,75.0,1008.0,91.0,0.15512535,34.94,0,-0.974262388,-0.225416945,-1.0,-1.83772e-16,-0.258819045,-0.965925826,2022-09-18
8187.0,2022.0,9.0,18.0,13.5,26.55,0.25,2.439518395,-2.439518395,66.66666667,1007.85,92.0,0.133075581,39.71,0,-0.974343166,-0.225067532,-1.0,-1.83772e-16,-0.382683432,-0.923879533,2022-09-18
8188.0,2022.0,9.0,18.0,14.0,26.2,0.5,2.404163056,-2.404163056,58.33333333,1007.7,93.0,0.111294832,38.88,0,-0.97442382,-0.224718089,-1.0,-1.83772e-16,-0.5,-0.866025404,2022-09-18
8189.0,2022.0,9.0,18.0,14.5,25.9,1.75,2.050609665,-2.050609665,36.11111111,1007.65,95.5,0.074485781,40.65,0,-0.974504347,-0.224368618,-1.0,-1.83772e-16,-0.608761429,-0.79335334,2022-09-18
8190.0,2022.0,9.0,18.0,15.0,25.6,3.0,1.697056275,-1.697056275,13.88888889,1007.6,98.0,0.027414661,45.0,0,-0.97458475,-0.224019118,-1.0,-1.83772e-16,-0.707106781,-0.707106781,2022-09-18
8191.0,2022.0,9.0,18.0,15.5,25.4,4.25,1.307748257,-1.957183577,12.5,1007.45,98.0,0.024304627,49.53,0,-0.974665027,-0.223669589,-1.0,-1.83772e-16,-0.79335334,-0.608761429,2022-09-18
8192.0,2022.0,9.0,18.0,16.0,25.2,5.5,0.918440238,-2.217310878,11.11111111,1007.3,98.0,0.022088581,52.13,0,-0.974745179,-0.223320031,-1.0,-1.83772e-16,-0.866025404,-0.5,2022-09-18
8193.0,2022.0,9.0,18.0,16.5,25.25,6.5,1.201682239,-1.851117559,8.333333333,1007.45,98.5,0.013343892,50.4,0,-0.974825205,-0.222970444,-1.0,-1.83772e-16,-0.923879533,-0.382683432,2022-09-18
8194.0,2022.0,9.0,18.0,17.0,25.3,7.5,1.48492424,-1.48492424,5.555555556,1007.6,99.0,0.005976373,53.2,0,-0.974905106,-0.222620829,-1.0,-1.83772e-16,-0.965925826,-0.258819045,2022-09-18
8195.0,2022.0,9.0,18.0,17.5,25.45,8.25,1.239950582,-1.943505512,2.777777778,1007.55,99.0,0.001550328,54.0,0,-0.974984882,-0.222271185,-1.0,-1.83772e-16,-0.991444861,-0.130526192,2022-09-18
8196.0,2022.0,9.0,18.0,18.0,25.6,9.0,0.994976924,-2.402086785,0.0,1007.5,99.0,0.0,54.0,0,-0.975064532,-0.221921513,-1.0,-1.83772e-16,-1.0,-1.83772e-16,2022-09-18
8197.0,2022.0,9.0,18.0,18.5,25.55,4.5,1.467561971,-1.602860997,0.0,1007.5,99.0,0.0,54.0,0,-0.975144057,-0.221571812,-1.0,-1.83772e-16,-0.991444861,0.130526192,2022-09-18
8198.0,2022.0,9.0,18.0,19.0,25.5,0.0,1.940147018,-0.803635208,0.0,1007.5,99.0,0.0,53.95,0,-0.975223457,-0.221222083,-1.0,-1.83772e-16,-0.965925826,0.258819045,2022-09-18
8199.0,2022.0,9.0,18.0,19.5,25.6,0.0,1.995378342,-1.427122437,0.0,1007.7,98.5,0.0,53.72,0,-0.975302731,-0.220872325,-1.0,-1.83772e-16,-0.923879533,0.382683432,2022-09-18
8200.0,2022.0,9.0,18.0,20.0,25.7,0.0,2.050609665,-2.050609665,0.0,1007.9,98.0,0.0,53.06,0,-0.975381879,-0.220522538,-1.0,-1.83772e-16,-0.866025404,0.5,2022-09-18
8201.0,2022.0,9.0,18.0,20.5,25.7,0.0,1.561061638,-2.318736178,0.0,1007.75,98.0,0.0,49.53,0,-0.975460902,-0.220172724,-1.0,-1.83772e-16,-0.79335334,0.608761429,2022-09-18
8202.0,2022.0,9.0,18.0,21.0,25.7,0.0,1.071513611,-2.586862691,0.0,1007.6,98.0,0.0,49.53,0,-0.9755398,-0.219822881,-1.0,-1.83772e-16,-0.707106781,0.707106781,2022-09-18
8203.0,2022.0,9.0,18.0,21.5,25.6,0.0,1.631772317,-2.389446857,0.0,1007.35,98.0,0.0,45.0,0,-0.975618572,-0.219473009,-1.0,-1.83772e-16,-0.608761429,0.79335334,2022-09-18
8204.0,2022.0,9.0,18.0,22.0,25.5,0.0,2.192031022,-2.192031022,0.0,1007.1,98.0,0.0,40.85,0,-0.975697219,-0.21912311,-1.0,-1.83772e-16,-0.5,0.866025404,2022-09-18
8205.0,2022.0,9.0,18.0,22.5,25.55,5.5,1.612638145,-2.34325288,0.0,1006.9,98.5,0.0,36.0,0,-0.97577574,-0.218773182,-1.0,-1.83772e-16,-0.382683432,0.923879533,2022-09-18
8206.0,2022.0,9.0,18.0,23.0,25.6,11.0,1.033245267,-2.494474738,0.0,1006.7,99.0,0.0,33.62,0,-0.975854136,-0.218423226,-1.0,-1.83772e-16,-0.258819045,0.965925826,2022-09-18
8207.0,2022.0,9.0,18.0,23.5,25.45,6.0,1.281989498,-3.094996434,0.0,1006.45,98.5,0.0,33.61,0,-0.975932406,-0.218073242,-1.0,-1.83772e-16,-0.130526192,0.991444861,2022-09-18
8208.0,2022.0,9.0,19.0,0.0,25.3,1.0,1.530733729,-3.69551813,0.0,1006.2,98.0,0.0,23.0,0,-0.976010551,-0.21772323,-1.0,-1.83772e-16,-2.4503e-16,1.0,2022-09-19
8209.0,2022.0,9.0,19.0,0.5,25.3,3.5,1.148050297,-2.771638598,0.0,1005.95,98.5,0.0,26.1,0,-0.97608857,-0.21737319,-1.0,-1.83772e-16,0.130526192,0.991444861,2022-09-19
8210.0,2022.0,9.0,19.0,1.0,25.3,6.0,0.765366865,-1.847759065,0.0,1005.7,99.0,0.0,26.0,0,-0.976166463,-0.217023122,-1.0,-1.83772e-16,0.258819045,0.965925826,2022-09-19
8211.0,2022.0,9.0,19.0,1.5,25.4,3.0,0.765366865,-1.847759065,0.0,1005.55,99.0,0.0,23.93,0,-0.976244231,-0.216673027,-1.0,-1.83772e-16,0.382683432,0.923879533,2022-09-19
8212.0,2022.0,9.0,19.0,2.0,25.5,0.0,0.765366865,-1.847759065,0.0,1005.4,99.0,0.0,24.21,0,-0.976321874,-0.216322903,-1.0,-1.83772e-16,0.5,0.866025404,2022-09-19
8213.0,2022.0,9.0,19.0,2.5,25.55,0.0,1.160500892,-1.701696992,0.0,1005.05,99.0,0.0,23.93,0,-0.976399391,-0.215972751,-1.0,-1.83772e-16,0.608761429,0.79335334,2022-09-19
8214.0,2022.0,9.0,19.0,3.0,25.6,0.0,1.555634919,-1.555634919,0.0,1004.7,99.0,0.0,24.0,0,-0.976476782,-0.215622572,-1.0,-1.83772e-16,0.707106781,0.707106781,2022-09-19
8215.0,2022.0,9.0,19.0,3.5,25.55,0.0,1.555634919,-1.555634919,0.0,1004.35,99.0,0.0,23.37,0,-0.976554048,-0.215272365,-1.0,-1.83772e-16,0.79335334,0.608761429,2022-09-19
8216.0,2022.0,9.0,19.0,4.0,25.5,0.0,1.555634919,-1.555634919,0.0,1004.0,99.0,0.0,25.88,0,-0.976631188,-0.21492213,-1.0,-1.83772e-16,0.866025404,0.5,2022-09-19
8217.0,2022.0,9.0,19.0,4.5,25.5,0.0,1.484924241,-1.484924241,0.0,1003.95,99.0,0.0,25.88,0,-0.976708203,-0.214571868,-1.0,-1.83772e-16,0.923879533,0.382683432,2022-09-19
8218.0,2022.0,9.0,19.0,5.0,25.5,0.0,1.414213562,-1.414213562,0.0,1003.9,99.0,0.0,25.88,0,-0.976785092,-0.214221578,-1.0,-1.83772e-16,0.965925826,0.258819045,2022-09-19
8219.0,2022.0,9.0,19.0,5.5,25.5,0.0,1.378858223,-1.378858223,5.555555555,1003.85,99.0,0.004711323,25.88,0,-0.976861855,-0.21387126,-1.0,-1.83772e-16,0.991444861,0.130526192,2022-09-19
8220.0,2022.0,9.0,19.0,6.0,25.5,0.0,1.343502884,-1.343502884,11.11111111,1003.8,99.0,0.019794267,24.0,0,-0.976938493,-0.213520915,-1.0,-1.83772e-16,1.0,6.12574e-17,2022-09-19
8221.0,2022.0,9.0,19.0,6.5,25.9,0.0,1.150105733,-1.826600858,59.72222221,1003.55,98.0,0.127189637,24.0,0,-0.977015005,-0.213170543,-1.0,-1.83772e-16,0.991444861,-0.130526192,2022-09-19
8222.0,2022.0,9.0,19.0,7.0,26.3,0.0,0.956708581,-2.309698831,108.3333333,1003.3,97.0,0.230784769,23.0,0,-0.977091391,-0.212820143,-1.0,-1.83772e-16,0.965925826,-0.258819045,2022-09-19
8223.0,2022.0,9.0,19.0,7.5,26.85,0.0,0.994976924,-2.402086785,150.0,1003.2,94.5,0.281934343,23.35,0,-0.977167652,-0.212469716,-1.0,-1.83772e-16,0.923879533,-0.382683432,2022-09-19
8224.0,2022.0,9.0,19.0,8.0,27.4,0.0,1.033245267,-2.494474738,191.6666667,1003.1,92.0,0.368543552,23.93,0,-0.977243787,-0.212119261,-1.0,-1.83772e-16,0.866025404,-0.5,2022-09-19
8225.0,2022.0,9.0,19.0,8.5,27.4,0.0,1.052379439,-2.540668714,197.2222223,1002.95,91.5,0.399952666,25.0,0,-0.977319796,-0.211768779,-1.0,-1.83772e-16,0.79335334,-0.608761429,2022-09-19
8226.0,2022.0,9.0,19.0,9.0,27.4,0.0,1.071513611,-2.586862691,202.7777778,1002.8,91.0,0.391364447,29.44,0,-0.97739568,-0.21141827,-1.0,-1.83772e-16,0.707106781,-0.707106781,2022-09-19
8227.0,2022.0,9.0,19.0,9.5,28.65,0.0,0.975842753,-2.355892808,356.9444445,1002.35,86.5,0.607621366,33.62,0,-0.977471438,-0.211067734,-1.0,-1.83772e-16,0.608761429,-0.79335334,2022-09-19
8228.0,2022.0,9.0,19.0,10.0,29.9,0.0,0.880171894,-2.124922925,511.1111111,1001.9,82.0,1.051906269,38.68,0,-0.97754707,-0.21071717,-1.0,-1.83772e-16,0.5,-0.866025404,2022-09-19
8229.0,2022.0,9.0,19.0,10.5,30.2,0.0,0.440085947,-3.462461463,512.5,1001.3,78.0,1.025931517,38.82,0,-0.977622577,-0.21036658,-1.0,-1.83772e-16,0.382683432,-0.923879533,2022-09-19
8230.0,2022.0,9.0,19.0,11.0,30.5,0.0,-8.82e-16,-4.8,513.8888889,1000.7,74.0,1.07717694,38.77,0,-0.977697957,-0.210015962,-1.0,-1.83772e-16,0.258819045,-0.965925826,2022-09-19
8231.0,2022.0,9.0,19.0,11.5,30.7,0.0,-1e-15,-5.45,526.3888889,1000.45,71.0,1.106796588,35.54,0,-0.977773212,-0.209665318,-1.0,-1.83772e-16,0.130526192,-0.991444861,2022-09-19
8232.0,2022.0,9.0,19.0,12.0,30.9,0.0,-1.12e-15,-6.1,538.8888889,1000.2,68.0,1.136387481,34.7,0,-0.977848342,-0.209314646,-1.0,-1.83772e-16,1.22515e-16,-1.0,2022-09-19
8233.0,2022.0,9.0,19.0,12.5,29.75,2.5,-0.841903551,-5.082534971,466.6666667,999.8,76.0,0.894043016,33.97,0,-0.977923345,-0.208963947,-1.0,-1.83772e-16,-0.130526192,-0.991444861,2022-09-19
8234.0,2022.0,9.0,19.0,13.0,28.6,5.0,-1.683807102,-4.065069943,394.4444444,999.4,84.0,0.813245421,33.62,0,-0.977998223,-0.208613222,-1.0,-1.83772e-16,-0.258819045,-0.965925826,2022-09-19
8235.0,2022.0,9.0,19.0,13.5,27.8,5.25,-1.262855327,-3.048802458,308.3333333,999.05,87.5,0.608866286,35.94,0,-0.978072975,-0.20826247,-1.0,-1.83772e-16,-0.382683432,-0.923879533,2022-09-19
8236.0,2022.0,9.0,19.0,14.0,27.0,5.5,-0.841903551,-2.032534972,222.2222222,998.7,91.0,0.409580345,41.1,0,-0.978147601,-0.207911691,-1.0,-1.83772e-16,-0.5,-0.866025404,2022-09-19
8237.0,2022.0,9.0,19.0,14.5,27.3,2.75,-0.420951776,-4.016267486,262.5,998.4,87.5,0.544641314,39.28,0,-0.978222101,-0.207560885,-1.0,-1.83772e-16,-0.608761429,-0.79335334,2022-09-19
8238.0,2022.0,9.0,19.0,15.0,27.6,0.0,-1.1e-15,-6.0,302.7777778,998.1,84.0,0.607350117,50.0,0,-0.978296476,-0.207210053,-1.0,-1.83772e-16,-0.707106781,-0.707106781,2022-09-19
8239.0,2022.0,9.0,19.0,15.5,27.6,0.5,-1.14e-15,-6.2,315.2777778,997.7,85.0,0.593182563,41.1,0,-0.978370724,-0.206859194,-1.0,-1.83772e-16,-0.79335334,-0.608761429,2022-09-19
8240.0,2022.0,9.0,19.0,16.0,27.6,1.0,-1.18e-15,-6.4,327.7777778,997.3,86.0,0.696472885,51.31,0,-0.978444847,-0.206508308,-1.0,-1.83772e-16,-0.866025404,-0.5,2022-09-19
8241.0,2022.0,9.0,19.0,16.5,27.75,0.5,-1.07e-15,-5.8,208.3333333,997.35,84.0,0.418240408,53.2,0,-0.978518844,-0.206157396,-1.0,-1.83772e-16,-0.923879533,-0.382683432,2022-09-19
8242.0,2022.0,9.0,19.0,17.0,27.9,0.0,-9.56e-16,-5.2,88.88888889,997.4,82.0,0.170828672,53.52,0,-0.978592715,-0.205806457,-1.0,-1.83772e-16,-0.965925826,-0.258819045,2022-09-19
8243.0,2022.0,9.0,19.0,17.5,27.6,0.0,-8.83e-16,-4.8,52.77777778,997.25,83.0,0.108913074,54.0,0,-0.978666461,-0.205455492,-1.0,-1.83772e-16,-0.991444861,-0.130526192,2022-09-19
8244.0,2022.0,9.0,19.0,18.0,27.3,0.0,-8.09e-16,-4.4,16.66666667,997.1,84.0,0.034178702,54.0,0,-0.97874008,-0.2051045,-1.0,-1.83772e-16,-1.0,-1.83772e-16,2022-09-19
8245.0,2022.0,9.0,19.0,18.5,26.95,0.0,0.727098521,-3.955371112,8.333333335,997.05,86.0,0.008606568,54.0,0,-0.978813574,-0.204753482,-1.0,-1.83772e-16,-0.991444861,0.130526192,2022-09-19
8246.0,2022.0,9.0,19.0,19.0,26.6,0.0,1.454197043,-3.510742224,0.0,997.0,88.0,0.0,53.95,0,-0.978886941,-0.204402437,-1.0,-1.83772e-16,-0.965925826,0.258819045,2022-09-19
8247.0,2022.0,9.0,19.0,19.5,26.55,0.0,1.454197043,-3.510742224,0.0,996.9,88.5,0.0,53.86,0,-0.978960183,-0.204051367,-1.0,-1.83772e-16,-0.923879533,0.382683432,2022-09-19
8248.0,2022.0,9.0,19.0,20.0,26.5,0.0,1.454197043,-3.510742224,0.0,996.8,89.0,0.0,52.07,0,-0.979033299,-0.20370027,-1.0,-1.83772e-16,-0.866025404,0.5,2022-09-19
8249.0,2022.0,9.0,19.0,20.5,26.5,0.0,1.396794528,-3.372160294,0.0,996.6,88.5,0.0,38.27,0,-0.979106289,-0.203349147,-1.0,-1.83772e-16,-0.79335334,0.608761429,2022-09-19
8250.0,2022.0,9.0,19.0,21.0,26.5,0.0,1.339392013,-3.233578364,0.0,996.4,88.0,0.0,41.05,0,-0.979179153,-0.202997997,-1.0,-1.83772e-16,-0.707106781,0.707106781,2022-09-19
8251.0,2022.0,9.0,19.0,21.5,26.6,0.0,1.53073373,-3.69551813,0.0,996.05,87.0,0.0,36.0,0,-0.979251891,-0.202646822,-1.0,-1.83772e-16,-0.608761429,0.79335334,2022-09-19
8252.0,2022.0,9.0,19.0,22.0,26.7,0.0,1.722075446,-4.157457896,0.0,995.7,86.0,0.0,36.0,0,-0.979324503,-0.202295621,-1.0,-1.83772e-16,-0.5,0.866025404,2022-09-19
8253.0,2022.0,9.0,19.0,22.5,26.75,0.0,1.702941274,-4.11126392,0.0,995.2,85.5,0.0,37.91,0,-0.979396989,-0.201944393,-1.0,-1.83772e-16,-0.382683432,0.923879533,2022-09-19
8254.0,2022.0,9.0,19.0,23.0,26.8,0.0,1.683807102,-4.065069943,0.0,994.7,85.0,0.0,35.62,0,-0.979469349,-0.20159314,-1.0,-1.83772e-16,-0.258819045,0.965925826,2022-09-19
8255.0,2022.0,9.0,19.0,23.5,27.3,0.0,0.841903551,-5.182534972,0.0,994.35,81.5,0.0,29.44,0,-0.979541583,-0.20124186,-1.0,-1.83772e-16,-0.130526192,0.991444861,2022-09-19
8256.0,2022.0,9.0,20.0,0.0,27.8,0.0,-1.16e-15,-6.3,0.0,994.0,78.0,0.0,23.0,0,-0.979613692,-0.200890555,-1.0,-1.83772e-16,-2.4503e-16,1.0,2022-09-20
8257.0,2022.0,9.0,20.0,0.5,27.6,0.0,-1.04e-15,-5.65,0.0,993.75,79.5,0.0,30.0,0,-0.979685674,-0.200539224,-1.0,-1.83772e-16,0.130526192,0.991444861,2022-09-20
8258.0,2022.0,9.0,20.0,1.0,27.4,0.0,-9.19e-16,-5.0,0.0,993.5,81.0,0.0,30.0,0,-0.97975753,-0.200187867,-1.0,-1.83772e-16,0.258819045,0.965925826,2022-09-20
8259.0,2022.0,9.0,20.0,1.5,27.65,0.0,-9.85e-16,-5.35,0.0,993.3,79.5,0.0,28.0,0,-0.97982926,-0.199836485,-1.0,-1.83772e-16,0.382683432,0.923879533,2022-09-20
8260.0,2022.0,9.0,20.0,2.0,27.9,0.0,-1.05e-15,-5.7,0.0,993.1,78.0,0.0,28.0,0,-0.979900865,-0.199485076,-1.0,-1.83772e-16,0.5,0.866025404,2022-09-20
8261.0,2022.0,9.0,20.0,2.5,27.95,0.0,-1.11e-15,-6.0,0.0,992.7,78.0,0.0,26.5,0,-0.979972343,-0.199133642,-1.0,-1.83772e-16,0.608761429,0.79335334,2022-09-20
8262.0,2022.0,9.0,20.0,3.0,28.0,0.0,-1.16e-15,-6.3,0.0,992.3,78.0,0.0,26.0,0,-0.980043695,-0.198782183,-1.0,-1.83772e-16,0.707106781,0.707106781,2022-09-20
8263.0,2022.0,9.0,20.0,3.5,28.05,0.0,-1.23e-15,-6.7,0.0,992.1,77.5,0.0,28.0,0,-0.980114921,-0.198430697,-1.0,-1.83772e-16,0.79335334,0.608761429,2022-09-20
8264.0,2022.0,9.0,20.0,4.0,28.1,0.0,-1.3e-15,-7.1,0.0,991.9,77.0,0.0,27.16,0,-0.980186021,-0.198079187,-1.0,-1.83772e-16,0.866025404,0.5,2022-09-20
8265.0,2022.0,9.0,20.0,4.5,27.05,1.75,-1.128916126,-6.275444621,0.0,992.0,85.0,0.0,27.16,0,-0.980256995,-0.197727651,-1.0,-1.83772e-16,0.923879533,0.382683432,2022-09-20
8266.0,2022.0,9.0,20.0,5.0,26.0,3.5,-2.257832251,-5.450889242,0.0,992.1,93.0,0.0,29.99,0,-0.980327843,-0.197376089,-1.0,-1.83772e-16,0.965925826,0.258819045,2022-09-20
8267.0,2022.0,9.0,20.0,5.5,26.05,2.5,-2.257832251,-5.450889242,1.388888889,992.25,92.5,0.000280039,30.0,0,-0.980398565,-0.197024502,-1.0,-1.83772e-16,0.991444861,0.130526192,2022-09-20
8268.0,2022.0,9.0,20.0,6.0,26.1,1.5,-2.257832251,-5.450889242,2.777777778,992.4,92.0,0.001185117,30.0,0,-0.98046916,-0.19667289,-1.0,-1.83772e-16,1.0,6.12574e-17,2022-09-20
8269.0,2022.0,9.0,20.0,6.5,26.45,2.5,-2.276966423,-5.497083219,26.38888889,992.8,91.0,0.055076196,30.0,0,-0.98053963,-0.196321252,-1.0,-1.83772e-16,0.991444861,-0.130526192,2022-09-20
8270.0,2022.0,9.0,20.0,7.0,26.8,3.5,-2.296100594,-5.543277195,50.0,993.2,90.0,0.094579859,30.0,0,-0.980609973,-0.195969589,-1.0,-1.83772e-16,0.965925826,-0.258819045,2022-09-20
8271.0,2022.0,9.0,20.0,7.5,27.1,1.75,-2.219563908,-5.358501288,84.7222222,993.6,87.5,0.177428085,30.0,0,-0.980680191,-0.195617901,-1.0,-1.83772e-16,0.923879533,-0.382683432,2022-09-20
8272.0,2022.0,9.0,20.0,8.0,27.4,0.0,-2.143027221,-5.173725382,119.4444444,994.0,85.0,0.23964792,30.0,0,-0.980750282,-0.195266188,-1.0,-1.83772e-16,0.866025404,-0.5,2022-09-20
8273.0,2022.0,9.0,20.0,8.5,27.15,0.0,-2.296100594,-5.543277195,116.6666667,994.25,86.5,0.220369916,30.0,0,-0.980820247,-0.19491445,-1.0,-1.83772e-16,0.79335334,-0.608761429,2022-09-20
8274.0,2022.0,9.0,20.0,9.0,26.9,0.0,-2.449173967,-5.912829008,113.8888889,994.5,88.0,0.225391479,30.0,0,-0.980890086,-0.194562686,-1.0,-1.83772e-16,0.707106781,-0.707106781,2022-09-20
8275.0,2022.0,9.0,20.0,9.5,27.25,0.0,-1.224586984,-5.156414504,175.0,994.45,87.5,0.334921993,52.78,0,-0.980959799,-0.194210898,-1.0,-1.83772e-16,0.608761429,-0.79335334,2022-09-20
8276.0,2022.0,9.0,20.0,10.0,27.6,0.0,-8.09e-16,-4.4,236.1111111,994.4,87.0,0.496771872,53.03,0,-0.981029386,-0.193859084,-1.0,-1.83772e-16,0.5,-0.866025404,2022-09-20
8277.0,2022.0,9.0,20.0,10.5,25.1,1.25,-1.247237369,-2.716622634,165.2777778,995.05,92.0,0.306616209,30.0,0,-0.981098846,-0.193507246,-1.0,-1.83772e-16,0.382683432,-0.923879533,2022-09-20
8278.0,2022.0,9.0,20.0,11.0,22.6,2.5,-2.494474738,-1.033245267,94.44444444,995.7,97.0,0.190819219,30.0,0,-0.98116818,-0.193155383,-1.0,-1.83772e-16,0.258819045,-0.965925826,2022-09-20
8279.0,2022.0,9.0,20.0,11.5,22.75,2.25,-2.679250644,-1.109781954,173.6111111,995.65,96.5,0.362571558,30.0,0,-0.981237388,-0.192803495,-1.0,-1.83772e-16,0.130526192,-0.991444861,2022-09-20
8280.0,2022.0,9.0,20.0,12.0,22.9,2.0,-2.864026551,-1.18631864,252.7777778,995.6,96.0,0.550023568,30.0,0,-0.98130647,-0.192451582,-1.0,-1.83772e-16,1.22515e-16,-1.0,2022-09-20
8281.0,2022.0,9.0,20.0,12.5,22.9,1.0,-2.771638598,-0.038268343,216.6666667,995.75,96.5,0.438263233,30.0,0,-0.981375426,-0.192099644,-1.0,-1.83772e-16,-0.130526192,-0.991444861,2022-09-20
8282.0,2022.0,9.0,20.0,13.0,22.9,0.0,-2.679250644,1.109781954,180.5555556,995.9,97.0,0.350325786,30.0,0,-0.981444255,-0.191747682,-1.0,-1.83772e-16,-0.258819045,-0.965925826,2022-09-20
8283.0,2022.0,9.0,20.0,13.5,22.0,0.25,-2.753838885,1.96910454,123.6111111,996.6,96.5,0.243136941,51.0,0,-0.981512959,-0.191395695,-1.0,-1.83772e-16,-0.382683432,-0.923879533,2022-09-20
8284.0,2022.0,9.0,20.0,14.0,21.1,0.5,-2.828427125,2.828427125,66.66666667,997.3,96.0,0.135669955,51.0,0,-0.981581536,-0.191043683,-1.0,-1.83772e-16,-0.5,-0.866025404,2022-09-20
8285.0,2022.0,9.0,20.0,14.5,20.75,0.5,-2.404163056,2.404163056,55.55555556,998.0,96.5,0.11231964,51.0,0,-0.981649986,-0.190691647,-1.0,-1.83772e-16,-0.608761429,-0.79335334,2022-09-20
8286.0,2022.0,9.0,20.0,15.0,20.4,0.5,-1.979898987,1.979898987,44.44444444,998.7,97.0,0.0867806,51.0,0,-0.981718311,-0.190339587,-1.0,-1.83772e-16,-0.707106781,-0.707106781,2022-09-20
8287.0,2022.0,9.0,20.0,15.5,20.15,1.5,-2.015254326,2.015254326,55.55555556,999.3,97.5,0.105608296,54.33,0,-0.981786509,-0.189987501,-1.0,-1.83772e-16,-0.79335334,-0.608761429,2022-09-20
8288.0,2022.0,9.0,20.0,16.0,19.9,2.5,-2.050609665,2.050609665,66.66666667,999.9,98.0,0.137619268,54.76,0,-0.981854581,-0.189635392,-1.0,-1.83772e-16,-0.866025404,-0.5,2022-09-20
8289.0,2022.0,9.0,20.0,16.5,19.45,1.5,-0.585218886,2.087766295,47.22222222,1000.45,97.5,0.098798626,54.3,0,-0.981922527,-0.189283258,-1.0,-1.83772e-16,-0.923879533,-0.382683432,2022-09-20
8290.0,2022.0,9.0,20.0,17.0,19.0,0.5,0.880171894,2.124922925,27.77777778,1001.0,97.0,0.053926743,54.51,0,-0.981990346,-0.188931099,-1.0,-1.83772e-16,-0.965925826,-0.258819045,2022-09-20
8291.0,2022.0,9.0,20.0,17.5,18.55,0.25,1.394680102,2.017055617,15.27777778,1001.65,97.0,0.029149572,54.76,0,-0.982058039,-0.188578917,-1.0,-1.83772e-16,-0.991444861,-0.130526192,2022-09-20
8292.0,2022.0,9.0,20.0,18.0,18.1,0.0,1.909188309,1.909188309,2.777777778,1002.3,97.0,0.00472948,54.49,0,-0.982125606,-0.18822671,-1.0,-1.83772e-16,-1.0,-1.83772e-16,2022-09-20
8293.0,2022.0,9.0,20.0,18.5,17.55,0.5,1.909188309,1.909188309,1.388888889,1003.05,97.5,0.002105454,54.16,0,-0.982193046,-0.187874479,-1.0,-1.83772e-16,-0.991444861,0.130526192,2022-09-20
8294.0,2022.0,9.0,20.0,19.0,17.0,1.0,1.909188309,1.909188309,0.0,1003.8,98.0,0.0,53.55,0,-0.98226036,-0.187522223,-1.0,-1.83772e-16,-0.965925826,0.258819045,2022-09-20
8295.0,2022.0,9.0,20.0,19.5,16.95,0.75,1.590990258,1.590990258,0.0,1004.45,98.0,0.0,50.01,0,-0.982327548,-0.187169944,-1.0,-1.83772e-16,-0.923879533,0.382683432,2022-09-20
8296.0,2022.0,9.0,20.0,20.0,16.9,0.5,1.272792206,1.272792206,0.0,1005.1,98.0,0.0,40.2,0,-0.98239461,-0.186817641,-1.0,-1.83772e-16,-0.866025404,0.5,2022-09-20
8297.0,2022.0,9.0,20.0,20.5,16.85,0.5,0.942542849,1.375499729,0.0,1005.6,98.5,0.0,40.29,0,-0.982461545,-0.186465313,-1.0,-1.83772e-16,-0.79335334,0.608761429,2022-09-20
8298.0,2022.0,9.0,20.0,21.0,16.8,0.5,0.612293492,1.478207252,0.0,1006.1,99.0,0.0,39.49,0,-0.982528354,-0.186112962,-1.0,-1.83772e-16,-0.707106781,0.707106781,2022-09-20
8299.0,2022.0,9.0,20.0,21.5,16.75,0.25,1.013253527,1.446210407,0.0,1006.3,99.0,0.0,29.99,0,-0.982595036,-0.185760586,-1.0,-1.83772e-16,-0.608761429,0.79335334,2022-09-20
8300.0,2022.0,9.0,20.0,22.0,16.7,0.0,1.414213562,1.414213562,0.0,1006.5,99.0,0.0,30.0,0,-0.982661592,-0.185408187,-1.0,-1.83772e-16,-0.5,0.866025404,2022-09-20
8301.0,2022.0,9.0,20.0,22.5,16.4,0.25,1.128058557,1.723374267,0.0,1006.8,99.0,0.0,30.0,0,-0.982728022,-0.185055764,-1.0,-1.83772e-16,-0.382683432,0.923879533,2022-09-20
8302.0,2022.0,9.0,20.0,23.0,16.1,0.5,0.841903551,2.032534972,0.0,1007.1,99.0,0.0,30.0,0,-0.982794325,-0.184703317,-1.0,-1.83772e-16,-0.258819045,0.965925826,2022-09-20
8303.0,2022.0,9.0,20.0,23.5,15.9,0.5,1.304835252,1.900150963,0.0,1007.1,98.5,0.0,29.99,0,-0.982860502,-0.184350846,-1.0,-1.83772e-16,-0.130526192,0.991444861,2022-09-20
8304.0,2022.0,9.0,21.0,0.0,15.7,0.5,1.767766953,1.767766953,0.0,1007.1,98.0,0.0,23.37,0,-0.982926552,-0.183998352,-1.0,-1.83772e-16,-2.4503e-16,1.0,2022-09-21
8305.0,2022.0,9.0,21.0,0.5,15.75,0.25,1.697056275,1.697056275,0.0,1007.35,98.0,0.0,27.16,0,-0.982992476,-0.183645834,-1.0,-1.83772e-16,0.130526192,0.991444861,2022-09-21
8306.0,2022.0,9.0,21.0,1.0,15.8,0.0,1.626345597,1.626345597,0.0,1007.6,98.0,0.0,28.0,0,-0.983058274,-0.183293292,-1.0,-1.83772e-16,0.258819045,0.965925826,2022-09-21
8307.0,2022.0,9.0,21.0,1.5,15.8,0.0,1.449568902,1.449568902,0.0,1007.9,98.0,0.0,24.21,0,-0.983123945,-0.182940727,-1.0,-1.83772e-16,0.382683432,0.923879533,2022-09-21
8308.0,2022.0,9.0,21.0,2.0,15.8,0.0,1.272792206,1.272792206,0.0,1008.2,98.0,0.0,25.88,0,-0.983189489,-0.182588138,-1.0,-1.83772e-16,0.5,0.866025404,2022-09-21
8309.0,2022.0,9.0,21.0,2.5,15.75,0.0,1.13137085,1.13137085,0.0,1008.45,97.5,0.0,25.88,0,-0.983254908,-0.182235525,-1.0,-1.83772e-16,0.608761429,0.79335334,2022-09-21
8310.0,2022.0,9.0,21.0,3.0,15.7,0.0,0.989949494,0.989949494,0.0,1008.7,97.0,0.0,28.0,0,-0.983320199,-0.18188289,-1.0,-1.83772e-16,0.707106781,0.707106781,2022-09-21
8311.0,2022.0,9.0,21.0,3.5,15.65,0.0,0.839389836,1.326466326,0.0,1008.8,97.5,0.0,27.44,0,-0.983385365,-0.181530231,-1.0,-1.83772e-16,0.79335334,0.608761429,2022-09-21
8312.0,2022.0,9.0,21.0,4.0,15.6,0.0,0.688830178,1.662983159,0.0,1008.9,98.0,0.0,27.42,0,-0.983450403,-0.181177548,-1.0,-1.83772e-16,0.866025404,0.5,2022-09-21
8313.0,2022.0,9.0,21.0,4.5,15.6,0.0,0.650561835,1.570595206,0.0,1008.95,98.0,0.0,27.43,0,-0.983515316,-0.180824842,-1.0,-1.83772e-16,0.923879533,0.382683432,2022-09-21
8314.0,2022.0,9.0,21.0,5.0,15.6,0.0,0.612293492,1.478207252,0.0,1009.0,98.0,0.0,27.45,0,-0.983580102,-0.180472113,-1.0,-1.83772e-16,0.965925826,0.258819045,2022-09-21
8315.0,2022.0,9.0,21.0,5.5,15.6,0.0,0.574025149,1.385819299,2.777777778,1009.6,96.5,0.0059053,27.45,0,-0.983644761,-0.180119361,-1.0,-1.83772e-16,0.991444861,0.130526192,2022-09-21
8316.0,2022.0,9.0,21.0,6.0,15.6,0.0,0.535756805,1.293431346,5.555555556,1010.2,95.0,0.011622417,26.5,0,-0.983709294,-0.179766586,-1.0,-1.83772e-16,1.0,6.12574e-17,2022-09-21
8317.0,2022.0,9.0,21.0,6.5,16.0,0.0,0.868400099,0.895459904,27.77777778,1010.55,92.5,0.054322848,26.5,0,-0.9837737,-0.179413787,-1.0,-1.83772e-16,0.991444861,-0.130526192,2022-09-21
8318.0,2022.0,9.0,21.0,7.0,16.4,0.0,1.201043392,0.497488462,50.0,1010.9,90.0,0.102902039,27.16,0,-0.98383798,-0.179060966,-1.0,-1.83772e-16,0.965925826,-0.258819045,2022-09-21
8319.0,2022.0,9.0,21.0,7.5,16.55,0.0,1.130851782,0.779074317,86.1111111,1011.3,89.0,0.180381713,27.16,0,-0.983902133,-0.178708121,-1.0,-1.83772e-16,0.923879533,-0.382683432,2022-09-21
8320.0,2022.0,9.0,21.0,8.0,16.7,0.0,1.060660172,1.060660172,122.2222222,1011.7,88.0,0.233672381,27.51,0,-0.98396616,-0.178355253,-1.0,-1.83772e-16,0.866025404,-0.5,2022-09-21
8321.0,2022.0,9.0,21.0,8.5,16.95,0.0,0.530330086,1.480330086,119.4444444,1012.25,87.0,0.240829306,23.93,0,-0.98403006,-0.178002363,-1.0,-1.83772e-16,0.79335334,-0.608761429,2022-09-21
8322.0,2022.0,9.0,21.0,9.0,17.2,0.0,1.16e-16,1.9,116.6666667,1012.8,86.0,0.243438092,26.0,0,-0.984093834,-0.177649449,-1.0,-1.83772e-16,0.707106781,-0.707106781,2022-09-21
8323.0,2022.0,9.0,21.0,9.5,18.35,0.0,0.989949494,1.939949494,265.2777778,1012.75,79.5,0.473602906,24.21,0,-0.984157481,-0.177296513,-1.0,-1.83772e-16,0.608761429,-0.79335334,2022-09-21
8324.0,2022.0,9.0,21.0,10.0,19.5,0.0,1.979898987,1.979898987,413.8888889,1012.7,73.0,0.812157627,25.0,0,-0.984221001,-0.176943554,-1.0,-1.83772e-16,0.5,-0.866025404,2022-09-21
8325.0,2022.0,9.0,21.0,10.5,19.8,0.0,1.767766953,1.767766953,538.8888889,1012.5,71.0,1.107346966,23.93,0,-0.984284395,-0.176590572,-1.0,-1.83772e-16,0.382683432,-0.923879533,2022-09-21
8326.0,2022.0,9.0,21.0,11.0,20.1,0.0,1.555634919,1.555634919,663.8888889,1012.3,69.0,1.37400144,23.93,0,-0.984347662,-0.176237568,-1.0,-1.83772e-16,0.258819045,-0.965925826,2022-09-21
8327.0,2022.0,9.0,21.0,11.5,20.5,0.0,1.484924241,1.484924241,655.5555556,1012.15,68.0,1.468711211,23.44,0,-0.984410803,-0.17588454,-1.0,-1.83772e-16,0.130526192,-0.991444861,2022-09-21
8328.0,2022.0,9.0,21.0,12.0,20.9,0.0,1.414213562,1.414213562,647.2222222,1012.0,67.0,1.491378679,19.98,0,-0.984473817,-0.17553149,-1.0,-1.83772e-16,1.22515e-16,-1.0,2022-09-21
8329.0,2022.0,9.0,21.0,12.5,21.05,0.0,1.204595243,1.908150174,631.9444445,1011.9,66.0,1.301768736,13.13,0,-0.984536704,-0.175178418,-1.0,-1.83772e-16,-0.130526192,-0.991444861,2022-09-21
8330.0,2022.0,9.0,21.0,13.0,21.2,0.0,0.994976924,2.402086785,616.6666667,1011.8,65.0,1.240776629,13.61,0,-0.984599465,-0.174825323,-1.0,-1.83772e-16,-0.258819045,-0.965925826,2022-09-21
8331.0,2022.0,9.0,21.0,13.5,21.25,0.0,1.239950582,1.943505512,519.4444445,1011.85,65.5,0.950711781,20.0,0,-0.984662099,-0.174472206,-1.0,-1.83772e-16,-0.382683432,-0.923879533,2022-09-21
8332.0,2022.0,9.0,21.0,14.0,21.3,0.0,1.48492424,1.48492424,422.2222222,1011.9,66.0,0.857251515,20.0,0,-0.984724607,-0.174119066,-1.0,-1.83772e-16,-0.5,-0.866025404,2022-09-21
8333.0,2022.0,9.0,21.0,14.5,21.25,0.0,1.527759723,1.067743038,311.1111111,1012.15,66.5,0.604377964,21.75,0,-0.984786988,-0.173765903,-1.0,-1.83772e-16,-0.608761429,-0.79335334,2022-09-21
8334.0,2022.0,9.0,21.0,15.0,21.2,0.0,1.570595205,0.650561835,200.0,1012.4,67.0,0.405077557,25.0,0,-0.984849242,-0.173412719,-1.0,-1.83772e-16,-0.707106781,-0.707106781,2022-09-21
8335.0,2022.0,9.0,21.0,15.5,20.85,0.0,1.893953042,0.784501037,194.4444445,1012.6,68.5,0.403850602,29.44,0,-0.984911369,-0.173059512,-1.0,-1.83772e-16,-0.79335334,-0.608761429,2022-09-21
8336.0,2022.0,9.0,21.0,16.0,20.5,0.0,2.217310878,0.918440238,188.8888889,1012.8,70.0,0.397737601,36.01,0,-0.98497337,-0.172706283,-1.0,-1.83772e-16,-0.866025404,-0.5,2022-09-21
8337.0,2022.0,9.0,21.0,16.5,20.15,0.0,2.402086785,0.994976925,118.0555556,1013.4,70.0,0.252422333,41.25,0,-0.985035244,-0.172353031,-1.0,-1.83772e-16,-0.923879533,-0.382683432,2022-09-21
8338.0,2022.0,9.0,21.0,17.0,19.8,0.0,2.586862691,1.071513611,47.22222222,1014.0,70.0,0.100145445,49.29,0,-0.985096992,-0.171999758,-1.0,-1.83772e-16,-0.965925826,-0.258819045,2022-09-21
8339.0,2022.0,9.0,21.0,17.5,19.45,0.0,2.283380839,1.525706299,30.55555555,1014.3,70.0,0.055323133,41.33,0,-0.985158613,-0.171646462,-1.0,-1.83772e-16,-0.991444861,-0.130526192,2022-09-21
8340.0,2022.0,9.0,21.0,18.0,19.1,0.0,1.979898987,1.979898987,13.88888889,1014.6,70.0,0.02658079,42.69,0,-0.985220107,-0.171293144,-1.0,-1.83772e-16,-1.0,-1.83772e-16,2022-09-21
8341.0,2022.0,9.0,21.0,18.5,18.85,0.0,2.144798909,1.468303784,6.944444445,1015.2,72.0,0.01339628,41.16,0,-0.985281474,-0.170939804,-1.0,-1.83772e-16,-0.991444861,0.130526192,2022-09-21
8342.0,2022.0,9.0,21.0,19.0,18.6,0.0,2.309698831,0.956708581,0.0,1015.8,74.0,0.0,39.97,0,-0.985342715,-0.170586443,-1.0,-1.83772e-16,-0.965925826,0.258819045,2022-09-21
8343.0,2022.0,9.0,21.0,19.5,18.5,0.0,2.217310878,0.918440238,0.0,1015.95,74.5,0.0,29.86,0,-0.985403829,-0.170233059,-1.0,-1.83772e-16,-0.923879533,0.382683432,2022-09-21
8344.0,2022.0,9.0,21.0,20.0,18.4,0.0,2.124922925,0.880171894,0.0,1016.1,75.0,0.0,29.9,0,-0.985464816,-0.169879653,-1.0,-1.83772e-16,-0.866025404,0.5,2022-09-21
8345.0,2022.0,9.0,21.0,20.5,18.15,0.0,2.123121635,1.500746119,0.0,1016.3,76.0,0.0,29.99,0,-0.985525676,-0.169526226,-1.0,-1.83772e-16,-0.79335334,0.608761429,2022-09-21
8346.0,2022.0,9.0,21.0,21.0,17.9,0.0,2.121320344,2.121320344,0.0,1016.5,77.0,0.0,31.1,0,-0.98558641,-0.169172776,-1.0,-1.83772e-16,-0.707106781,0.707106781,2022-09-21
8347.0,2022.0,9.0,21.0,21.5,17.55,0.0,1.539014463,2.215509587,0.0,1016.75,75.5,0.0,29.99,0,-0.985647017,-0.168819305,-1.0,-1.83772e-16,-0.608761429,0.79335334,2022-09-21
8348.0,2022.0,9.0,21.0,22.0,17.2,0.0,0.956708581,2.309698831,0.0,1017.0,74.0,0.0,29.44,0,-0.985707497,-0.168465813,-1.0,-1.83772e-16,-0.5,0.866025404,2022-09-21
8349.0,2022.0,9.0,21.0,22.5,17.0,0.0,1.397593106,2.074088231,0.0,1017.05,73.5,0.0,29.44,0,-0.985767851,-0.168112298,-1.0,-1.83772e-16,-0.382683432,0.923879533,2022-09-21
8350.0,2022.0,9.0,21.0,23.0,16.8,0.0,1.838477631,1.838477631,0.0,1017.1,73.0,0.0,20.0,0,-0.985828077,-0.167758762,-1.0,-1.83772e-16,-0.258819045,0.965925826,2022-09-21
8351.0,2022.0,9.0,21.0,23.5,16.7,0.0,1.416727278,2.120282208,0.0,1017.1,73.0,0.0,23.99,0,-0.985888177,-0.167405205,-1.0,-1.83772e-16,-0.130526192,0.991444861,2022-09-21
8352.0,2022.0,9.0,22.0,0.0,16.6,0.0,0.994976924,2.402086785,0.0,1017.1,73.0,0.0,20.01,0,-0.98594815,-0.167051626,-1.0,-1.83772e-16,-2.4503e-16,1.0,2022-09-22
8353.0,2022.0,9.0,22.0,0.5,16.6,0.0,0.975842753,2.355892808,0.0,1017.05,73.5,0.0,28.01,0,-0.986007996,-0.166698025,-1.0,-1.83772e-16,0.130526192,0.991444861,2022-09-22
8354.0,2022.0,9.0,22.0,1.0,16.6,0.0,0.956708581,2.309698831,0.0,1017.0,74.0,0.0,27.21,0,-0.986067716,-0.166344403,-1.0,-1.83772e-16,0.258819045,0.965925826,2022-09-22
8355.0,2022.0,9.0,22.0,1.5,16.45,0.0,0.880171895,2.124922925,0.0,1017.35,74.0,0.0,26.15,0,-0.986127308,-0.165990759,-1.0,-1.83772e-16,0.382683432,0.923879533,2022-09-22
8356.0,2022.0,9.0,22.0,2.0,16.3,0.0,0.803635208,1.940147018,0.0,1017.7,74.0,0.0,28.0,0,-0.986186774,-0.165637095,-1.0,-1.83772e-16,0.5,0.866025404,2022-09-22
8357.0,2022.0,9.0,22.0,2.5,15.8,0.0,0.401817604,1.920073509,0.0,1017.75,77.5,0.0,28.0,0,-0.986246113,-0.165283408,-1.0,-1.83772e-16,0.608761429,0.79335334,2022-09-22
8358.0,2022.0,9.0,22.0,3.0,15.3,0.0,1.16e-16,1.9,0.0,1017.8,81.0,0.0,25.88,0,-0.986305325,-0.164929701,-1.0,-1.83772e-16,0.707106781,0.707106781,2022-09-22
8359.0,2022.0,9.0,22.0,3.5,16.0,0.0,0.516622634,2.197237369,0.0,1017.95,77.0,0.0,25.88,0,-0.98636441,-0.164575972,-1.0,-1.83772e-16,0.79335334,0.608761429,2022-09-22
8360.0,2022.0,9.0,22.0,4.0,16.7,0.0,1.033245267,2.494474738,0.0,1018.1,73.0,0.0,25.88,0,-0.986423368,-0.164222223,-1.0,-1.83772e-16,0.866025404,0.5,2022-09-22
8361.0,2022.0,9.0,22.0,4.5,16.5,0.0,0.516622634,2.397237369,0.0,1018.4,74.0,0.0,23.93,0,-0.9864822,-0.163868452,-1.0,-1.83772e-16,0.923879533,0.382683432,2022-09-22
8362.0,2022.0,9.0,22.0,5.0,16.3,0.0,1.41e-16,2.3,0.0,1018.7,75.0,0.0,25.0,0,-0.986540904,-0.16351466,-1.0,-1.83772e-16,0.965925826,0.258819045,2022-09-22
8363.0,2022.0,9.0,22.0,5.5,16.05,0.0,-0.382683432,2.073879533,5.555555555,1018.85,79.0,0.011165405,25.88,0,-0.986599482,-0.163160847,-1.0,-1.83772e-16,0.991444861,0.130526192,2022-09-22
8364.0,2022.0,9.0,22.0,6.0,15.8,0.0,-0.765366865,1.847759065,11.11111111,1019.0,83.0,0.021672229,23.93,0,-0.986657933,-0.162807013,-1.0,-1.83772e-16,1.0,6.12574e-17,2022-09-22
8365.0,2022.0,9.0,22.0,6.5,16.75,0.0,-0.382683432,2.123879533,59.72222221,1019.15,77.0,0.119453343,21.75,0,-0.986716257,-0.162453158,-1.0,-1.83772e-16,0.991444861,-0.130526192,2022-09-22
8366.0,2022.0,9.0,22.0,7.0,17.7,0.0,1.47e-16,2.4,108.3333333,1019.3,71.0,0.204521508,20.01,0,-0.986774454,-0.162099282,-1.0,-1.83772e-16,0.965925826,-0.258819045,2022-09-22
8367.0,2022.0,9.0,22.0,7.5,18.1,0.0,1.53e-16,2.5,145.8333333,1019.4,69.0,0.315631143,20.01,0,-0.986832524,-0.161745386,-1.0,-1.83772e-16,0.923879533,-0.382683432,2022-09-22
8368.0,2022.0,9.0,22.0,8.0,18.5,0.0,1.59e-16,2.6,183.3333333,1019.5,67.0,0.367273429,21.75,0,-0.986890467,-0.161391468,-1.0,-1.83772e-16,0.866025404,-0.5,2022-09-22
8369.0,2022.0,9.0,22.0,8.5,19.15,0.0,1.69e-16,2.75,248.6111111,1019.5,66.5,0.509837957,14.01,0,-0.986948283,-0.16103753,-1.0,-1.83772e-16,0.79335334,-0.608761429,2022-09-22
8370.0,2022.0,9.0,22.0,9.0,19.8,0.0,1.78e-16,2.9,313.8888889,1019.5,66.0,0.654038479,17.83,0,-0.987005973,-0.160683571,-1.0,-1.83772e-16,0.707106781,-0.707106781,2022-09-22
8371.0,2022.0,9.0,22.0,9.5,20.7,0.0,1.63e-16,2.65,429.1666666,1019.25,65.5,0.893807842,20.01,0,-0.987063535,-0.160329591,-1.0,-1.83772e-16,0.608761429,-0.79335334,2022-09-22
8372.0,2022.0,9.0,22.0,10.0,21.6,0.0,1.47e-16,2.4,544.4444444,1019.0,65.0,1.065860063,20.34,0,-0.98712097,-0.159975591,-1.0,-1.83772e-16,0.5,-0.866025404,2022-09-22
8373.0,2022.0,9.0,22.0,10.5,21.25,0.0,1.23e-16,2.0,501.3888888,1018.7,66.5,1.000681613,20.01,0,-0.987178279,-0.15962157,-1.0,-1.83772e-16,0.382683432,-0.923879533,2022-09-22
8374.0,2022.0,9.0,22.0,11.0,20.9,0.0,9.8e-17,1.6,458.3333333,1018.4,68.0,0.909762234,21.75,0,-0.98723546,-0.159267529,-1.0,-1.83772e-16,0.258819045,-0.965925826,2022-09-22
8375.0,2022.0,9.0,22.0,11.5,21.55,0.0,0.74246212,1.54246212,475.0,1017.95,67.5,0.941036868,23.37,0,-0.987292515,-0.158913467,-1.0,-1.83772e-16,0.130526192,-0.991444861,2022-09-22
8376.0,2022.0,9.0,22.0,12.0,22.2,0.0,1.48492424,1.48492424,491.6666667,1017.5,67.0,1.02224402,23.93,0,-0.987349442,-0.158559385,-1.0,-1.83772e-16,1.22515e-16,-1.0,2022-09-22
8377.0,2022.0,9.0,22.0,12.5,22.4,0.0,1.220816411,1.897311536,483.3333334,1017.1,67.5,0.949779383,20.01,0,-0.987406243,-0.158205282,-1.0,-1.83772e-16,-0.130526192,-0.991444861,2022-09-22
8378.0,2022.0,9.0,22.0,13.0,22.6,0.0,0.956708581,2.309698831,475.0,1016.7,68.0,0.943109508,20.01,0,-0.987462916,-0.15785116,-1.0,-1.83772e-16,-0.258819045,-0.965925826,2022-09-22
8379.0,2022.0,9.0,22.0,13.5,22.95,0.0,0.918440238,2.217310878,433.3333334,1016.35,68.5,0.817351071,26.6,0,-0.987519463,-0.157497016,-1.0,-1.83772e-16,-0.382683432,-0.923879533,2022-09-22
8380.0,2022.0,9.0,22.0,14.0,23.3,0.0,0.880171894,2.124922925,391.6666667,1016.0,69.0,0.76143774,29.99,0,-0.987575883,-0.157142853,-1.0,-1.83772e-16,-0.5,-0.866025404,2022-09-22
8381.0,2022.0,9.0,22.0,14.5,23.45,0.0,1.288614085,1.9109896,327.7777778,1015.8,70.0,0.647826354,39.8,0,-0.987632175,-0.156788669,-1.0,-1.83772e-16,-0.608761429,-0.79335334,2022-09-22
8382.0,2022.0,9.0,22.0,15.0,23.6,0.0,1.697056275,1.697056275,263.8888889,1015.6,71.0,0.496976215,39.0,0,-0.987688341,-0.156434465,-1.0,-1.83772e-16,-0.707106781,-0.707106781,2022-09-22
8383.0,2022.0,9.0,22.0,15.5,23.3,0.0,1.818601647,1.250345741,181.9444445,1015.65,73.5,0.330673902,29.99,0,-0.987744379,-0.156080241,-1.0,-1.83772e-16,-0.79335334,-0.608761429,2022-09-22
8384.0,2022.0,9.0,22.0,16.0,23.0,0.0,1.940147018,0.803635208,100.0,1015.7,76.0,0.200714166,39.9,0,-0.98780029,-0.155725997,-1.0,-1.83772e-16,-0.866025404,-0.5,2022-09-22
8385.0,2022.0,9.0,22.0,16.5,22.7,0.0,1.960023003,1.391767098,73.61111111,1015.85,77.5,0.157251334,45.0,0,-0.987856075,-0.155371733,-1.0,-1.83772e-16,-0.923879533,-0.382683432,2022-09-22
8386.0,2022.0,9.0,22.0,17.0,22.4,0.0,1.979898987,1.979898987,47.22222222,1016.0,79.0,0.0849627,49.15,0,-0.987911732,-0.155017449,-1.0,-1.83772e-16,-0.965925826,-0.258819045,2022-09-22
8387.0,2022.0,9.0,22.0,17.5,21.55,0.25,1.391767098,1.960023003,26.38888889,1016.3,86.0,0.051536448,49.21,0,-0.987967262,-0.154663145,-1.0,-1.83772e-16,-0.991444861,-0.130526192,2022-09-22
8388.0,2022.0,9.0,22.0,18.0,20.7,0.5,0.803635208,1.940147018,5.555555556,1016.6,93.0,0.009603975,45.0,0,-0.988022666,-0.154308821,-1.0,-1.83772e-16,-1.0,-1.83772e-16,2022-09-22
8389.0,2022.0,9.0,22.0,18.5,20.65,0.25,0.401817604,1.820073509,2.777777778,1016.8,93.5,0.003370166,41.77,0,-0.988077942,-0.153954477,-1.0,-1.83772e-16,-0.991444861,0.130526192,2022-09-22
8390.0,2022.0,9.0,22.0,19.0,20.6,0.0,1.04e-16,1.7,0.0,1017.0,94.0,0.0,41.07,0,-0.988133091,-0.153600113,-1.0,-1.83772e-16,-0.965925826,0.258819045,2022-09-22
8391.0,2022.0,9.0,22.0,19.5,20.0,0.0,-1.293431346,1.385756806,0.0,1017.25,90.5,0.0,35.5,0,-0.988188113,-0.15324573,-1.0,-1.83772e-16,-0.923879533,0.382683432,2022-09-22
8392.0,2022.0,9.0,22.0,20.0,19.4,0.0,-2.586862691,1.071513611,0.0,1017.5,87.0,0.0,29.44,0,-0.988243008,-0.152891327,-1.0,-1.83772e-16,-0.866025404,0.5,2022-09-22
8393.0,2022.0,9.0,22.0,20.5,19.0,0.0,-2.343431346,0.535756806,0.0,1017.5,89.5,0.0,29.44,0,-0.988297775,-0.152536904,-1.0,-1.83772e-16,-0.79335334,0.608761429,2022-09-22
8394.0,2022.0,9.0,22.0,21.0,18.6,0.0,-2.1,2.57e-16,0.0,1017.5,92.0,0.0,29.44,0,-0.988352416,-0.152182462,-1.0,-1.83772e-16,-0.707106781,0.707106781,2022-09-22
8395.0,2022.0,9.0,22.0,21.5,18.75,0.0,-1.686396103,0.636396103,0.0,1017.0,93.0,0.0,28.0,0,-0.98840693,-0.151828,-1.0,-1.83772e-16,-0.608761429,0.79335334,2022-09-22
8396.0,2022.0,9.0,22.0,22.0,18.9,0.0,-1.272792206,1.272792206,0.0,1016.5,94.0,0.0,21.75,0,-0.988461316,-0.151473518,-1.0,-1.83772e-16,-0.5,0.866025404,2022-09-22
8397.0,2022.0,9.0,22.0,22.5,19.05,0.0,-1.272792206,1.272792206,0.0,1016.15,93.5,0.0,23.84,0,-0.988515575,-0.151119018,-1.0,-1.83772e-16,-0.382683432,0.923879533,2022-09-22
8398.0,2022.0,9.0,22.0,23.0,19.2,0.0,-1.272792206,1.272792206,0.0,1015.8,93.0,0.0,20.0,0,-0.988569707,-0.150764497,-1.0,-1.83772e-16,-0.258819045,0.965925826,2022-09-22
8399.0,2022.0,9.0,22.0,23.5,19.15,0.0,-1.308147545,1.308147545,0.0,1015.65,93.0,0.0,20.01,0,-0.988623712,-0.150409957,-1.0,-1.83772e-16,-0.130526192,0.991444861,2022-09-22
8400.0,2022.0,9.0,23.0,0.0,19.1,0.0,-1.343502884,1.343502884,0.0,1015.5,93.0,0.0,17.0,0,-0.98867759,-0.150055398,-1.0,-1.83772e-16,-2.4503e-16,1.0,2022-09-23
8401.0,2022.0,9.0,23.0,0.5,18.95,0.0,-1.414213562,1.414213562,0.0,1015.15,93.5,0.0,1.0,0,-0.988731341,-0.14970082,-1.0,-1.83772e-16,0.130526192,0.991444861,2022-09-23
8402.0,2022.0,9.0,23.0,1.0,18.8,0.0,-1.48492424,1.48492424,0.0,1014.8,94.0,0.0,1.1,0,-0.988784964,-0.149346222,-1.0,-1.83772e-16,0.258819045,0.965925826,2022-09-23
8403.0,2022.0,9.0,23.0,1.5,18.8,0.0,-1.555634919,1.555634919,0.0,1014.55,93.5,0.0,1.1,0,-0.988838461,-0.148991605,-1.0,-1.83772e-16,0.382683432,0.923879533,2022-09-23
8404.0,2022.0,9.0,23.0,2.0,18.8,0.0,-1.626345597,1.626345597,0.0,1014.3,93.0,0.0,1.0,0,-0.98889183,-0.148636969,-1.0,-1.83772e-16,0.5,0.866025404,2022-09-23
8405.0,2022.0,9.0,23.0,2.5,18.65,0.0,-1.555634919,1.555634919,0.0,1014.05,93.5,0.0,1.0,0,-0.988945072,-0.148282314,-1.0,-1.83772e-16,0.608761429,0.79335334,2022-09-23
8406.0,2022.0,9.0,23.0,3.0,18.5,0.0,-1.48492424,1.48492424,0.0,1013.8,94.0,0.0,0.3,0,-0.988998187,-0.14792764,-1.0,-1.83772e-16,0.707106781,0.707106781,2022-09-23
8407.0,2022.0,9.0,23.0,3.5,18.5,0.25,-1.48492424,1.48492424,0.0,1013.55,95.5,0.0,0.3,0,-0.989051174,-0.147572947,-1.0,-1.83772e-16,0.79335334,0.608761429,2022-09-23
8408.0,2022.0,9.0,23.0,4.0,18.5,0.5,-1.48492424,1.48492424,0.0,1013.3,97.0,0.0,1.0,0,-0.989104035,-0.147218235,-1.0,-1.83772e-16,0.866025404,0.5,2022-09-23
8409.0,2022.0,9.0,23.0,4.5,18.55,0.25,-1.343502884,1.343502884,0.0,1013.45,97.0,0.0,3.0,0,-0.989156768,-0.146863504,-1.0,-1.83772e-16,0.923879533,0.382683432,2022-09-23
8410.0,2022.0,9.0,23.0,5.0,18.6,0.0,-1.202081528,1.202081528,0.0,1013.6,97.0,0.0,3.0,0,-0.989209374,-0.146508753,-1.0,-1.83772e-16,0.965925826,0.258819045,2022-09-23
8411.0,2022.0,9.0,23.0,5.5,18.75,0.0,-1.343502884,1.343502884,1.388888889,1013.6,97.0,0.00184282,2.5,0,-0.989261852,-0.146153985,-1.0,-1.83772e-16,0.991444861,0.130526192,2022-09-23
8412.0,2022.0,9.0,23.0,6.0,18.9,0.0,-1.48492424,1.48492424,2.777777778,1013.6,97.0,0.004080817,1.1,0,-0.989314204,-0.145799197,-1.0,-1.83772e-16,1.0,6.12574e-17,2022-09-23
8413.0,2022.0,9.0,23.0,6.5,19.15,0.0,-1.449568901,1.449568901,18.05555555,1013.55,96.0,0.035910991,0.02,0,-0.989366428,-0.14544439,-1.0,-1.83772e-16,0.991444861,-0.130526192,2022-09-23
8414.0,2022.0,9.0,23.0,7.0,19.4,0.0,-1.414213562,1.414213562,33.33333333,1013.5,95.0,0.073075409,0.02,0,-0.989418525,-0.145089565,-1.0,-1.83772e-16,0.965925826,-0.258819045,2022-09-23
8415.0,2022.0,9.0,23.0,7.5,19.7,0.0,-1.630986314,1.089790214,62.5,1013.45,94.5,0.123953042,1.6,0,-0.989470495,-0.144734722,-1.0,-1.83772e-16,0.923879533,-0.382683432,2022-09-23
8416.0,2022.0,9.0,23.0,8.0,20.0,0.0,-1.847759065,0.765366865,91.66666667,1013.4,94.0,0.176904297,1.6,0,-0.989522337,-0.144379859,-1.0,-1.83772e-16,0.866025404,-0.5,2022-09-23
8417.0,2022.0,9.0,23.0,8.5,20.4,0.0,-2.019895044,1.478698944,145.8333333,1013.2,93.0,0.289653326,4.65,0,-0.989574053,-0.144024978,-1.0,-1.83772e-16,0.79335334,-0.608761429,2022-09-23
8418.0,2022.0,9.0,23.0,9.0,20.8,0.0,-2.192031022,2.192031022,200.0,1013.0,92.0,0.359377652,12.53,0,-0.989625641,-0.143670079,-1.0,-1.83772e-16,0.707106781,-0.707106781,2022-09-23
8419.0,2022.0,9.0,23.0,9.5,21.3,0.0,-2.666610717,1.746577346,250.0,1012.75,90.0,0.520135091,12.72,0,-0.989677101,-0.143315161,-1.0,-1.83772e-16,0.608761429,-0.79335334,2022-09-23
8420.0,2022.0,9.0,23.0,10.0,21.8,0.0,-3.141190411,1.30112367,300.0,1012.5,88.0,0.603317466,12.72,0,-0.989728435,-0.142960224,-1.0,-1.83772e-16,0.5,-0.866025404,2022-09-23
8421.0,2022.0,9.0,23.0,10.5,22.65,0.0,-2.242346648,1.322313277,395.8333334,1012.15,84.0,0.876371323,23.0,0,-0.989779641,-0.142605269,-1.0,-1.83772e-16,0.382683432,-0.923879533,2022-09-23
8422.0,2022.0,9.0,23.0,11.0,23.5,0.0,-1.343502884,1.343502884,491.6666667,1011.8,80.0,0.959948312,21.75,0,-0.989830719,-0.142250296,-1.0,-1.83772e-16,0.258819045,-0.965925826,2022-09-23
8423.0,2022.0,9.0,23.0,11.5,24.1,0.0,-1.571751442,0.671751442,472.2222223,1011.35,79.5,0.819390756,23.37,0,-0.989881671,-0.141895305,-1.0,-1.83772e-16,0.130526192,-0.991444861,2022-09-23
8424.0,2022.0,9.0,23.0,12.0,24.7,0.0,-1.8,2.21e-16,452.7777778,1010.9,79.0,0.859483122,24.34,0,-0.989932495,-0.141540295,-1.0,-1.83772e-16,1.22515e-16,-1.0,2022-09-23
8425.0,2022.0,9.0,23.0,12.5,24.85,0.0,-1.639103626,0.306146746,405.5555556,1010.65,79.0,0.825334606,23.93,0,-0.989983192,-0.141185267,-1.0,-1.83772e-16,-0.130526192,-0.991444861,2022-09-23
8426.0,2022.0,9.0,23.0,13.0,25.0,0.0,-1.478207252,0.612293492,358.3333333,1010.4,79.0,0.745975323,23.79,0,-0.990033761,-0.140830221,-1.0,-1.83772e-16,-0.258819045,-0.965925826,2022-09-23
8427.0,2022.0,9.0,23.0,13.5,25.3,0.0,-1.289103626,0.306146746,320.8333333,1010.35,80.5,0.629210977,34.0,0,-0.990084204,-0.140475157,-1.0,-1.83772e-16,-0.382683432,-0.923879533,2022-09-23
8428.0,2022.0,9.0,23.0,14.0,25.6,0.0,-1.1,1.35e-16,283.3333333,1010.3,82.0,0.554678526,40.0,0,-0.990134518,-0.140120075,-1.0,-1.83772e-16,-0.5,-0.866025404,2022-09-23
8429.0,2022.0,9.0,23.0,14.5,25.65,0.0,-0.454329142,0.230969883,273.6111111,1010.15,80.0,0.54835481,42.0,0,-0.990184706,-0.139764975,-1.0,-1.83772e-16,-0.608761429,-0.79335334,2022-09-23
8430.0,2022.0,9.0,23.0,15.0,25.7,0.0,0.191341716,0.461939766,263.8888889,1010.0,78.0,0.537576155,41.08,0,-0.990234766,-0.139409856,-1.0,-1.83772e-16,-0.707106781,-0.707106781,2022-09-23
8431.0,2022.0,9.0,23.0,15.5,25.5,0.0,0.895670858,0.230969883,200.0,1009.7,78.5,0.443222092,42.0,0,-0.990284699,-0.13905472,-1.0,-1.83772e-16,-0.79335334,-0.608761429,2022-09-23
8432.0,2022.0,9.0,23.0,16.0,25.3,0.0,1.6,0.0,136.1111111,1009.4,79.0,0.289915349,41.08,0,-0.990334504,-0.138699566,-1.0,-1.83772e-16,-0.866025404,-0.5,2022-09-23
8433.0,2022.0,9.0,23.0,16.5,24.4,0.0,1.35432772,-0.22961006,90.27777777,1009.3,87.0,0.167127644,41.09,0,-0.990384182,-0.138344394,-1.0,-1.83772e-16,-0.923879533,-0.382683432,2022-09-23
8434.0,2022.0,9.0,23.0,17.0,23.5,0.0,1.108655439,-0.459220119,44.44444444,1009.2,95.0,0.094690284,35.02,0,-0.990433733,-0.137989205,-1.0,-1.83772e-16,-0.965925826,-0.258819045,2022-09-23
8435.0,2022.0,9.0,23.0,17.5,23.55,0.0,1.50432772,-0.22961006,23.61111111,1009.1,94.5,0.04832929,35.0,0,-0.990483156,-0.137633997,-1.0,-1.83772e-16,-0.991444861,-0.130526192,2022-09-23
8436.0,2022.0,9.0,23.0,18.0,23.6,0.0,1.9,0.0,2.777777778,1009.0,94.0,0.002189929,40.0,0,-0.990532452,-0.137278772,-1.0,-1.83772e-16,-1.0,-1.83772e-16,2022-09-23
8437.0,2022.0,9.0,23.0,18.5,23.2,0.75,1.873879533,0.382683433,1.388888889,1008.85,95.5,0.000767106,41.09,0,-0.990581621,-0.136923529,-1.0,-1.83772e-16,-0.991444861,0.130526192,2022-09-23
8438.0,2022.0,9.0,23.0,19.0,22.8,1.5,1.847759065,0.765366865,0.0,1008.7,97.0,0.0,41.08,0,-0.990630662,-0.136568269,-1.0,-1.83772e-16,-0.965925826,0.258819045,2022-09-23
8439.0,2022.0,9.0,23.0,19.5,22.85,2.25,1.755371112,0.727098522,0.0,1008.75,98.0,0.0,34.17,0,-0.990679575,-0.136212991,-1.0,-1.83772e-16,-0.923879533,0.382683432,2022-09-23
8440.0,2022.0,9.0,23.0,20.0,22.9,3.0,1.662983159,0.688830178,0.0,1008.8,99.0,0.0,29.99,0,-0.990728362,-0.135857696,-1.0,-1.83772e-16,-0.866025404,0.5,2022-09-23
8441.0,2022.0,9.0,23.0,20.5,23.0,3.75,1.099369982,0.991130762,0.0,1008.8,99.5,0.0,29.99,0,-0.99077702,-0.135502383,-1.0,-1.83772e-16,-0.79335334,0.608761429,2022-09-23
8442.0,2022.0,9.0,23.0,21.0,23.1,4.5,0.535756805,1.293431346,0.0,1008.8,100.0,0.0,27.21,0,-0.990825552,-0.135147052,-1.0,-1.83772e-16,-0.707106781,0.707106781,2022-09-23
8443.0,2022.0,9.0,23.0,21.5,23.3,5.75,-0.055479434,0.512776472,0.0,1008.5,100.0,0.0,20.01,0,-0.990873956,-0.134791704,-1.0,-1.83772e-16,-0.608761429,0.79335334,2022-09-23
8444.0,2022.0,9.0,23.0,22.0,23.5,7.0,-0.646715673,-0.267878403,0.0,1008.2,100.0,0.0,16.09,0,-0.990922232,-0.134436339,-1.0,-1.83772e-16,-0.5,0.866025404,2022-09-23
8445.0,2022.0,9.0,23.0,22.5,23.85,4.25,0.426642164,-0.133939202,0.0,1007.8,100.0,0.0,20.0,0,-0.990970381,-0.134080957,-1.0,-1.83772e-16,-0.382683432,0.923879533,2022-09-23
8446.0,2022.0,9.0,23.0,23.0,24.2,1.5,1.5,0.0,0.0,1007.4,100.0,0.0,14.16,0,-0.991018403,-0.133725557,-1.0,-1.83772e-16,-0.258819045,0.965925826,2022-09-23
8447.0,2022.0,9.0,23.0,23.5,24.4,0.75,1.489103626,-0.306146746,0.0,1007.15,99.5,0.0,12.72,0,-0.991066297,-0.133370141,-1.0,-1.83772e-16,-0.130526192,0.991444861,2022-09-23
8448.0,2022.0,9.0,24.0,0.0,24.6,0.0,1.478207252,-0.612293492,0.0,1006.9,99.0,0.0,5.0,0,-0.991114064,-0.133014707,-1.0,-1.83772e-16,-2.4503e-16,1.0,2022-09-24
8449.0,2022.0,9.0,24.0,0.5,24.55,0.0,1.552276425,-1.119319545,0.0,1006.75,98.0,0.0,20.0,0,-0.991161703,-0.132659255,-1.0,-1.83772e-16,0.130526192,0.991444861,2022-09-24
8450.0,2022.0,9.0,24.0,1.0,24.5,0.0,1.626345597,-1.626345597,0.0,1006.6,97.0,0.0,23.93,0,-0.991209215,-0.132303787,-1.0,-1.83772e-16,0.258819045,0.965925826,2022-09-24
8451.0,2022.0,9.0,24.0,1.5,24.3,1.5,0.035355339,-0.035355339,0.0,1006.65,97.5,0.0,20.8,0,-0.991256599,-0.131948302,-1.0,-1.83772e-16,0.382683432,0.923879533,2022-09-24
8452.0,2022.0,9.0,24.0,2.0,24.1,3.0,-1.555634919,1.555634919,0.0,1006.7,98.0,0.0,17.04,0,-0.991303856,-0.1315928,-1.0,-1.83772e-16,0.5,0.866025404,2022-09-24
8453.0,2022.0,9.0,24.0,2.5,23.75,20.75,-0.529073228,0.177295764,0.0,1007.0,98.5,0.0,16.37,0,-0.991350985,-0.131237281,-1.0,-1.83772e-16,0.608761429,0.79335334,2022-09-24
8454.0,2022.0,9.0,24.0,3.0,23.4,38.5,0.497488462,-1.201043392,0.0,1007.3,99.0,0.0,16.85,0,-0.991397987,-0.130881745,-1.0,-1.83772e-16,0.707106781,0.707106781,2022-09-24
8455.0,2022.0,9.0,24.0,3.5,23.3,34.75,1.588369553,-0.045630719,0.0,1007.2,99.0,0.0,17.31,0,-0.991444861,-0.130526192,-1.0,-1.83772e-16,0.79335334,0.608761429,2022-09-24
8456.0,2022.0,9.0,24.0,4.0,23.2,31.0,2.679250644,1.109781954,0.0,1007.1,99.0,0.0,17.47,0,-0.991491608,-0.130170623,-1.0,-1.83772e-16,0.866025404,0.5,2022-09-24
8457.0,2022.0,9.0,24.0,4.5,23.05,19.25,2.889625322,0.554890977,0.0,1007.4,99.0,0.0,23.37,0,-0.991538227,-0.129815036,-1.0,-1.83772e-16,0.923879533,0.382683432,2022-09-24
8458.0,2022.0,9.0,24.0,5.0,22.9,7.5,3.1,0.0,0.0,1007.7,99.0,0.0,23.37,0,-0.991584719,-0.129459433,-1.0,-1.83772e-16,0.965925826,0.258819045,2022-09-24
8459.0,2022.0,9.0,24.0,5.5,22.8,4.5,2.8,0.0,0.0,1007.5,98.0,0.0,21.1,0,-0.991631083,-0.129103814,-1.0,-1.83772e-16,0.991444861,0.130526192,2022-09-24
8460.0,2022.0,9.0,24.0,6.0,22.7,1.5,2.5,0.0,0.0,1007.3,97.0,0.0,17.17,0,-0.99167732,-0.128748177,-1.0,-1.83772e-16,1.0,6.12574e-17,2022-09-24
8461.0,2022.0,9.0,24.0,6.5,22.85,0.75,2.451043393,-0.497488462,16.66666667,1007.55,97.0,0.034458841,16.16,0,-0.991723429,-0.128392525,-1.0,-1.83772e-16,0.991444861,-0.130526192,2022-09-24
8462.0,2022.0,9.0,24.0,7.0,23.0,0.0,2.402086785,-0.994976924,33.33333333,1007.8,97.0,0.065296499,13.05,0,-0.991769411,-0.128036855,-1.0,-1.83772e-16,0.965925826,-0.258819045,2022-09-24
8463.0,2022.0,9.0,24.0,7.5,23.05,0.25,2.171116902,-0.899306066,48.61111111,1007.45,97.5,0.094979451,12.68,0,-0.991815265,-0.12768117,-1.0,-1.83772e-16,0.923879533,-0.382683432,2022-09-24
8464.0,2022.0,9.0,24.0,8.0,23.1,0.5,1.940147018,-0.803635208,63.88888889,1007.1,98.0,0.12360131,13.02,0,-0.991860991,-0.127325467,-1.0,-1.83772e-16,0.866025404,-0.5,2022-09-24
8465.0,2022.0,9.0,24.0,8.5,24.05,0.25,2.101444359,-1.533188454,133.3333333,1007.05,97.0,0.266047728,10.0,0,-0.99190659,-0.126969749,-1.0,-1.83772e-16,0.79335334,-0.608761429,2022-09-24
8466.0,2022.0,9.0,24.0,9.0,25.0,0.0,2.2627417,-2.2627417,202.7777778,1007.0,96.0,0.409826318,13.05,0,-0.991952061,-0.126614014,-1.0,-1.83772e-16,0.707106781,-0.707106781,2022-09-24
8467.0,2022.0,9.0,24.0,9.5,25.65,0.0,1.705395998,-2.517190149,272.2222223,1006.9,93.0,0.507389288,13.57,0,-0.991997405,-0.126258263,-1.0,-1.83772e-16,0.608761429,-0.79335334,2022-09-24
8468.0,2022.0,9.0,24.0,10.0,26.3,0.0,1.148050297,-2.771638598,341.6666667,1006.8,90.0,0.632742505,17.43,0,-0.992042621,-0.125902495,-1.0,-1.83772e-16,0.5,-0.866025404,2022-09-24
8469.0,2022.0,9.0,24.0,10.5,26.65,0.0,0.574025148,-3.235819299,298.6111112,1006.6,88.5,0.590359545,17.0,0,-0.992087709,-0.125546712,-1.0,-1.83772e-16,0.382683432,-0.923879533,2022-09-24
8470.0,2022.0,9.0,24.0,11.0,27.0,0.0,-6.8e-16,-3.7,255.5555556,1006.4,87.0,0.532712137,13.38,0,-0.99213267,-0.125190912,-1.0,-1.83772e-16,0.258819045,-0.965925826,2022-09-24
8471.0,2022.0,9.0,24.0,11.5,27.0,0.0,-5.33e-16,-2.9,201.3888889,1005.95,88.0,0.413970514,12.68,0,-0.992177504,-0.124835096,-1.0,-1.83772e-16,0.130526192,-0.991444861,2022-09-24
8472.0,2022.0,9.0,24.0,12.0,27.0,0.0,-3.86e-16,-2.1,147.2222222,1005.5,89.0,0.300185119,12.68,0,-0.992222209,-0.124479264,-1.0,-1.83772e-16,1.22515e-16,-1.0,2022-09-24
8473.0,2022.0,9.0,24.0,12.5,27.05,0.0,-3.31e-16,-1.8,123.6111111,1005.05,88.5,0.225909156,12.5,0,-0.992266788,-0.124123416,-1.0,-1.83772e-16,-0.130526192,-0.991444861,2022-09-24
8474.0,2022.0,9.0,24.0,13.0,27.1,0.0,-2.76e-16,-1.5,100.0,1004.6,88.0,0.197560326,10.0,0,-0.992311238,-0.123767552,-1.0,-1.83772e-16,-0.258819045,-0.965925826,2022-09-24
8475.0,2022.0,9.0,24.0,13.5,25.75,0.25,-0.813172799,0.063172799,95.83333333,1004.7,93.0,0.205839615,12.65,0,-0.992355561,-0.123411672,-1.0,-1.83772e-16,-0.382683432,-0.923879533,2022-09-24
8476.0,2022.0,9.0,24.0,14.0,24.4,0.5,-1.626345597,1.626345597,91.66666667,1004.8,98.0,0.210317025,12.65,0,-0.992399756,-0.123055776,-1.0,-1.83772e-16,-0.5,-0.866025404,2022-09-24
8477.0,2022.0,9.0,24.0,14.5,24.25,0.5,-1.590990258,1.590990258,66.66666667,1005.05,98.5,0.132023373,12.68,0,-0.992443824,-0.122699865,-1.0,-1.83772e-16,-0.608761429,-0.79335334,2022-09-24
8478.0,2022.0,9.0,24.0,15.0,24.1,0.5,-1.555634919,1.555634919,41.66666667,1005.3,99.0,0.085779862,12.68,0,-0.992487764,-0.122343938,-1.0,-1.83772e-16,-0.707106781,-0.707106781,2022-09-24
8479.0,2022.0,9.0,24.0,15.5,24.3,0.25,-0.593041553,0.701280773,58.33333334,1005.2,98.5,0.115737901,20.0,0,-0.992531576,-0.121987995,-1.0,-1.83772e-16,-0.79335334,-0.608761429,2022-09-24
8480.0,2022.0,9.0,24.0,16.0,24.5,0.0,0.369551813,-0.153073373,75.0,1005.1,98.0,0.132817644,21.4,0,-0.992575261,-0.121632036,-1.0,-1.83772e-16,-0.866025404,-0.5,2022-09-24
8481.0,2022.0,9.0,24.0,16.5,24.65,0.0,0.299580936,0.200627173,86.11111111,1005.25,97.5,0.181898636,28.18,0,-0.992618818,-0.121276061,-1.0,-1.83772e-16,-0.923879533,-0.382683432,2022-09-24
8482.0,2022.0,9.0,24.0,17.0,24.8,0.0,0.229610059,0.55432772,97.22222222,1005.4,97.0,0.200648363,32.71,0,-0.992662247,-0.120920071,-1.0,-1.83772e-16,-0.965925826,-0.258819045,2022-09-24
8483.0,2022.0,9.0,24.0,17.5,24.25,0.0,1.104754523,1.267113354,61.11111111,1005.95,97.0,0.12281938,43.64,0,-0.992705548,-0.120564066,-1.0,-1.83772e-16,-0.991444861,-0.130526192,2022-09-24
8484.0,2022.0,9.0,24.0,18.0,23.7,0.0,1.979898987,1.979898987,25.0,1006.5,97.0,0.052066376,40.0,0,-0.992748722,-0.120208045,-1.0,-1.83772e-16,-1.0,-1.83772e-16,2022-09-24
8485.0,2022.0,9.0,24.0,18.5,22.8,0.25,2.404163056,2.404163056,12.5,1006.8,97.5,0.025774062,43.63,0,-0.992791769,-0.119852008,-1.0,-1.83772e-16,-0.991444861,0.130526192,2022-09-24
8486.0,2022.0,9.0,24.0,19.0,21.9,0.5,2.828427125,2.828427125,0.0,1007.1,98.0,0.0,43.64,0,-0.992834687,-0.119495956,-1.0,-1.83772e-16,-0.965925826,0.258819045,2022-09-24
8487.0,2022.0,9.0,24.0,19.5,21.6,0.25,2.2627417,2.2627417,0.0,1007.5,96.5,0.0,27.21,0,-0.992877478,-0.119139889,-1.0,-1.83772e-16,-0.923879533,0.382683432,2022-09-24
8488.0,2022.0,9.0,24.0,20.0,21.3,0.0,1.697056275,1.697056275,0.0,1007.9,95.0,0.0,24.9,0,-0.992920141,-0.118783807,-1.0,-1.83772e-16,-0.866025404,0.5,2022-09-24
8489.0,2022.0,9.0,24.0,20.5,21.1,0.0,1.307748257,1.957183577,0.0,1007.95,95.5,0.0,23.37,0,-0.992962677,-0.118427709,-1.0,-1.83772e-16,-0.79335334,0.608761429,2022-09-24
8490.0,2022.0,9.0,24.0,21.0,20.9,0.0,0.918440238,2.217310878,0.0,1008.0,96.0,0.0,20.0,0,-0.993005085,-0.118071596,-1.0,-1.83772e-16,-0.707106781,0.707106781,2022-09-24
8491.0,2022.0,9.0,24.0,21.5,20.95,0.0,0.899306066,2.171116902,0.0,1008.15,94.0,0.0,17.46,0,-0.993047365,-0.117715467,-1.0,-1.83772e-16,-0.608761429,0.79335334,2022-09-24
8492.0,2022.0,9.0,24.0,22.0,21.0,0.0,0.880171894,2.124922925,0.0,1008.3,92.0,0.0,16.61,0,-0.993089517,-0.117359324,-1.0,-1.83772e-16,-0.5,0.866025404,2022-09-24
8493.0,2022.0,9.0,24.0,22.5,21.05,0.0,1.253258746,1.875634261,0.0,1008.5,93.0,0.0,16.52,0,-0.993131542,-0.117003165,-1.0,-1.83772e-16,-0.382683432,0.923879533,2022-09-24
8494.0,2022.0,9.0,24.0,23.0,21.1,0.0,1.626345597,1.626345597,0.0,1008.7,94.0,0.0,15.0,0,-0.993173439,-0.116646992,-1.0,-1.83772e-16,-0.258819045,0.965925826,2022-09-24
8495.0,2022.0,9.0,24.0,23.5,21.1,0.0,1.449568902,1.449568902,0.0,1008.9,93.5,0.0,12.68,0,-0.993215208,-0.116290803,-1.0,-1.83772e-16,-0.130526192,0.991444861,2022-09-24
8496.0,2022.0,9.0,25.0,0.0,21.1,0.0,1.272792206,1.272792206,0.0,1009.1,93.0,0.0,13.02,0,-0.993256849,-0.1159346,-1.0,-1.83772e-16,-2.4503e-16,1.0,2022-09-25
8497.0,2022.0,9.0,25.0,0.5,20.9,0.0,1.019079536,1.560275636,0.0,1009.55,91.5,0.0,12.69,0,-0.993298363,-0.115578381,-1.0,-1.83772e-16,0.130526192,0.991444861,2022-09-25
8498.0,2022.0,9.0,25.0,1.0,20.7,0.0,0.765366865,1.847759065,0.0,1010.0,90.0,0.0,12.72,0,-0.993339749,-0.115222148,-1.0,-1.83772e-16,0.258819045,0.965925826,2022-09-25
8499.0,2022.0,9.0,25.0,1.5,20.4,0.0,1.019079536,1.560275636,0.0,1009.85,89.0,0.0,15.01,0,-0.993381007,-0.1148659,-1.0,-1.83772e-16,0.382683432,0.923879533,2022-09-25
8500.0,2022.0,9.0,25.0,2.0,20.1,0.0,1.272792206,1.272792206,0.0,1009.7,88.0,0.0,15.69,0,-0.993422137,-0.114509637,-1.0,-1.83772e-16,0.5,0.866025404,2022-09-25
8501.0,2022.0,9.0,25.0,2.5,20.15,0.0,1.095616222,1.745051542,0.0,1009.85,88.0,0.0,15.93,0,-0.99346314,-0.114153359,-1.0,-1.83772e-16,0.608761429,0.79335334,2022-09-25
8502.0,2022.0,9.0,25.0,3.0,20.2,0.0,0.918440238,2.217310878,0.0,1010.0,88.0,0.0,15.93,0,-0.993504015,-0.113797067,-1.0,-1.83772e-16,0.707106781,0.707106781,2022-09-25
8503.0,2022.0,9.0,25.0,3.5,20.25,0.0,0.975842753,2.355892808,0.0,1010.3,86.5,0.0,16.33,0,-0.993544762,-0.11344076,-1.0,-1.83772e-16,0.79335334,0.608761429,2022-09-25
8504.0,2022.0,9.0,25.0,4.0,20.3,0.0,1.033245267,2.494474738,0.0,1010.6,85.0,0.0,16.54,0,-0.993585381,-0.113084438,-1.0,-1.83772e-16,0.866025404,0.5,2022-09-25
8505.0,2022.0,9.0,25.0,4.5,20.2,0.0,0.899306066,2.171116902,0.0,1010.85,85.5,0.0,16.13,0,-0.993625873,-0.112728102,-1.0,-1.83772e-16,0.923879533,0.382683432,2022-09-25
8506.0,2022.0,9.0,25.0,5.0,20.1,0.0,0.765366865,1.847759065,0.0,1011.1,86.0,0.0,16.48,0,-0.993666236,-0.112371752,-1.0,-1.83772e-16,0.965925826,0.258819045,2022-09-25
8507.0,2022.0,9.0,25.0,5.5,20.1,0.0,0.803635208,1.940147019,2.777777778,1011.4,85.0,0.003438999,16.23,0,-0.993706472,-0.112015387,-1.0,-1.83772e-16,0.991444861,0.130526192,2022-09-25
8508.0,2022.0,9.0,25.0,6.0,20.1,0.0,0.841903551,2.032534972,5.555555556,1011.7,84.0,0.00889148,15.69,0,-0.99374658,-0.111659007,-1.0,-1.83772e-16,1.0,6.12574e-17,2022-09-25
8509.0,2022.0,9.0,25.0,6.5,20.35,0.0,1.37554593,1.970861641,36.11111111,1012.05,82.5,0.07729576,7.42,0,-0.993786561,-0.111302613,-1.0,-1.83772e-16,0.991444861,-0.130526192,2022-09-25
8510.0,2022.0,9.0,25.0,7.0,20.6,0.0,1.909188309,1.909188309,66.66666667,1012.4,81.0,0.132848196,0.02,0,-0.993826413,-0.110946205,-1.0,-1.83772e-16,0.965925826,-0.258819045,2022-09-25
8511.0,2022.0,9.0,25.0,7.5,20.95,0.0,1.732411614,1.732411614,118.0555555,1012.75,79.5,0.249183168,0.01,0,-0.993866138,-0.110589783,-1.0,-1.83772e-16,0.923879533,-0.382683432,2022-09-25
8512.0,2022.0,9.0,25.0,8.0,21.3,0.0,1.555634919,1.555634919,169.4444444,1013.1,78.0,0.334333526,0.01,0,-0.993905735,-0.110233346,-1.0,-1.83772e-16,0.866025404,-0.5,2022-09-25
8513.0,2022.0,9.0,25.0,8.5,21.75,0.0,1.313574265,2.071248805,241.6666667,1013.2,76.0,0.432774233,0.01,0,-0.993945204,-0.109876895,-1.0,-1.83772e-16,0.79335334,-0.608761429,2022-09-25
8514.0,2022.0,9.0,25.0,9.0,22.2,0.0,1.071513611,2.586862691,313.8888889,1013.3,74.0,0.634254196,0.01,0,-0.993984545,-0.10952043,-1.0,-1.83772e-16,0.707106781,-0.707106781,2022-09-25
8515.0,2022.0,9.0,25.0,9.5,23.1,0.0,1.148050298,2.771638598,408.3333334,1013.3,68.5,0.790458569,0.01,0,-0.994023758,-0.109163951,-1.0,-1.83772e-16,0.608761429,-0.79335334,2022-09-25
8516.0,2022.0,9.0,25.0,10.0,24.0,0.0,1.224586984,2.956414504,502.7777778,1013.3,63.0,0.998866732,0.01,0,-0.994062844,-0.108807458,-1.0,-1.83772e-16,0.5,-0.866025404,2022-09-25
8517.0,2022.0,9.0,25.0,10.5,24.3,0.0,1.284044934,2.149958694,631.9444445,1013.05,62.0,1.26685434,0.01,0,-0.994101801,-0.108450951,-1.0,-1.83772e-16,0.382683432,-0.923879533,2022-09-25
8518.0,2022.0,9.0,25.0,11.0,24.6,0.0,1.343502884,1.343502884,761.1111111,1012.8,61.0,1.522194556,0.01,0,-0.994140631,-0.10809443,-1.0,-1.83772e-16,0.258819045,-0.965925826,2022-09-25
8519.0,2022.0,9.0,25.0,11.5,24.9,0.0,1.965182787,1.207508248,775.0,1012.65,58.0,1.550526321,0.01,0,-0.994179333,-0.107737895,-1.0,-1.83772e-16,0.130526192,-0.991444861,2022-09-25
8520.0,2022.0,9.0,25.0,12.0,25.2,0.0,2.586862691,1.071513611,788.8888889,1012.5,55.0,1.391064846,0.01,0,-0.994217907,-0.107381347,-1.0,-1.83772e-16,1.22515e-16,-1.0,2022-09-25
8521.0,2022.0,9.0,25.0,12.5,25.4,0.0,2.693431345,0.535756806,776.3888889,1012.4,54.5,1.565484524,0.01,0,-0.994256353,-0.107024784,-1.0,-1.83772e-16,-0.130526192,-0.991444861,2022-09-25
8522.0,2022.0,9.0,25.0,13.0,25.6,0.0,2.8,0.0,763.8888889,1012.3,54.0,1.621364687,0.01,0,-0.994294671,-0.106668208,-1.0,-1.83772e-16,-0.258819045,-0.965925826,2022-09-25
8523.0,2022.0,9.0,25.0,13.5,25.4,0.0,3.05,0.0,719.4444445,1012.05,55.5,1.428560308,0.01,0,-0.994332862,-0.106311618,-1.0,-1.83772e-16,-0.382683432,-0.923879533,2022-09-25
8524.0,2022.0,9.0,25.0,14.0,25.2,0.0,3.3,0.0,675.0,1011.8,57.0,1.36628156,0.01,0,-0.994370924,-0.105955014,-1.0,-1.83772e-16,-0.5,-0.866025404,2022-09-25
8525.0,2022.0,9.0,25.0,14.5,25.0,0.0,3.128207252,0.612293492,601.3888889,1011.9,58.5,1.313866346,0.01,0,-0.994408859,-0.105598397,-1.0,-1.83772e-16,-0.608761429,-0.79335334,2022-09-25
8526.0,2022.0,9.0,25.0,15.0,24.8,0.0,2.956414504,1.224586984,527.7777778,1012.0,60.0,1.050270159,0.01,0,-0.994446666,-0.105241766,-1.0,-1.83772e-16,-0.707106781,-0.707106781,2022-09-25
8527.0,2022.0,9.0,25.0,15.5,24.25,0.0,2.725444621,1.128916126,438.8888889,1012.15,61.5,0.940658949,0.01,0,-0.994484344,-0.104885121,-1.0,-1.83772e-16,-0.79335334,-0.608761429,2022-09-25
8528.0,2022.0,9.0,25.0,16.0,23.7,0.0,2.494474738,1.033245267,350.0,1012.3,63.0,0.736125849,0.04,0,-0.994521895,-0.104528463,-1.0,-1.83772e-16,-0.866025404,-0.5,2022-09-25
8529.0,2022.0,9.0,25.0,16.5,23.05,0.0,2.131120846,1.40050611,251.3888889,1012.4,67.5,0.461820355,4.65,0,-0.994559318,-0.104171792,-1.0,-1.83772e-16,-0.923879533,-0.382683432,2022-09-25
8530.0,2022.0,9.0,25.0,17.0,22.4,0.0,1.767766953,1.767766953,152.7777778,1012.5,72.0,0.316423633,13.09,0,-0.994596613,-0.103815107,-1.0,-1.83772e-16,-0.965925826,-0.258819045,2022-09-25
8531.0,2022.0,9.0,25.0,17.5,21.85,0.0,2.131120846,1.40050611,83.33333335,1012.75,75.0,0.151628889,21.4,0,-0.994633781,-0.103458409,-1.0,-1.83772e-16,-0.991444861,-0.130526192,2022-09-25
8532.0,2022.0,9.0,25.0,18.0,21.3,0.0,2.494474738,1.033245267,13.88888889,1013.0,78.0,0.026740196,23.93,0,-0.99467082,-0.103101697,-1.0,-1.83772e-16,-1.0,-1.83772e-16,2022-09-25
8533.0,2022.0,9.0,25.0,18.5,21.1,0.0,2.448280762,1.014111096,6.944444445,1013.3,79.5,0.01229479,29.99,0,-0.994707731,-0.102744973,-1.0,-1.83772e-16,-0.991444861,0.130526192,2022-09-25
8534.0,2022.0,9.0,25.0,19.0,20.9,0.0,2.402086785,0.994976924,0.0,1013.6,81.0,0.0,29.99,0,-0.994744515,-0.102388235,-1.0,-1.83772e-16,-0.965925826,0.258819045,2022-09-25
8535.0,2022.0,9.0,25.0,19.5,20.45,0.0,1.978860852,1.275305922,0.0,1013.9,83.0,0.0,24.12,0,-0.99478117,-0.102031484,-1.0,-1.83772e-16,-0.923879533,0.382683432,2022-09-25
8536.0,2022.0,9.0,25.0,20.0,20.0,0.0,1.555634919,1.555634919,0.0,1014.2,85.0,0.0,23.93,0,-0.994817698,-0.101674719,-1.0,-1.83772e-16,-0.866025404,0.5,2022-09-25
8537.0,2022.0,9.0,25.0,20.5,19.8,0.0,1.160500892,1.701696992,0.0,1014.35,85.0,0.0,21.4,0,-0.994854097,-0.101317942,-1.0,-1.83772e-16,-0.79335334,0.608761429,2022-09-25
8538.0,2022.0,9.0,25.0,21.0,19.6,0.0,0.765366865,1.847759065,0.0,1014.5,85.0,0.0,20.01,0,-0.994890369,-0.100961152,-1.0,-1.83772e-16,-0.707106781,0.707106781,2022-09-25
8539.0,2022.0,9.0,25.0,21.5,19.35,0.0,0.746232693,1.801565088,0.0,1014.35,85.0,0.0,15.75,0,-0.994926512,-0.100604349,-1.0,-1.83772e-16,-0.608761429,0.79335334,2022-09-25
8540.0,2022.0,9.0,25.0,22.0,19.1,0.0,0.727098521,1.755371112,0.0,1014.2,85.0,0.0,15.69,0,-0.994962528,-0.100247532,-1.0,-1.83772e-16,-0.5,0.866025404,2022-09-25
8541.0,2022.0,9.0,25.0,22.5,18.25,0.0,0.631427663,1.524401229,0.0,1014.05,90.0,0.0,16.5,0,-0.994998416,-0.099890703,-1.0,-1.83772e-16,-0.382683432,0.923879533,2022-09-25
8542.0,2022.0,9.0,25.0,23.0,17.4,0.0,0.535756805,1.293431346,0.0,1013.9,95.0,0.0,16.05,0,-0.995034176,-0.099533861,-1.0,-1.83772e-16,-0.258819045,0.965925826,2022-09-25
8543.0,2022.0,9.0,25.0,23.5,17.05,0.0,-0.332643294,0.895459904,0.0,1013.65,96.5,0.0,15.69,0,-0.995069807,-0.099177006,-1.0,-1.83772e-16,-0.130526192,0.991444861,2022-09-25
8544.0,2022.0,9.0,26.0,0.0,16.7,0.0,-1.201043392,0.497488462,0.0,1013.4,98.0,0.0,10.0,0,-0.995105311,-0.098820139,-1.0,-1.83772e-16,-2.4503e-16,1.0,2022-09-26
8545.0,2022.0,9.0,26.0,0.5,16.9,0.0,-1.154849416,0.478354291,0.0,1013.3,98.5,0.0,13.08,0,-0.995140687,-0.098463258,-1.0,-1.83772e-16,0.130526192,0.991444861,2022-09-26
8546.0,2022.0,9.0,26.0,1.0,17.1,0.0,-1.108655439,0.459220119,0.0,1013.2,99.0,0.0,13.06,0,-0.995175935,-0.098106366,-1.0,-1.83772e-16,0.258819045,0.965925826,2022-09-26
8547.0,2022.0,9.0,26.0,1.5,16.9,0.0,-1.190723823,0.866006163,0.0,1013.15,99.5,0.0,13.06,0,-0.995211055,-0.09774946,-1.0,-1.83772e-16,0.382683432,0.923879533,2022-09-26
8548.0,2022.0,9.0,26.0,2.0,16.7,0.0,-1.272792206,1.272792206,0.0,1013.1,100.0,0.0,13.0,0,-0.995246046,-0.097392542,-1.0,-1.83772e-16,0.5,0.866025404,2022-09-26
8549.0,2022.0,9.0,26.0,2.5,16.5,0.0,-0.936396103,0.636396103,0.0,1012.95,100.0,0.0,10.01,0,-0.99528091,-0.097035611,-1.0,-1.83772e-16,0.608761429,0.79335334,2022-09-26
8550.0,2022.0,9.0,26.0,3.0,16.3,0.0,-0.6,7.35e-17,0.0,1012.8,100.0,0.0,10.0,0,-0.995315646,-0.096678668,-1.0,-1.83772e-16,0.707106781,0.707106781,2022-09-26
8551.0,2022.0,9.0,26.0,3.5,16.15,0.0,-0.623357837,0.133939202,0.0,1012.95,100.0,0.0,13.06,0,-0.995350254,-0.096321713,-1.0,-1.83772e-16,0.79335334,0.608761429,2022-09-26
8552.0,2022.0,9.0,26.0,4.0,16.0,0.0,-0.646715673,0.267878403,0.0,1013.1,100.0,0.0,13.06,0,-0.995384734,-0.095964745,-1.0,-1.83772e-16,0.866025404,0.5,2022-09-26
8553.0,2022.0,9.0,26.0,4.5,15.85,0.0,-0.323357837,0.133939202,0.0,1013.25,100.0,0.0,15.69,0,-0.995419085,-0.095607764,-1.0,-1.83772e-16,0.923879533,0.382683432,2022-09-26
8554.0,2022.0,9.0,26.0,5.0,15.7,0.0,0.0,0.0,0.0,1013.4,100.0,0.0,16.0,0,-0.995453309,-0.095250772,-1.0,-1.83772e-16,0.965925826,0.258819045,2022-09-26
8555.0,2022.0,9.0,26.0,5.5,15.7,0.0,-0.323357837,-0.133939202,5.555555555,1013.5,100.0,0.010810313,15.94,0,-0.995487405,-0.094893767,-1.0,-1.83772e-16,0.991444861,0.130526192,2022-09-26
8556.0,2022.0,9.0,26.0,6.0,15.7,0.0,-0.646715673,-0.267878403,11.11111111,1013.6,100.0,0.021204654,15.95,0,-0.995521372,-0.09453675,-1.0,-1.83772e-16,1.0,6.12574e-17,2022-09-26
8557.0,2022.0,9.0,26.0,6.5,17.15,0.0,-0.399894523,0.050836705,73.6111111,1013.75,100.0,0.146976199,15.69,0,-0.995555212,-0.094179721,-1.0,-1.83772e-16,0.991444861,-0.130526192,2022-09-26
8558.0,2022.0,9.0,26.0,7.0,18.6,0.0,-0.153073373,0.369551813,136.1111111,1013.9,100.0,0.261787573,12.0,0,-0.995588924,-0.093822679,-1.0,-1.83772e-16,0.965925826,-0.258819045,2022-09-26
8559.0,2022.0,9.0,26.0,7.5,20.25,0.0,0.191341716,0.83149158,231.9444445,1014.0,89.0,0.43470241,4.65,0,-0.995622507,-0.093465626,-1.0,-1.83772e-16,0.923879533,-0.382683432,2022-09-26
8560.0,2022.0,9.0,26.0,8.0,21.9,0.0,0.535756805,1.293431346,327.7777778,1014.1,78.0,0.603982223,0.87,0,-0.995655963,-0.093108561,-1.0,-1.83772e-16,0.866025404,-0.5,2022-09-26
8561.0,2022.0,9.0,26.0,8.5,22.7,0.0,0.535756805,1.293431346,419.4444445,1014.05,74.5,0.770985944,0.01,0,-0.99568929,-0.092751483,-1.0,-1.83772e-16,0.79335334,-0.608761429,2022-09-26
8562.0,2022.0,9.0,26.0,9.0,23.5,0.0,0.535756805,1.293431346,511.1111111,1014.0,71.0,1.027910481,0.01,0,-0.995722489,-0.092394394,-1.0,-1.83772e-16,0.707106781,-0.707106781,2022-09-26
8563.0,2022.0,9.0,26.0,9.5,24.0,0.0,-0.232121598,0.646715673,581.9444445,1013.8,66.5,1.110972012,0.01,0,-0.995755561,-0.092037293,-1.0,-1.83772e-16,0.608761429,-0.79335334,2022-09-26
8564.0,2022.0,9.0,26.0,10.0,24.5,0.0,-1.0,1.23e-16,652.7777778,1013.6,62.0,1.247613509,0.01,0,-0.995788504,-0.09168018,-1.0,-1.83772e-16,0.5,-0.866025404,2022-09-26
8565.0,2022.0,9.0,26.0,10.5,25.25,0.0,-0.85,1.04e-16,700.0,1013.25,62.0,1.389265246,0.01,0,-0.995821319,-0.091323055,-1.0,-1.83772e-16,0.382683432,-0.923879533,2022-09-26
8566.0,2022.0,9.0,26.0,11.0,26.0,0.0,-0.7,8.58e-17,747.2222222,1012.9,62.0,1.383193466,0.01,0,-0.995854006,-0.090965918,-1.0,-1.83772e-16,0.258819045,-0.965925826,2022-09-26
8567.0,2022.0,9.0,26.0,11.5,26.35,0.0,-1.05,1.29e-16,762.5,1012.65,60.0,1.465521386,0.01,0,-0.995886565,-0.09060877,-1.0,-1.83772e-16,0.130526192,-0.991444861,2022-09-26
8568.0,2022.0,9.0,26.0,12.0,26.7,0.0,-1.4,1.72e-16,777.7777778,1012.4,58.0,1.555801411,0.01,0,-0.995918996,-0.09025161,-1.0,-1.83772e-16,1.22515e-16,-1.0,2022-09-26
8569.0,2022.0,9.0,26.0,12.5,27.1,0.0,-0.374719082,-0.785297602,762.5,1012.0,57.5,1.504606592,0.01,0,-0.995951299,-0.089894439,-1.0,-1.83772e-16,-0.130526192,-0.991444861,2022-09-26
8570.0,2022.0,9.0,26.0,13.0,27.5,0.0,0.650561835,-1.570595205,747.2222222,1011.6,57.0,1.518997411,0.01,0,-0.995983474,-0.089537255,-1.0,-1.83772e-16,-0.258819045,-0.965925826,2022-09-26
8571.0,2022.0,9.0,26.0,13.5,27.75,0.0,0.975280918,-0.785297603,700.0,1011.4,56.5,1.352304824,0.01,0,-0.99601552,-0.089180061,-1.0,-1.83772e-16,-0.382683432,-0.923879533,2022-09-26
8572.0,2022.0,9.0,26.0,14.0,28.0,0.0,1.3,0.0,652.7777778,1011.2,56.0,1.247882545,1.6,0,-0.996047439,-0.088822855,-1.0,-1.83772e-16,-0.5,-0.866025404,2022-09-26
8573.0,2022.0,9.0,26.0,14.5,27.85,0.0,1.851043392,-0.497488462,583.3333334,1011.3,58.0,1.241228895,4.65,0,-0.996079229,-0.088465637,-1.0,-1.83772e-16,-0.608761429,-0.79335334,2022-09-26
8574.0,2022.0,9.0,26.0,15.0,27.7,0.0,2.402086785,-0.994976924,513.8888889,1011.4,60.0,0.975437057,11.0,0,-0.996110892,-0.088108408,-1.0,-1.83772e-16,-0.707106781,-0.707106781,2022-09-26
8575.0,2022.0,9.0,26.0,15.5,26.85,0.0,2.851043393,-0.497488462,425.0,1011.55,64.5,0.83074711,12.69,0,-0.996142426,-0.087751168,-1.0,-1.83772e-16,-0.79335334,-0.608761429,2022-09-26
8576.0,2022.0,9.0,26.0,16.0,26.0,0.0,3.3,0.0,336.1111111,1011.7,69.0,0.752821898,19.78,0,-0.996173832,-0.087393917,-1.0,-1.83772e-16,-0.866025404,-0.5,2022-09-26
8577.0,2022.0,9.0,26.0,16.5,25.15,0.0,2.85,0.0,240.2777778,1012.0,72.0,0.505329973,38.88,0,-0.99620511,-0.087036654,-1.0,-1.83772e-16,-0.923879533,-0.382683432,2022-09-26
8578.0,2022.0,9.0,26.0,17.0,24.3,0.0,2.4,0.0,144.4444444,1012.3,75.0,0.290184607,49.34,0,-0.99623626,-0.08667938,-1.0,-1.83772e-16,-0.965925826,-0.258819045,2022-09-26
8579.0,2022.0,9.0,26.0,17.5,23.65,0.0,2.4,0.0,77.77777776,1012.5,77.5,0.166934059,49.34,0,-0.996267281,-0.086322095,-1.0,-1.83772e-16,-0.991444861,-0.130526192,2022-09-26
8580.0,2022.0,9.0,26.0,18.0,23.0,0.0,2.4,0.0,11.11111111,1012.7,80.0,0.021448321,49.34,0,-0.996298175,-0.085964799,-1.0,-1.83772e-16,-1.0,-1.83772e-16,2022-09-26
8581.0,2022.0,9.0,26.0,18.5,22.55,0.0,2.170073509,0.401817604,5.555555555,1013.05,81.5,0.007274656,49.34,0,-0.99632894,-0.085607492,-1.0,-1.83772e-16,-0.991444861,0.130526192,2022-09-26
8582.0,2022.0,9.0,26.0,19.0,22.1,0.0,1.940147018,0.803635208,0.0,1013.4,83.0,0.0,42.67,0,-0.996359578,-0.085250173,-1.0,-1.83772e-16,-0.965925826,0.258819045,2022-09-26
8583.0,2022.0,9.0,26.0,19.5,21.85,0.0,1.870073509,0.401817604,0.0,1013.55,84.0,0.0,23.93,0,-0.996390087,-0.084892844,-1.0,-1.83772e-16,-0.923879533,0.382683432,2022-09-26
8584.0,2022.0,9.0,26.0,20.0,21.6,0.0,1.8,0.0,0.0,1013.7,85.0,0.0,20.0,0,-0.996420468,-0.084535504,-1.0,-1.83772e-16,-0.866025404,0.5,2022-09-26
8585.0,2022.0,9.0,26.0,20.5,21.45,0.0,1.5,0.0,0.0,1013.9,85.5,0.0,19.24,0,-0.996450721,-0.084178153,-1.0,-1.83772e-16,-0.79335334,0.608761429,2022-09-26
8586.0,2022.0,9.0,26.0,21.0,21.3,0.0,1.2,0.0,0.0,1014.1,86.0,0.0,19.01,0,-0.996480845,-0.083820791,-1.0,-1.83772e-16,-0.707106781,0.707106781,2022-09-26
8587.0,2022.0,9.0,26.0,21.5,20.55,0.0,1.108133743,0.210475888,0.0,1014.05,89.5,0.0,17.44,0,-0.996510842,-0.083463418,-1.0,-1.83772e-16,-0.608761429,0.79335334,2022-09-26
8588.0,2022.0,9.0,26.0,22.0,19.8,0.0,1.016267486,0.420951776,0.0,1014.0,93.0,0.0,16.0,0,-0.99654071,-0.083106035,-1.0,-1.83772e-16,-0.5,0.866025404,2022-09-26
8589.0,2022.0,9.0,26.0,22.5,19.4,0.0,0.932397812,0.634739957,0.0,1013.8,95.5,0.0,18.46,0,-0.99657045,-0.082748641,-1.0,-1.83772e-16,-0.382683432,0.923879533,2022-09-26
8590.0,2022.0,9.0,26.0,23.0,19.0,0.0,0.848528137,0.848528137,0.0,1013.6,98.0,0.0,15.01,0,-0.996600062,-0.082391236,-1.0,-1.83772e-16,-0.258819045,0.965925826,2022-09-26
8591.0,2022.0,9.0,26.0,23.5,18.75,0.0,0.813172798,0.813172798,0.0,1013.45,98.5,0.0,14.16,0,-0.996629546,-0.082033821,-1.0,-1.83772e-16,-0.130526192,0.991444861,2022-09-26
8592.0,2022.0,9.0,27.0,0.0,18.5,0.0,0.777817459,0.777817459,0.0,1013.3,99.0,0.0,13.06,0,-0.996658902,-0.081676395,-1.0,-1.83772e-16,-2.4503e-16,1.0,2022-09-27
8593.0,2022.0,9.0,27.0,0.5,18.25,0.0,0.897042473,0.599384617,0.0,1013.1,99.5,0.0,13.1,0,-0.996688129,-0.081318959,-1.0,-1.83772e-16,0.130526192,0.991444861,2022-09-27
8594.0,2022.0,9.0,27.0,1.0,18.0,0.0,1.016267486,0.420951776,0.0,1012.9,100.0,0.0,17.07,0,-0.996717228,-0.080961512,-1.0,-1.83772e-16,0.258819045,0.965925826,2022-09-27
8595.0,2022.0,9.0,27.0,1.5,17.9,0.0,0.776012146,0.857191561,0.0,1012.7,100.0,0.0,13.1,0,-0.9967462,-0.080604055,-1.0,-1.83772e-16,0.382683432,0.923879533,2022-09-27
8596.0,2022.0,9.0,27.0,2.0,17.8,0.0,0.535756805,1.293431346,0.0,1012.5,100.0,0.0,13.1,0,-0.996775042,-0.080246587,-1.0,-1.83772e-16,0.5,0.866025404,2022-09-27
8597.0,2022.0,9.0,27.0,2.5,17.7,0.0,0.478354291,1.154849416,0.0,1012.5,100.0,0.0,11.21,0,-0.996803757,-0.07988911,-1.0,-1.83772e-16,0.608761429,0.79335334,2022-09-27
8598.0,2022.0,9.0,27.0,3.0,17.6,0.0,0.420951776,1.016267486,0.0,1012.5,100.0,0.0,13.0,0,-0.996832344,-0.079531621,-1.0,-1.83772e-16,0.707106781,0.707106781,2022-09-27
8599.0,2022.0,9.0,27.0,3.5,17.55,0.0,0.705450635,1.00310849,0.0,1012.65,100.0,0.0,13.1,0,-0.996860802,-0.079174123,-1.0,-1.83772e-16,0.79335334,0.608761429,2022-09-27
8600.0,2022.0,9.0,27.0,4.0,17.5,0.0,0.989949494,0.989949494,0.0,1012.8,100.0,0.0,13.1,0,-0.996889132,-0.078816614,-1.0,-1.83772e-16,0.866025404,0.5,2022-09-27
8601.0,2022.0,9.0,27.0,4.5,17.45,0.0,0.954594155,0.954594155,0.0,1012.95,100.0,0.0,16.8,0,-0.996917334,-0.078459096,-1.0,-1.83772e-16,0.923879533,0.382683432,2022-09-27
8602.0,2022.0,9.0,27.0,5.0,17.4,0.0,0.919238816,0.919238816,0.0,1013.1,100.0,0.0,17.09,0,-0.996945407,-0.078101567,-1.0,-1.83772e-16,0.965925826,0.258819045,2022-09-27
8603.0,2022.0,9.0,27.0,5.5,17.7,0.0,0.459619408,1.309619408,4.166666667,1013.3,100.0,0.007406645,17.08,0,-0.996973353,-0.077744028,-1.0,-1.83772e-16,0.991444861,0.130526192,2022-09-27
8604.0,2022.0,9.0,27.0,6.0,18.0,0.0,1.04e-16,1.7,8.333333333,1013.5,100.0,0.017072687,15.96,0,-0.99700117,-0.077386479,-1.0,-1.83772e-16,1.0,6.12574e-17,2022-09-27
8605.0,2022.0,9.0,27.0,6.5,19.1,0.0,1.07e-16,1.75,52.77777778,1013.45,98.5,0.109103646,12.73,0,-0.997028859,-0.07702892,-1.0,-1.83772e-16,0.991444861,-0.130526192,2022-09-27
8606.0,2022.0,9.0,27.0,7.0,20.2,0.0,1.1e-16,1.8,97.22222222,1013.4,97.0,0.186841073,12.69,0,-0.99705642,-0.076671352,-1.0,-1.83772e-16,0.965925826,-0.258819045,2022-09-27
8607.0,2022.0,9.0,27.0,7.5,21.5,0.0,-0.306146746,1.639103626,180.5555556,1013.25,90.0,0.371657334,12.73,0,-0.997083852,-0.076313773,-1.0,-1.83772e-16,0.923879533,-0.382683432,2022-09-27
8608.0,2022.0,9.0,27.0,8.0,22.8,0.0,-0.612293492,1.478207252,263.8888889,1013.1,83.0,0.548442912,12.73,0,-0.997111156,-0.075956185,-1.0,-1.83772e-16,0.866025404,-0.5,2022-09-27
8609.0,2022.0,9.0,27.0,8.5,23.2,0.0,0.047406644,1.092657017,386.1111111,1013.15,79.5,0.7408598,13.11,0,-0.997138332,-0.075598587,-1.0,-1.83772e-16,0.79335334,-0.608761429,2022-09-27
8610.0,2022.0,9.0,27.0,9.0,23.6,0.0,0.707106781,0.707106781,508.3333333,1013.2,76.0,0.978121762,17.17,0,-0.99716538,-0.075240979,-1.0,-1.83772e-16,0.707106781,-0.707106781,2022-09-27
8611.0,2022.0,9.0,27.0,9.5,24.6,0.0,1.025304833,1.025304833,584.7222222,1013.05,71.5,1.201261846,17.43,0,-0.9971923,-0.074883361,-1.0,-1.83772e-16,0.608761429,-0.79335334,2022-09-27
8612.0,2022.0,9.0,27.0,10.0,25.6,0.0,1.343502884,1.343502884,661.1111111,1012.9,67.0,1.260422467,17.17,0,-0.997219091,-0.074525734,-1.0,-1.83772e-16,0.5,-0.866025404,2022-09-27
8613.0,2022.0,9.0,27.0,10.5,25.35,0.0,1.378858223,1.378858223,668.0555556,1012.6,68.0,1.417540172,15.98,0,-0.997245754,-0.074168097,-1.0,-1.83772e-16,0.382683432,-0.923879533,2022-09-27
8614.0,2022.0,9.0,27.0,11.0,25.1,0.0,1.414213562,1.414213562,675.0,1012.3,69.0,1.463858711,15.0,0,-0.997272288,-0.073810451,-1.0,-1.83772e-16,0.258819045,-0.965925826,2022-09-27
8615.0,2022.0,9.0,27.0,11.5,25.4,0.0,2.207106781,0.707106781,575.0,1012.05,68.0,1.141309433,17.13,0,-0.997298695,-0.073452795,-1.0,-1.83772e-16,0.130526192,-0.991444861,2022-09-27
8616.0,2022.0,9.0,27.0,12.0,25.7,0.0,3.0,0.0,475.0,1011.8,67.0,0.99113377,17.17,0,-0.997324973,-0.07309513,-1.0,-1.83772e-16,1.22515e-16,-1.0,2022-09-27
8617.0,2022.0,9.0,27.0,12.5,25.6,0.0,2.8,0.0,554.1666667,1011.45,67.0,1.096762824,12.73,0,-0.997351123,-0.072737455,-1.0,-1.83772e-16,-0.130526192,-0.991444861,2022-09-27
8618.0,2022.0,9.0,27.0,13.0,25.5,0.0,2.6,0.0,633.3333333,1011.1,67.0,1.283272932,10.0,0,-0.997377145,-0.072379771,-1.0,-1.83772e-16,-0.258819045,-0.965925826,2022-09-27
8619.0,2022.0,9.0,27.0,13.5,25.4,0.0,2.685819299,-0.574025149,595.8333333,1010.95,67.0,1.231206765,15.0,0,-0.997403038,-0.072022078,-1.0,-1.83772e-16,-0.382683432,-0.923879533,2022-09-27
8620.0,2022.0,9.0,27.0,14.0,25.3,0.0,2.771638598,-1.148050297,558.3333333,1010.8,67.0,1.14057325,19.24,0,-0.997428803,-0.071664375,-1.0,-1.83772e-16,-0.5,-0.866025404,2022-09-27
8621.0,2022.0,9.0,27.0,14.5,24.75,0.0,3.048802458,-1.262855327,480.5555556,1010.8,70.0,0.915036122,18.47,0,-0.99745444,-0.071306664,-1.0,-1.83772e-16,-0.608761429,-0.79335334,2022-09-27
8622.0,2022.0,9.0,27.0,15.0,24.2,0.0,3.325966317,-1.377660357,402.7777778,1010.8,73.0,0.862543824,22.0,0,-0.997479948,-0.070948943,-1.0,-1.83772e-16,-0.707106781,-0.707106781,2022-09-27
8623.0,2022.0,9.0,27.0,15.5,23.9,0.0,2.956414504,-0.153073373,318.0555556,1011.05,70.5,0.65654529,23.37,0,-0.997505329,-0.070591213,-1.0,-1.83772e-16,-0.79335334,-0.608761429,2022-09-27
8624.0,2022.0,9.0,27.0,16.0,23.6,0.0,2.586862691,1.071513611,233.3333333,1011.3,68.0,0.514722204,29.99,0,-0.997530581,-0.070233473,-1.0,-1.83772e-16,-0.866025404,-0.5,2022-09-27
8625.0,2022.0,9.0,27.0,16.5,23.15,0.0,2.402086785,0.994976925,172.2222222,1011.15,70.5,0.355978524,29.99,0,-0.997555704,-0.069875725,-1.0,-1.83772e-16,-0.923879533,-0.382683432,2022-09-27
8626.0,2022.0,9.0,27.0,17.0,22.7,0.0,2.217310878,0.918440238,111.1111111,1011.0,73.0,0.226650691,40.0,0,-0.9975807,-0.069517968,-1.0,-1.83772e-16,-0.965925826,-0.258819045,2022-09-27
8627.0,2022.0,9.0,27.0,17.5,22.3,0.0,2.171116902,0.899306066,61.11111111,1011.1,76.5,0.117026317,31.97,0,-0.997605567,-0.069160202,-1.0,-1.83772e-16,-0.991444861,-0.130526192,2022-09-27
8628.0,2022.0,9.0,27.0,18.0,21.9,0.0,2.124922925,0.880171894,11.11111111,1011.2,80.0,0.023303944,32.94,0,-0.997630305,-0.068802427,-1.0,-1.83772e-16,-1.0,-1.83772e-16,2022-09-27
8629.0,2022.0,9.0,27.0,18.5,21.65,0.0,2.355892808,0.975842753,5.555555555,1011.35,80.0,0.008057511,27.21,0,-0.997654916,-0.068444643,-1.0,-1.83772e-16,-0.991444861,0.130526192,2022-09-27
8630.0,2022.0,9.0,27.0,19.0,21.4,0.0,2.586862691,1.071513611,0.0,1011.5,80.0,0.0,24.12,0,-0.997679398,-0.06808685,-1.0,-1.83772e-16,-0.965925826,0.258819045,2022-09-27
8631.0,2022.0,9.0,27.0,19.5,20.85,0.0,1.859116771,1.101442231,0.0,1011.5,82.5,0.0,21.4,0,-0.997703752,-0.067729049,-1.0,-1.83772e-16,-0.923879533,0.382683432,2022-09-27
8632.0,2022.0,9.0,27.0,20.0,20.3,0.0,1.13137085,1.13137085,0.0,1011.5,85.0,0.0,20.0,0,-0.997727977,-0.067371239,-1.0,-1.83772e-16,-0.866025404,0.5,2022-09-27
8633.0,2022.0,9.0,27.0,20.5,20.05,0.0,1.237436867,1.237436867,0.0,1011.6,86.5,0.0,20.01,0,-0.997752074,-0.06701342,-1.0,-1.83772e-16,-0.79335334,0.608761429,2022-09-27
8634.0,2022.0,9.0,27.0,21.0,19.8,0.0,1.343502884,1.343502884,0.0,1011.7,88.0,0.0,20.0,0,-0.997776043,-0.066655592,-1.0,-1.83772e-16,-0.707106781,0.707106781,2022-09-27
8635.0,2022.0,9.0,27.0,21.5,19.6,0.0,1.073569046,1.641824951,0.0,1011.55,89.0,0.0,17.44,0,-0.997799883,-0.066297756,-1.0,-1.83772e-16,-0.608761429,0.79335334,2022-09-27
8636.0,2022.0,9.0,27.0,22.0,19.4,0.0,0.803635208,1.940147018,0.0,1011.4,90.0,0.0,15.01,0,-0.997823596,-0.065939912,-1.0,-1.83772e-16,-0.5,0.866025404,2022-09-27
8637.0,2022.0,9.0,27.0,22.5,19.3,0.0,1.002858368,1.571114273,0.0,1011.2,88.5,0.0,16.76,0,-0.997847179,-0.065582059,-1.0,-1.83772e-16,-0.382683432,0.923879533,2022-09-27
8638.0,2022.0,9.0,27.0,23.0,19.2,0.0,1.202081528,1.202081528,0.0,1011.0,87.0,0.0,17.15,0,-0.997870635,-0.065224197,-1.0,-1.83772e-16,-0.258819045,0.965925826,2022-09-27
8639.0,2022.0,9.0,27.0,23.5,19.15,0.0,1.02199254,1.61730825,0.0,1010.55,86.0,0.0,16.0,0,-0.997893962,-0.064866328,-1.0,-1.83772e-16,-0.130526192,0.991444861,2022-09-27
8640.0,2022.0,9.0,28.0,0.0,19.1,0.0,0.841903551,2.032534972,0.0,1010.1,85.0,0.0,11.0,0,-0.997917161,-0.064508449,-1.0,-1.83772e-16,-2.4503e-16,1.0,2022-09-28
8641.0,2022.0,9.0,28.0,0.5,19.3,0.0,0.841903551,2.032534972,0.0,1010.0,82.0,0.0,16.83,0,-0.997940231,-0.064150563,-1.0,-1.83772e-16,0.130526192,0.991444861,2022-09-28
8642.0,2022.0,9.0,28.0,1.0,19.5,0.0,0.841903551,2.032534972,0.0,1009.9,79.0,0.0,16.83,0,-0.997963173,-0.063792668,-1.0,-1.83772e-16,0.258819045,0.965925826,2022-09-28
8643.0,2022.0,9.0,28.0,1.5,19.15,0.0,0.803635208,1.940147019,0.0,1009.7,78.5,0.0,21.0,0,-0.997985987,-0.063434765,-1.0,-1.83772e-16,0.382683432,0.923879533,2022-09-28
8644.0,2022.0,9.0,28.0,2.0,18.8,0.0,0.765366865,1.847759065,0.0,1009.5,78.0,0.0,18.0,0,-0.998008673,-0.063076854,-1.0,-1.83772e-16,0.5,0.866025404,2022-09-28
8645.0,2022.0,9.0,28.0,2.5,18.5,0.0,0.382683433,1.823879533,0.0,1009.25,78.5,0.0,16.8,0,-0.99803123,-0.062718935,-1.0,-1.83772e-16,0.608761429,0.79335334,2022-09-28
8646.0,2022.0,9.0,28.0,3.0,18.2,0.0,1.1e-16,1.8,0.0,1009.0,79.0,0.0,15.94,0,-0.998053658,-0.062361008,-1.0,-1.83772e-16,0.707106781,0.707106781,2022-09-28
8647.0,2022.0,9.0,28.0,3.5,18.45,0.0,0.401817604,1.870073509,0.0,1008.7,78.0,0.0,17.06,0,-0.998075959,-0.062003072,-1.0,-1.83772e-16,0.79335334,0.608761429,2022-09-28
8648.0,2022.0,9.0,28.0,4.0,18.7,0.0,0.803635208,1.940147018,0.0,1008.4,77.0,0.0,18.0,0,-0.99809813,-0.061645129,-1.0,-1.83772e-16,0.866025404,0.5,2022-09-28
8649.0,2022.0,9.0,28.0,4.5,18.7,0.0,1.038213707,1.606469612,0.0,1008.5,76.5,0.0,16.75,0,-0.998120174,-0.061287178,-1.0,-1.83772e-16,0.923879533,0.382683432,2022-09-28
8650.0,2022.0,9.0,28.0,5.0,18.7,0.0,1.272792206,1.272792206,0.0,1008.6,76.0,0.0,16.85,0,-0.998142089,-0.060929219,-1.0,-1.83772e-16,0.965925826,0.258819045,2022-09-28
8651.0,2022.0,9.0,28.0,5.5,18.7,0.0,1.095616222,1.745051542,1.388888889,1008.7,73.0,0.001759734,17.73,0,-0.998163876,-0.060571252,-1.0,-1.83772e-16,0.991444861,0.130526192,2022-09-28
8652.0,2022.0,9.0,28.0,6.0,18.7,0.0,0.918440238,2.217310878,2.777777778,1008.8,70.0,0.004451594,18.0,0,-0.998185534,-0.060213277,-1.0,-1.83772e-16,1.0,6.12574e-17,2022-09-28
8653.0,2022.0,9.0,28.0,6.5,19.4,0.0,0.899306066,2.171116902,61.11111109,1008.85,68.5,0.119439264,15.68,0,-0.998207065,-0.059855295,-1.0,-1.83772e-16,0.991444861,-0.130526192,2022-09-28
8654.0,2022.0,9.0,28.0,7.0,20.1,0.0,0.880171894,2.124922925,119.4444444,1008.9,67.0,0.234497643,15.97,0,-0.998228466,-0.059497305,-1.0,-1.83772e-16,0.965925826,-0.258819045,2022-09-28
8655.0,2022.0,9.0,28.0,7.5,20.8,0.0,0.956708581,2.309698832,227.7777777,1008.75,66.0,0.420943663,17.12,0,-0.998249739,-0.059139307,-1.0,-1.83772e-16,0.923879533,-0.382683432,2022-09-28
8656.0,2022.0,9.0,28.0,8.0,21.5,0.0,1.033245267,2.494474738,336.1111111,1008.6,65.0,0.649984758,17.73,0,-0.998270884,-0.058781302,-1.0,-1.83772e-16,0.866025404,-0.5,2022-09-28
8657.0,2022.0,9.0,28.0,8.5,22.1,0.0,1.071513611,2.586862691,429.1666667,1008.55,64.0,0.880023054,15.59,0,-0.998291901,-0.058423289,-1.0,-1.83772e-16,0.79335334,-0.608761429,2022-09-28
8658.0,2022.0,9.0,28.0,9.0,22.7,0.0,1.109781954,2.679250644,522.2222222,1008.5,63.0,1.010336656,18.61,0,-0.998312789,-0.058065268,-1.0,-1.83772e-16,0.707106781,-0.707106781,2022-09-28
8659.0,2022.0,9.0,28.0,9.5,22.95,0.0,1.014111096,2.448280761,593.0555556,1008.25,59.5,1.21918293,20.01,0,-0.998333549,-0.05770724,-1.0,-1.83772e-16,0.608761429,-0.79335334,2022-09-28
8660.0,2022.0,9.0,28.0,10.0,23.2,0.0,0.918440238,2.217310878,663.8888889,1008.0,56.0,1.380863175,20.57,0,-0.99835418,-0.057349205,-1.0,-1.83772e-16,0.5,-0.866025404,2022-09-28
8661.0,2022.0,9.0,28.0,10.5,23.8,0.0,0.459220119,2.558655439,708.3333334,1007.6,58.0,1.394459143,20.0,0,-0.998374683,-0.056991162,-1.0,-1.83772e-16,0.382683432,-0.923879533,2022-09-28
8662.0,2022.0,9.0,28.0,11.0,24.4,0.0,1.78e-16,2.9,752.7777778,1007.2,60.0,1.554598372,20.0,0,-0.998395057,-0.056633112,-1.0,-1.83772e-16,0.258819045,-0.965925826,2022-09-28
8663.0,2022.0,9.0,28.0,11.5,24.7,0.0,1.154849416,1.928354291,738.8888889,1006.7,55.0,1.47069276,19.78,0,-0.998415303,-0.056275055,-1.0,-1.83772e-16,0.130526192,-0.991444861,2022-09-28
8664.0,2022.0,9.0,28.0,12.0,25.0,0.0,2.309698831,0.956708581,725.0,1006.2,50.0,1.437314404,20.0,0,-0.998435421,-0.05591699,-1.0,-1.83772e-16,1.22515e-16,-1.0,2022-09-28
8665.0,2022.0,9.0,28.0,12.5,25.05,0.0,2.124922925,0.076536687,716.6666667,1005.9,51.0,1.335907805,13.38,0,-0.99845541,-0.055558918,-1.0,-1.83772e-16,-0.130526192,-0.991444861,2022-09-28
8666.0,2022.0,9.0,28.0,13.0,25.1,0.0,1.940147018,-0.803635208,708.3333333,1005.6,52.0,1.444975667,15.21,0,-0.998475271,-0.055200839,-1.0,-1.83772e-16,-0.258819045,-0.965925826,2022-09-28
8667.0,2022.0,9.0,28.0,13.5,25.2,0.0,1.970073509,-0.401817604,676.3888889,1005.4,51.0,1.295731628,23.35,0,-0.998495004,-0.054842753,-1.0,-1.83772e-16,-0.382683432,-0.923879533,2022-09-28
8668.0,2022.0,9.0,28.0,14.0,25.3,0.0,2.0,0.0,644.4444444,1005.2,50.0,1.263652316,23.93,0,-0.998514608,-0.05448466,-1.0,-1.83772e-16,-0.5,-0.866025404,2022-09-28
8669.0,2022.0,9.0,28.0,14.5,25.05,0.0,2.062461463,-0.440085947,572.2222222,1005.25,53.5,1.057053629,23.48,0,-0.998534083,-0.05412656,-1.0,-1.83772e-16,-0.608761429,-0.79335334,2022-09-28
8670.0,2022.0,9.0,28.0,15.0,24.8,0.0,2.124922925,-0.880171894,500.0,1005.3,57.0,0.957237688,29.9,0,-0.99855343,-0.053768453,-1.0,-1.83772e-16,-0.707106781,-0.707106781,2022-09-28
8671.0,2022.0,9.0,28.0,15.5,24.25,0.0,2.402086785,-0.994976924,397.2222222,1005.4,60.5,0.766848929,29.77,0,-0.998572649,-0.053410339,-1.0,-1.83772e-16,-0.79335334,-0.608761429,2022-09-28
8672.0,2022.0,9.0,28.0,16.0,23.7,0.0,2.679250644,-1.109781954,294.4444444,1005.5,64.0,0.627013995,31.98,0,-0.998591739,-0.053052218,-1.0,-1.83772e-16,-0.866025404,-0.5,2022-09-28
8673.0,2022.0,9.0,28.0,16.5,23.25,0.0,2.289625322,-0.554890977,200.0,1005.65,65.5,0.367398645,37.67,0,-0.998610701,-0.052694091,-1.0,-1.83772e-16,-0.923879533,-0.382683432,2022-09-28
8674.0,2022.0,9.0,28.0,17.0,22.8,0.0,1.9,0.0,105.5555556,1005.8,67.0,0.223904206,39.72,0,-0.998629535,-0.052335956,-1.0,-1.83772e-16,-0.965925826,-0.258819045,2022-09-28
8675.0,2022.0,9.0,28.0,17.5,22.35,0.0,1.8,0.0,56.94444447,1005.95,68.5,0.114407796,38.1,0,-0.99864824,-0.051977815,-1.0,-1.83772e-16,-0.991444861,-0.130526192,2022-09-28
8676.0,2022.0,9.0,28.0,18.0,21.9,0.0,1.7,0.0,8.333333333,1006.1,70.0,0.016538915,31.99,0,-0.998666816,-0.051619667,-1.0,-1.83772e-16,-1.0,-1.83772e-16,2022-09-28
8677.0,2022.0,9.0,28.0,18.5,21.65,0.0,1.7,0.0,4.166666667,1006.5,72.0,0.00514076,31.98,0,-0.998685264,-0.051261513,-1.0,-1.83772e-16,-0.991444861,0.130526192,2022-09-28
8678.0,2022.0,9.0,28.0,19.0,21.4,0.0,1.7,0.0,0.0,1006.9,74.0,0.0,33.6,0,-0.998703584,-0.050903352,-1.0,-1.83772e-16,-0.965925826,0.258819045,2022-09-28
8679.0,2022.0,9.0,28.0,19.5,21.6,0.0,1.542909649,0.287012575,0.0,1007.35,73.5,0.0,37.09,0,-0.998721775,-0.050545184,-1.0,-1.83772e-16,-0.923879533,0.382683432,2022-09-28
8680.0,2022.0,9.0,28.0,20.0,21.8,0.0,1.385819299,0.574025149,0.0,1007.8,73.0,0.0,27.21,0,-0.998739838,-0.05018701,-1.0,-1.83772e-16,-0.866025404,0.5,2022-09-28
8681.0,2022.0,9.0,28.0,20.5,21.7,0.0,1.339625322,0.554890977,0.0,1007.95,73.0,0.0,23.93,0,-0.998757772,-0.049828829,-1.0,-1.83772e-16,-0.79335334,0.608761429,2022-09-28
8682.0,2022.0,9.0,28.0,21.0,21.6,0.0,1.293431346,0.535756805,0.0,1008.1,73.0,0.0,23.37,0,-0.998775578,-0.049470642,-1.0,-1.83772e-16,-0.707106781,0.707106781,2022-09-28
8683.0,2022.0,9.0,28.0,21.5,21.15,0.0,0.858847708,0.480010437,0.0,1008.05,76.5,0.0,20.01,0,-0.998793256,-0.049112449,-1.0,-1.83772e-16,-0.608761429,0.79335334,2022-09-28
8684.0,2022.0,9.0,28.0,22.0,20.7,0.0,0.424264069,0.424264069,0.0,1008.0,80.0,0.0,20.0,0,-0.998810804,-0.048754249,-1.0,-1.83772e-16,-0.5,0.866025404,2022-09-28
8685.0,2022.0,9.0,28.0,22.5,20.1,0.0,-0.035355339,-0.035355339,0.0,1008.2,85.0,0.0,17.29,0,-0.998828225,-0.048396043,-1.0,-1.83772e-16,-0.382683432,0.923879533,2022-09-28
8686.0,2022.0,9.0,28.0,23.0,19.5,0.0,-0.494974747,-0.494974747,0.0,1008.4,90.0,0.0,17.26,0,-0.998845517,-0.048037831,-1.0,-1.83772e-16,-0.258819045,0.965925826,2022-09-28
8687.0,2022.0,9.0,28.0,23.5,19.35,0.0,-0.381426575,-0.57084521,0.0,1008.2,90.5,0.0,16.77,0,-0.998862681,-0.047679613,-1.0,-1.83772e-16,-0.130526192,0.991444861,2022-09-28
8688.0,2022.0,9.0,29.0,0.0,19.2,0.0,-0.267878403,-0.646715673,0.0,1008.0,91.0,0.0,15.1,0,-0.998879716,-0.047321388,-1.0,-1.83772e-16,-2.4503e-16,1.0,2022-09-29
8689.0,2022.0,9.0,29.0,0.5,18.8,0.0,-0.34441509,0.184775906,0.0,1008.0,92.5,0.0,17.06,0,-0.998896622,-0.046963158,-1.0,-1.83772e-16,0.130526192,0.991444861,2022-09-29
8690.0,2022.0,9.0,29.0,1.0,18.4,0.0,-0.420951776,1.016267486,0.0,1008.0,94.0,0.0,17.73,0,-0.9989134,-0.046604921,-1.0,-1.83772e-16,0.258819045,0.965925826,2022-09-29
8691.0,2022.0,9.0,29.0,1.5,18.0,0.0,-0.949579514,0.814280489,0.0,1008.15,95.5,0.0,17.36,0,-0.99893005,-0.046246679,-1.0,-1.83772e-16,0.382683432,0.923879533,2022-09-29
8692.0,2022.0,9.0,29.0,2.0,17.6,0.0,-1.478207252,0.612293492,0.0,1008.3,97.0,0.0,16.69,0,-0.998946571,-0.04588843,-1.0,-1.83772e-16,0.5,0.866025404,2022-09-29
8693.0,2022.0,9.0,29.0,2.5,17.7,0.0,-1.198723034,0.765766154,0.0,1008.3,96.5,0.0,16.59,0,-0.998962964,-0.045530176,-1.0,-1.83772e-16,0.608761429,0.79335334,2022-09-29
8694.0,2022.0,9.0,29.0,3.0,17.8,0.0,-0.919238816,0.919238816,0.0,1008.3,96.0,0.0,16.86,0,-0.998979228,-0.045171915,-1.0,-1.83772e-16,0.707106781,0.707106781,2022-09-29
8695.0,2022.0,9.0,29.0,3.5,17.85,0.0,-0.459619408,1.109619408,0.0,1008.35,96.0,0.0,17.09,0,-0.998995364,-0.044813649,-1.0,-1.83772e-16,0.79335334,0.608761429,2022-09-29
8696.0,2022.0,9.0,29.0,4.0,17.9,0.0,7.96e-17,1.3,0.0,1008.4,96.0,0.0,17.09,0,-0.999011371,-0.044455377,-1.0,-1.83772e-16,0.866025404,0.5,2022-09-29
8697.0,2022.0,9.0,29.0,4.5,17.75,0.0,9.48e-17,1.55,0.0,1008.65,96.5,0.0,17.12,0,-0.99902725,-0.0440971,-1.0,-1.83772e-16,0.923879533,0.382683432,2022-09-29
8698.0,2022.0,9.0,29.0,5.0,17.6,0.0,1.1e-16,1.8,0.0,1008.9,97.0,0.0,17.64,0,-0.999043,-0.043738816,-1.0,-1.83772e-16,0.965925826,0.258819045,2022-09-29
8699.0,2022.0,9.0,29.0,5.5,17.65,0.0,-0.323357836,1.033939202,1.388888889,1009.35,97.0,0.001899199,17.22,0,-0.999058622,-0.043380527,-1.0,-1.83772e-16,0.991444861,0.130526192,2022-09-29
8700.0,2022.0,9.0,29.0,6.0,17.7,0.0,-0.646715673,0.267878403,2.777777778,1009.8,97.0,0.004472017,17.22,0,-0.999074115,-0.043022233,-1.0,-1.83772e-16,1.0,6.12574e-17,2022-09-29
8701.0,2022.0,9.0,29.0,6.5,18.55,0.0,0.27716386,0.382683433,37.5,1010.0,94.0,0.073952272,12.51,0,-0.99908948,-0.042663933,-1.0,-1.83772e-16,0.991444861,-0.130526192,2022-09-29
8702.0,2022.0,9.0,29.0,7.0,19.4,0.0,1.201043392,0.497488462,72.22222222,1010.2,91.0,0.154896312,11.0,0,-0.999104716,-0.042305628,-1.0,-1.83772e-16,0.965925826,-0.258819045,2022-09-29
8703.0,2022.0,9.0,29.0,7.5,20.3,0.0,0.461939766,0.306146746,138.8888889,1010.45,88.0,0.272296831,10.0,0,-0.999119824,-0.041947317,-1.0,-1.83772e-16,0.923879533,-0.382683432,2022-09-29
8704.0,2022.0,9.0,29.0,8.0,21.2,0.0,-0.27716386,0.11480503,205.5555556,1010.7,85.0,0.422952412,10.0,0,-0.999134803,-0.041589,-1.0,-1.83772e-16,0.866025404,-0.5,2022-09-29
8705.0,2022.0,9.0,29.0,8.5,22.0,0.0,-0.492135321,0.410955906,276.3888889,1010.7,78.0,0.524466072,8.01,0,-0.999149654,-0.041230679,-1.0,-1.83772e-16,0.79335334,-0.608761429,2022-09-29
8706.0,2022.0,9.0,29.0,9.0,22.8,0.0,-0.707106781,0.707106781,347.2222222,1010.7,71.0,0.739783384,10.0,0,-0.999164376,-0.040872352,-1.0,-1.83772e-16,0.707106781,-0.707106781,2022-09-29
8707.0,2022.0,9.0,29.0,9.5,23.1,0.0,-0.848528138,0.848528138,370.8333333,1010.7,70.5,0.674927989,10.0,0,-0.99917897,-0.040514019,-1.0,-1.83772e-16,0.608761429,-0.79335334,2022-09-29
8708.0,2022.0,9.0,29.0,10.0,23.4,0.0,-0.989949494,0.989949494,394.4444444,1010.7,70.0,0.804704939,7.42,0,-0.999193435,-0.040155682,-1.0,-1.83772e-16,0.5,-0.866025404,2022-09-29
8709.0,2022.0,9.0,29.0,10.5,23.6,0.0,-0.944974747,0.494974747,434.7222222,1010.5,68.5,0.827775959,7.42,0,-0.999207772,-0.039797339,-1.0,-1.83772e-16,0.382683432,-0.923879533,2022-09-29
8710.0,2022.0,9.0,29.0,11.0,23.8,0.0,-0.9,1.1e-16,475.0,1010.3,67.0,0.939136678,7.42,0,-0.99922198,-0.039438992,-1.0,-1.83772e-16,0.258819045,-0.965925826,2022-09-29
8711.0,2022.0,9.0,29.0,11.5,24.5,0.0,0.044974747,-0.494974747,552.7777778,1010.1,63.5,1.101374707,5.0,0,-0.99923606,-0.039080639,-1.0,-1.83772e-16,0.130526192,-0.991444861,2022-09-29
8712.0,2022.0,9.0,29.0,12.0,25.2,0.0,0.989949494,-0.989949494,630.5555556,1009.9,60.0,1.182086131,4.65,0,-0.999250011,-0.038722281,-1.0,-1.83772e-16,1.22515e-16,-1.0,2022-09-29
8713.0,2022.0,9.0,29.0,12.5,25.45,0.0,0.494974747,-1.744974747,658.3333334,1009.75,59.5,1.412132918,4.65,0,-0.999263834,-0.038363918,-1.0,-1.83772e-16,-0.130526192,-0.991444861,2022-09-29
8714.0,2022.0,9.0,29.0,13.0,25.7,0.0,-4.59e-16,-2.5,686.1111111,1009.6,59.0,1.326706908,0.52,0,-0.999277528,-0.03800555,-1.0,-1.83772e-16,-0.258819045,-0.965925826,2022-09-29
8715.0,2022.0,9.0,29.0,13.5,25.4,0.0,0.420951775,-2.266267486,593.0555556,1009.6,59.0,1.202046281,3.0,0,-0.999291094,-0.037647178,-1.0,-1.83772e-16,-0.382683432,-0.923879533,2022-09-29
8716.0,2022.0,9.0,29.0,14.0,25.1,0.0,0.841903551,-2.032534972,500.0,1009.6,59.0,1.014409707,4.65,0,-0.999304531,-0.0372888,-1.0,-1.83772e-16,-0.5,-0.866025404,2022-09-29
8717.0,2022.0,9.0,29.0,14.5,25.65,0.0,0.554890977,-1.339625323,462.5,1009.7,57.5,0.868277987,4.65,0,-0.999317839,-0.036930418,-1.0,-1.83772e-16,-0.608761429,-0.79335334,2022-09-29
8718.0,2022.0,9.0,29.0,15.0,26.2,0.0,0.267878403,-0.646715673,425.0,1009.8,56.0,0.886411179,7.42,0,-0.99933102,-0.036572031,-1.0,-1.83772e-16,-0.707106781,-0.707106781,2022-09-29
8719.0,2022.0,9.0,29.0,15.5,25.4,0.0,0.612293492,-1.478207252,291.6666667,1010.05,58.5,0.573052989,12.51,0,-0.999344071,-0.036213639,-1.0,-1.83772e-16,-0.79335334,-0.608761429,2022-09-29
8720.0,2022.0,9.0,29.0,16.0,24.6,0.0,0.956708581,-2.309698831,158.3333333,1010.3,61.0,0.313063945,17.31,0,-0.999356994,-0.035855243,-1.0,-1.83772e-16,-0.866025404,-0.5,2022-09-29
8721.0,2022.0,9.0,29.0,16.5,24.1,0.0,0.93757441,-2.263504855,111.1111111,1010.4,64.0,0.239885936,37.76,0,-0.999369789,-0.035496842,-1.0,-1.83772e-16,-0.923879533,-0.382683432,2022-09-29
8722.0,2022.0,9.0,29.0,17.0,23.6,0.0,0.918440238,-2.217310878,63.88888889,1010.5,67.0,0.126939377,38.01,0,-0.999382454,-0.035138436,-1.0,-1.83772e-16,-0.965925826,-0.258819045,2022-09-29
8723.0,2022.0,9.0,29.0,17.5,22.7,0.0,0.861037723,-2.078728948,33.33333333,1010.85,67.5,0.065911604,48.77,0,-0.999394992,-0.034780026,-1.0,-1.83772e-16,-0.991444861,-0.130526192,2022-09-29
8724.0,2022.0,9.0,29.0,18.0,21.8,0.0,0.803635208,-1.940147018,2.777777778,1011.2,68.0,0.002661574,48.77,0,-0.999407401,-0.034421612,-1.0,-1.83772e-16,-1.0,-1.83772e-16,2022-09-29
8725.0,2022.0,9.0,29.0,18.5,20.75,0.0,0.70796435,-1.709177135,1.388888889,1011.25,74.0,0.001239532,37.92,0,-0.999419681,-0.034063193,-1.0,-1.83772e-16,-0.991444861,0.130526192,2022-09-29
8726.0,2022.0,9.0,29.0,19.0,19.7,0.0,0.612293492,-1.478207252,0.0,1011.3,80.0,0.0,37.71,0,-0.999431833,-0.033704769,-1.0,-1.83772e-16,-0.965925826,0.258819045,2022-09-29
8727.0,2022.0,9.0,29.0,19.5,19.35,0.0,0.447568102,-0.880524982,0.0,1011.6,81.0,0.0,20.0,0,-0.999443856,-0.033346342,-1.0,-1.83772e-16,-0.923879533,0.382683432,2022-09-29
8728.0,2022.0,9.0,29.0,20.0,19.0,0.0,0.282842712,-0.282842712,0.0,1011.9,82.0,0.0,20.0,0,-0.999455751,-0.03298791,-1.0,-1.83772e-16,-0.866025404,0.5,2022-09-29
8729.0,2022.0,9.0,29.0,20.5,18.95,0.0,-0.141421356,0.141421356,0.0,1012.2,84.5,0.0,20.0,0,-0.999467517,-0.032629473,-1.0,-1.83772e-16,-0.79335334,0.608761429,2022-09-29
8730.0,2022.0,9.0,29.0,21.0,18.9,0.0,-0.565685425,0.565685425,0.0,1012.5,87.0,0.0,20.01,0,-0.999479155,-0.032271033,-1.0,-1.83772e-16,-0.707106781,0.707106781,2022-09-29
8731.0,2022.0,9.0,29.0,21.5,18.95,0.0,0.141421356,-0.141421356,0.0,1012.45,87.5,0.0,19.49,0,-0.999490664,-0.031912588,-1.0,-1.83772e-16,-0.608761429,0.79335334,2022-09-29
8732.0,2022.0,9.0,29.0,22.0,19.0,0.0,0.848528137,-0.848528137,0.0,1012.4,88.0,0.0,17.47,0,-0.999502044,-0.03155414,-1.0,-1.83772e-16,-0.5,0.866025404,2022-09-29
8733.0,2022.0,9.0,29.0,22.5,19.05,0.0,0.271190695,-0.793815882,0.0,1012.6,89.5,0.0,18.28,0,-0.999513296,-0.031195687,-1.0,-1.83772e-16,-0.382683432,0.923879533,2022-09-29
8734.0,2022.0,9.0,29.0,23.0,19.1,0.0,-0.306146746,-0.739103626,0.0,1012.8,91.0,0.0,18.28,0,-0.99952442,-0.03083723,-1.0,-1.83772e-16,-0.258819045,0.965925826,2022-09-29
8735.0,2022.0,9.0,29.0,23.5,19.05,0.0,0.401254347,-0.139941754,0.0,1012.5,92.0,0.0,17.17,0,-0.999535414,-0.030478769,-1.0,-1.83772e-16,-0.130526192,0.991444861,2022-09-29
8736.0,2022.0,9.0,30.0,0.0,19.0,0.0,1.108655439,0.459220119,0.0,1012.2,93.0,0.0,12.51,0,-0.999546281,-0.030120305,-1.0,-1.83772e-16,-2.4503e-16,1.0,2022-09-30
8737.0,2022.0,9.0,30.0,0.5,18.95,0.0,0.323357837,0.325280918,0.0,1012.65,94.0,0.0,17.44,0,-0.999557018,-0.029761836,-1.0,-1.83772e-16,0.130526192,0.991444861,2022-09-30
8738.0,2022.0,9.0,30.0,1.0,18.9,0.0,-0.461939766,0.191341716,0.0,1013.1,95.0,0.0,16.95,0,-0.999567628,-0.029403364,-1.0,-1.83772e-16,0.258819045,0.965925826,2022-09-30
8739.0,2022.0,9.0,30.0,1.5,18.8,0.0,0.017774348,0.696192554,0.0,1012.9,95.5,0.0,12.51,0,-0.999578108,-0.029044888,-1.0,-1.83772e-16,0.382683432,0.923879533,2022-09-30
8740.0,2022.0,9.0,30.0,2.0,18.7,0.0,0.497488462,1.201043392,0.0,1012.7,96.0,0.0,20.0,0,-0.99958846,-0.028686408,-1.0,-1.83772e-16,0.5,0.866025404,2022-09-30
8741.0,2022.0,9.0,30.0,2.5,18.45,0.0,0.756877974,0.810997584,0.0,1012.7,96.0,0.0,14.84,0,-0.999598684,-0.028327924,-1.0,-1.83772e-16,0.608761429,0.79335334,2022-09-30
8742.0,2022.0,9.0,30.0,3.0,18.2,0.0,1.016267486,0.420951776,0.0,1012.7,96.0,0.0,13.0,0,-0.999608779,-0.027969437,-1.0,-1.83772e-16,0.707106781,0.707106781,2022-09-30
8743.0,2022.0,9.0,30.0,3.5,17.9,0.0,0.684910439,0.033699192,0.0,1012.8,96.5,0.0,16.01,0,-0.999618745,-0.027610947,-1.0,-1.83772e-16,0.79335334,0.608761429,2022-09-30
8744.0,2022.0,9.0,30.0,4.0,17.6,0.0,0.353553391,-0.353553391,0.0,1012.9,97.0,0.0,17.1,0,-0.999628583,-0.027252452,-1.0,-1.83772e-16,0.866025404,0.5,2022-09-30
8745.0,2022.0,9.0,30.0,4.5,17.75,0.0,0.74246212,0.388908729,0.0,1012.9,94.0,0.0,17.24,0,-0.999638292,-0.026893954,-1.0,-1.83772e-16,0.923879533,0.382683432,2022-09-30
8746.0,2022.0,9.0,30.0,5.0,17.9,0.0,1.13137085,1.13137085,0.0,1012.9,91.0,0.0,17.73,0,-0.999647873,-0.026535453,-1.0,-1.83772e-16,0.965925826,0.258819045,2022-09-30
8747.0,2022.0,9.0,30.0,5.5,17.2,0.0,0.750461331,0.489148738,2.777777778,1013.25,95.0,0.004562739,17.15,0,-0.999657325,-0.026176948,-1.0,-1.83772e-16,0.991444861,0.130526192,2022-09-30
8748.0,2022.0,9.0,30.0,6.0,16.5,0.0,0.369551813,-0.153073373,5.555555556,1013.6,99.0,0.010110561,19.49,0,-0.999666649,-0.02581844,-1.0,-1.83772e-16,1.0,6.12574e-17,2022-09-30
8749.0,2022.0,9.0,30.0,6.5,17.9,0.0,-0.204132823,0.312372043,56.94444443,1013.9,97.5,0.119117145,17.17,0,-0.999675843,-0.025459929,-1.0,-1.83772e-16,0.991444861,-0.130526192,2022-09-30
8750.0,2022.0,9.0,30.0,7.0,19.3,0.0,-0.777817459,0.777817459,108.3333333,1014.2,96.0,0.211964536,12.69,0,-0.99968491,-0.025101414,-1.0,-1.83772e-16,0.965925826,-0.258819045,2022-09-30
8751.0,2022.0,9.0,30.0,7.5,20.6,0.0,-0.74246212,0.74246212,211.1111111,1014.25,88.5,0.413086449,12.12,0,-0.999693848,-0.024742896,-1.0,-1.83772e-16,0.923879533,-0.382683432,2022-09-30
8752.0,2022.0,9.0,30.0,8.0,21.9,0.0,-0.707106781,0.707106781,313.8888889,1014.3,81.0,0.589225703,12.0,0,-0.999702657,-0.024384375,-1.0,-1.83772e-16,0.866025404,-0.5,2022-09-30
8753.0,2022.0,9.0,30.0,8.5,22.6,0.0,-0.487492592,0.676911227,395.8333334,1014.35,77.0,0.856621572,4.65,0,-0.999711338,-0.024025851,-1.0,-1.83772e-16,0.79335334,-0.608761429,2022-09-30
8754.0,2022.0,9.0,30.0,9.0,23.3,0.0,-0.267878403,0.646715673,477.7777778,1014.4,73.0,0.841116463,4.65,0,-0.99971989,-0.023667324,-1.0,-1.83772e-16,0.707106781,-0.707106781,2022-09-30
8755.0,2022.0,9.0,30.0,9.5,24.05,0.0,0.512776471,0.055479434,495.8333334,1014.4,70.5,1.039095492,4.65,0,-0.999728313,-0.023308793,-1.0,-1.83772e-16,0.608761429,-0.79335334,2022-09-30
8756.0,2022.0,9.0,30.0,10.0,24.8,0.0,1.293431346,-0.535756805,513.8888889,1014.4,68.0,1.086859342,4.65,0,-0.999736608,-0.02295026,-1.0,-1.83772e-16,0.5,-0.866025404,2022-09-30
8757.0,2022.0,9.0,30.0,10.5,24.85,0.0,0.761520703,-0.545042263,551.3888889,1014.25,66.5,1.145041735,4.65,0,-0.999744774,-0.022591724,-1.0,-1.83772e-16,0.382683432,-0.923879533,2022-09-30
8758.0,2022.0,9.0,30.0,11.0,24.9,0.0,0.229610059,-0.55432772,588.8888889,1014.1,65.0,1.224519667,0.75,0,-0.999752812,-0.022233184,-1.0,-1.83772e-16,0.258819045,-0.965925826,2022-09-30
8759.0,2022.0,9.0,30.0,11.5,25.25,0.0,0.440085947,0.508133743,488.8888889,1013.75,64.5,0.932827685,3.0,0,-0.999760721,-0.021874642,-1.0,-1.83772e-16,0.130526192,-0.991444861,2022-09-30
8760.0,2022.0,9.0,30.0,12.0,25.6,0.0,0.650561835,1.570595205,388.8888889,1013.4,64.0,0.760395781,4.65,0,-0.999768502,-0.021516097,-1.0,-1.83772e-16,1.22515e-16,-1.0,2022-09-30
8761.0,2022.0,9.0,30.0,12.5,26.0,0.0,1.38774238,1.22538355,586.1111111,1013.0,61.0,1.173519566,4.65,0,-0.999776154,-0.02115755,-1.0,-1.83772e-16,-0.130526192,-0.991444861,2022-09-30
8762.0,2022.0,9.0,30.0,13.0,26.4,0.0,2.124922925,0.880171894,783.3333333,1012.6,58.0,1.635427695,4.65,0,-0.999783677,-0.020798999,-1.0,-1.83772e-16,-0.258819045,-0.965925826,2022-09-30
8763.0,2022.0,9.0,30.0,13.5,26.75,0.0,2.162461463,0.440085947,684.7222222,1012.45,56.0,1.298677042,5.0,0,-0.999791072,-0.020440446,-1.0,-1.83772e-16,-0.382683432,-0.923879533,2022-09-30
8764.0,2022.0,9.0,30.0,14.0,27.1,0.0,2.2,0.0,586.1111111,1012.3,54.0,1.233788268,12.14,0,-0.999798338,-0.020081891,-1.0,-1.83772e-16,-0.5,-0.866025404,2022-09-30
8765.0,2022.0,9.0,30.0,14.5,26.65,0.0,2.55,0.0,548.6111111,1012.5,55.0,1.077952772,13.38,0,-0.999805476,-0.019723332,-1.0,-1.83772e-16,-0.608761429,-0.79335334,2022-09-30
8766.0,2022.0,9.0,30.0,15.0,26.2,0.0,2.9,0.0,511.1111111,1012.7,56.0,0.997922711,19.78,0,-0.999812485,-0.019364772,-1.0,-1.83772e-16,-0.707106781,-0.707106781,2022-09-30
8767.0,2022.0,9.0,30.0,15.5,25.7,0.0,2.789625322,-0.554890977,416.6666667,1012.9,57.5,0.80968706,15.0,0,-0.999819366,-0.019006208,-1.0,-1.83772e-16,-0.79335334,-0.608761429,2022-09-30
8768.0,2022.0,9.0,30.0,16.0,25.2,0.0,2.679250644,-1.109781954,322.2222222,1013.1,59.0,0.620859276,23.48,0,-0.999826118,-0.018647643,-1.0,-1.83772e-16,-0.866025404,-0.5,2022-09-30
8769.0,2022.0,9.0,30.0,16.5,24.6,0.0,2.679250644,-1.109781954,226.3888889,1013.05,64.0,0.45457262,37.73,0,-0.999832741,-0.018289074,-1.0,-1.83772e-16,-0.923879533,-0.382683432,2022-09-30
8770.0,2022.0,9.0,30.0,17.0,24.0,0.0,2.679250644,-1.109781954,130.5555556,1013.0,69.0,0.285632731,49.33,0,-0.999839236,-0.017930504,-1.0,-1.83772e-16,-0.965925826,-0.258819045,2022-09-30
8771.0,2022.0,9.0,30.0,17.5,23.3,0.0,2.171116902,-0.210475888,69.44444447,1013.05,72.0,0.139914252,49.33,0,-0.999845602,-0.017571931,-1.0,-1.83772e-16,-0.991444861,-0.130526192,2022-09-30
8772.0,2022.0,9.0,30.0,18.0,22.6,0.0,1.662983159,0.688830178,8.333333333,1013.1,75.0,0.015085715,49.33,0,-0.999851839,-0.017213356,-1.0,-1.83772e-16,-1.0,-1.83772e-16,2022-09-30
8773.0,2022.0,9.0,30.0,18.5,22.05,0.0,1.538598361,1.05152187,4.166666667,1013.45,78.5,0.005222689,37.97,0,-0.999857948,-0.016854779,-1.0,-1.83772e-16,-0.991444861,0.130526192,2022-09-30
8774.0,2022.0,9.0,30.0,19.0,21.5,0.0,1.414213562,1.414213562,0.0,1013.8,82.0,0.0,37.7,0,-0.999863928,-0.016496199,-1.0,-1.83772e-16,-0.965925826,0.258819045,2022-09-30
8775.0,2022.0,9.0,30.0,19.5,21.05,0.0,1.308147545,1.308147545,0.0,1014.05,84.5,0.0,24.9,0,-0.99986978,-0.016137618,-1.0,-1.83772e-16,-0.923879533,0.382683432,2022-09-30
8776.0,2022.0,9.0,30.0,20.0,20.6,0.0,1.202081528,1.202081528,0.0,1014.3,87.0,0.0,20.46,0,-0.999875503,-0.015779034,-1.0,-1.83772e-16,-0.866025404,0.5,2022-09-30
8777.0,2022.0,9.0,30.0,20.5,20.55,0.0,1.202081528,1.202081528,0.0,1014.3,88.5,0.0,20.0,0,-0.999881098,-0.015420449,-1.0,-1.83772e-16,-0.79335334,0.608761429,2022-09-30
8778.0,2022.0,9.0,30.0,21.0,20.5,0.0,1.202081528,1.202081528,0.0,1014.3,90.0,0.0,20.0,0,-0.999886564,-0.015061861,-1.0,-1.83772e-16,-0.707106781,0.707106781,2022-09-30
8779.0,2022.0,9.0,30.0,21.5,20.35,0.0,1.343502884,1.343502884,0.0,1014.25,89.5,0.0,20.0,0,-0.999891901,-0.014703271,-1.0,-1.83772e-16,-0.608761429,0.79335334,2022-09-30
8780.0,2022.0,9.0,30.0,22.0,20.2,0.0,1.48492424,1.48492424,0.0,1014.2,89.0,0.0,17.71,0,-0.99989711,-0.01434468,-1.0,-1.83772e-16,-0.5,0.866025404,2022-09-30
8781.0,2022.0,9.0,30.0,22.5,19.75,0.0,0.74246212,1.54246212,0.0,1014.0,90.5,0.0,19.96,0,-0.99990219,-0.013986087,-1.0,-1.83772e-16,-0.382683432,0.923879533,2022-09-30
8782.0,2022.0,9.0,30.0,23.0,19.3,0.0,9.8e-17,1.6,0.0,1013.8,92.0,0.0,17.31,0,-0.999907141,-0.013627492,-1.0,-1.83772e-16,-0.258819045,0.965925826,2022-09-30
8783.0,2022.0,9.0,30.0,23.5,19.0,0.0,-0.36354926,1.677685556,0.0,1013.75,94.0,0.0,17.06,0,-0.999911964,-0.013268895,-1.0,-1.83772e-16,-0.130526192,0.991444861,2022-09-30
