Unnamed: 0,year,month,day,hour,temperature,total precipitation,u-component of wind,v-component of wind,radiation flux,pressure,relative humidity,PVout,price,imbalance,yearSin,yearCos,monthSin,monthCos,hourSin,hourCos,date,CumRev_Optimal,CumRev_Baseline
5856.0,2022.0,8.0,1.0,0.0,27.5,0.0,-2.494474738,1.033245267,0.0,1011.3,85.0,0.0,19.99,0,-0.486272707,-0.873807104,-0.5,-0.866025404,-2.4503e-16,1.0,2022-08-01,0.0,0.0
5857.0,2022.0,8.0,1.0,0.5,27.35,0.0,-1.986340995,0.82276938,0.0,1010.95,85.5,0.0,24.65,0,-0.486586049,-0.873632656,-0.866025404,-0.5,0.130526192,0.991444861,2022-08-01,0.0,0.0
5858.0,2022.0,8.0,1.0,1.0,27.2,0.0,-1.478207252,0.612293492,0.0,1010.6,86.0,0.0,19.65,0,-0.486899328,-0.873458096,-0.866025404,-0.5,0.258819045,0.965925826,2022-08-01,0.0,0.0
5859.0,2022.0,8.0,1.0,1.5,26.95,0.0,-1.709177135,0.70796435,0.0,1010.65,87.5,0.0,17.36,0,-0.487212544,-0.873283423,-0.866025404,-0.5,0.382683432,0.923879533,2022-08-01,0.0,0.0
5860.0,2022.0,8.0,1.0,2.0,26.7,0.0,-1.940147018,0.803635208,0.0,1010.7,89.0,0.0,17.54,0,-0.487525698,-0.873108638,-0.866025404,-0.5,0.5,0.866025404,2022-08-01,0.0,0.0
5861.0,2022.0,8.0,1.0,2.5,26.45,0.0,-1.783246308,1.214990403,0.0,1010.75,90.5,0.0,17.36,0,-0.487838789,-0.872933741,-0.866025404,-0.5,0.608761429,0.79335334,2022-08-01,0.0,0.0
5862.0,2022.0,8.0,1.0,3.0,26.2,0.0,-1.626345597,1.626345597,0.0,1010.8,92.0,0.0,17.4,0,-0.488151817,-0.872758732,-0.866025404,-0.5,0.707106781,0.707106781,2022-08-01,0.0,0.0
5863.0,2022.0,8.0,1.0,3.5,26.2,0.0,-1.598470401,1.138453716,0.0,1010.65,91.5,0.0,17.54,0,-0.488464782,-0.87258361,-0.866025404,-0.5,0.79335334,0.608761429,2022-08-01,0.0,0.0
5864.0,2022.0,8.0,1.0,4.0,26.2,0.0,-1.570595205,0.650561835,0.0,1010.5,91.0,0.0,17.54,0,-0.488777685,-0.872408376,-0.866025404,-0.5,0.866025404,0.5,2022-08-01,0.0,0.0
5865.0,2022.0,8.0,1.0,4.5,26.1,0.0,-1.385819299,0.574025149,0.0,1010.55,91.0,0.0,17.54,0,-0.489090525,-0.87223303,-0.866025404,-0.5,0.923879533,0.382683432,2022-08-01,0.0,0.0
5866.0,2022.0,8.0,1.0,5.0,26.0,0.0,-1.201043392,0.497488462,0.0,1010.6,91.0,0.0,17.68,0,-0.489403302,-0.872057572,-0.866025404,-0.5,0.965925826,0.258819045,2022-08-01,0.0,0.0
5867.0,2022.0,8.0,1.0,5.5,26.35,0.0,-1.339625322,0.554890977,19.44444445,1010.7,89.5,0.037311673,18.15,0,-0.489716015,-0.871882001,-0.866025404,-0.5,0.991444861,0.130526192,2022-08-01,0.0,0.6772068649499999
5868.0,2022.0,8.0,1.0,6.0,26.7,0.0,-1.478207252,0.612293492,38.88888889,1010.8,88.0,0.08482196,17.77,0,-0.490028666,-0.871706319,-0.866025404,-0.5,1.0,6.12574e-17,2022-08-01,0.0,2.18449309415
5869.0,2022.0,8.0,1.0,6.5,26.9,0.0,-1.293431346,0.076536687,69.44444445,1010.85,88.0,0.144421032,17.38,0,-0.490341254,-0.871530524,-0.866025404,-0.5,0.991444861,-0.130526192,2022-08-01,0.0,4.69453063031
5870.0,2022.0,8.0,1.0,7.0,27.1,0.0,-1.108655439,-0.459220119,100.0,1010.9,88.0,0.211624395,17.36,0,-0.490653779,-0.871354617,-0.866025404,-0.5,0.965925826,-0.258819045,2022-08-01,0.0,8.36833012751
5871.0,2022.0,8.0,1.0,7.5,28.1,0.0,-1.339625322,-0.554890977,236.1111111,1010.9,83.5,0.487058166,19.52,0,-0.490966241,-0.871178598,-0.866025404,-0.5,0.923879533,-0.382683432,2022-08-01,0.0,17.87570552783
5872.0,2022.0,8.0,1.0,8.0,29.1,0.0,-1.570595205,-0.650561835,372.2222222,1010.9,79.0,0.709313653,20.0,0,-0.49127864,-0.871002467,-0.866025404,-0.5,0.866025404,-0.5,2022-08-01,0.0,32.06197858783
5873.0,2022.0,8.0,1.0,8.5,29.8,0.0,-1.570595205,-0.650561835,495.8333333,1010.75,76.5,0.99869309,25.0,0,-0.491590975,-0.870826225,-0.866025404,-0.5,0.79335334,-0.608761429,2022-08-01,0.0,57.029305837829995
5874.0,2022.0,8.0,1.0,9.0,30.5,0.0,-1.570595205,-0.650561835,619.4444444,1010.6,74.0,1.22132426,40.0,0,-0.491903247,-0.87064987,-0.866025404,-0.5,0.707106781,-0.707106781,2022-08-01,0.0,105.88227623783
5875.0,2022.0,8.0,1.0,9.5,31.4,0.0,-1.432013276,-0.59315932,669.4444444,1010.5,70.0,1.44645356,47.93,0,-0.492215456,-0.870473403,-0.866025404,-0.5,0.608761429,-0.79335334,2022-08-01,64.2262,175.21079536863
5876.0,2022.0,8.0,1.0,10.0,32.3,0.0,-1.293431346,-0.535756805,719.4444444,1010.4,66.0,1.422114178,48.18,0,-0.492527602,-0.870296824,-0.866025404,-0.5,0.5,-0.866025404,2022-08-01,207.8026,243.72825646466998
5877.0,2022.0,8.0,1.0,10.5,33.1,0.0,-1.432013276,-0.59315932,787.5,1010.25,65.5,1.557650604,48.08,0,-0.492839684,-0.870120133,-0.866025404,-0.5,0.382683432,-0.923879533,2022-08-01,207.8026,318.62009750499
5878.0,2022.0,8.0,1.0,11.0,33.9,0.0,-1.570595205,-0.650561835,855.5555556,1010.1,65.0,1.805088274,48.3,0,-0.493151703,-0.86994333,-0.866025404,-0.5,0.258819045,-0.965925826,2022-08-01,294.9841,405.80586113919
5879.0,2022.0,8.0,1.0,11.5,33.85,0.0,-0.785297603,-1.425280918,876.3888889,1009.8,62.0,1.735051623,49.24,0,-0.493463658,-0.869766416,-0.866025404,-0.5,0.130526192,-0.991444861,2022-08-01,380.4155,491.23980305570996
5880.0,2022.0,8.0,1.0,12.0,33.8,0.0,-4.04e-16,-2.2,897.2222222,1009.5,59.0,1.812865395,50.13,0,-0.49377555,-0.869589389,-0.866025404,-0.5,1.22515e-16,-1.0,2022-08-01,551.0078900000001,582.11874530706
5881.0,2022.0,8.0,1.0,12.5,34.2,0.0,0.554890977,-2.439625322,893.0555556,1009.15,58.0,1.589488545,49.89,0,-0.494087379,-0.869412251,-0.866025404,-0.5,-0.130526192,-0.991444861,2022-08-01,551.0078900000001,661.4183288171099
5882.0,2022.0,8.0,1.0,13.0,34.6,0.0,1.109781954,-2.679250644,888.8888889,1008.8,57.0,1.764376661,50.13,0,-0.494399144,-0.869235001,-0.866025404,-0.5,-0.258819045,-0.965925826,2022-08-01,639.3870800000001,749.8665308330399
5883.0,2022.0,8.0,1.0,13.5,35.05,0.0,0.554890977,-2.239625322,856.9444445,1008.5,56.0,1.726078663,55.0,0,-0.494710845,-0.869057639,-0.866025404,-0.5,-0.382683432,-0.923879533,2022-08-01,734.31708,844.8008572980399
5884.0,2022.0,8.0,1.0,14.0,35.5,0.0,-3.31e-16,-1.8,825.0,1008.2,55.0,1.591270834,60.43,0,-0.495022483,-0.868880165,-0.866025404,-0.5,-0.5,-0.866025404,2022-08-01,879.34908,940.9613537966599
5885.0,2022.0,8.0,1.0,14.5,35.65,0.0,-0.516622634,-2.147237369,759.7222222,1008.05,51.5,1.547406247,60.43,0,-0.495334057,-0.86870258,-0.866025404,-0.5,-0.608761429,-0.79335334,2022-08-01,1093.69429,1034.47111330287
5886.0,2022.0,8.0,1.0,15.0,35.8,0.0,-1.033245267,-2.494474738,694.4444444,1007.9,48.0,1.570139262,60.0,0,-0.495645567,-0.868524883,-0.866025404,-0.5,-0.707106781,-0.707106781,2022-08-01,1093.69429,1128.67946902287
5887.0,2022.0,8.0,1.0,15.5,35.45,0.0,-1.18631864,-2.864026551,594.4444444,1008.0,49.5,1.238559081,60.0,0,-0.495957014,-0.868347074,-0.866025404,-0.5,-0.79335334,-0.608761429,2022-08-01,1093.69429,1202.9930138828702
5888.0,2022.0,8.0,1.0,16.0,35.1,0.0,-1.339392013,-3.233578364,494.4444444,1008.1,51.0,0.905344911,60.43,0,-0.496268396,-0.868169153,-0.866025404,-0.5,-0.866025404,-0.5,2022-08-01,1149.7129,1257.7030068546
5889.0,2022.0,8.0,1.0,16.5,34.45,0.0,-0.669696007,-2.966789182,376.3888889,1008.15,54.5,0.716894762,60.43,0,-0.496579715,-0.867991121,-0.866025404,-0.5,-0.923879533,-0.382683432,2022-08-01,1218.78439,1301.02495732226
5890.0,2022.0,8.0,1.0,17.0,33.8,0.0,-4.96e-16,-2.7,258.3333333,1008.2,58.0,0.550589472,60.43,0,-0.49689097,-0.867812977,-0.866025404,-0.5,-0.965925826,-0.258819045,2022-08-01,1254.0755100000001,1334.29707911522
5891.0,2022.0,8.0,1.0,17.5,33.05,0.0,-5.7e-16,-3.1,180.5555556,1008.3,61.5,0.373033189,60.43,0,-0.497202162,-0.867634722,-0.866025404,-0.5,-0.991444861,-0.130526192,2022-08-01,1254.61938,1356.83947472649
5892.0,2022.0,8.0,1.0,18.0,32.3,0.0,-6.43e-16,-3.5,102.7777778,1008.4,65.0,0.195145706,60.43,0,-0.497513289,-0.867456355,-0.866025404,-0.5,-1.0,-1.83772e-16,2022-08-01,1332.87623,1368.63212974007
5893.0,2022.0,8.0,1.0,18.5,31.65,0.0,-5.42e-16,-2.95,63.8888889,1008.65,68.0,0.120428704,60.43,0,-0.497824352,-0.867277876,-0.866025404,-0.5,-0.991444861,0.130526192,2022-08-01,1398.38235,1375.90963632279
5894.0,2022.0,8.0,1.0,19.0,31.0,0.0,-4.41e-16,-2.4,25.0,1008.9,71.0,0.052589122,60.43,0,-0.498135351,-0.867099286,-0.866025404,-0.5,-0.965925826,0.258819045,2022-08-01,1511.5073100000002,1379.08759696525
5895.0,2022.0,8.0,1.0,19.5,30.45,0.0,0.36354926,-2.077685556,12.5,1009.3,73.0,0.012011098,60.02,0,-0.498446287,-0.866920584,-0.866025404,-0.5,-0.923879533,0.382683432,2022-08-01,1512.2275500000003,1379.80850306721
5896.0,2022.0,8.0,1.0,20.0,29.9,0.0,0.727098521,-1.755371112,0.0,1009.7,75.0,0.0,54.18,0,-0.498757158,-0.866741771,-0.866025404,-0.5,-0.866025404,0.5,2022-08-01,1512.2275500000003,1379.80850306721
5897.0,2022.0,8.0,1.0,20.5,29.45,0.0,0.669696007,-1.616789182,0.0,1009.85,77.5,0.0,56.95,0,-0.499067965,-0.866562846,-0.866025404,-0.5,-0.79335334,0.608761429,2022-08-01,1512.2275500000003,1379.80850306721
5898.0,2022.0,8.0,1.0,21.0,29.0,0.0,0.612293492,-1.478207252,0.0,1010.0,80.0,0.0,51.33,0,-0.499378707,-0.86638381,-0.866025404,-0.5,-0.707106781,0.707106781,2022-08-01,1512.2275500000003,1379.80850306721
5899.0,2022.0,8.0,1.0,21.5,28.85,0.0,0.574025149,-1.385819299,0.0,1010.05,81.5,0.0,50.0,0,-0.499689386,-0.866204663,-0.866025404,-0.5,-0.608761429,0.79335334,2022-08-01,1512.2275500000003,1379.80850306721
5900.0,2022.0,8.0,1.0,22.0,28.7,0.0,0.535756805,-1.293431346,0.0,1010.1,83.0,0.0,48.55,0,-0.5,-0.866025404,-0.866025404,-0.5,-0.5,0.866025404,2022-08-01,1512.2275500000003,1379.80850306721
5901.0,2022.0,8.0,1.0,22.5,28.0,0.0,0.095670858,-0.230969884,0.0,1010.35,86.0,0.0,48.23,0,-0.50031055,-0.865846033,-0.866025404,-0.5,-0.382683432,0.923879533,2022-08-01,1512.2275500000003,1379.80850306721
5902.0,2022.0,8.0,1.0,23.0,27.3,0.0,-0.344415089,0.831491579,0.0,1010.6,89.0,0.0,46.0,0,-0.500621035,-0.865666552,-0.866025404,-0.5,-0.258819045,0.965925826,2022-08-01,1512.2275500000003,1379.80850306721
5903.0,2022.0,8.0,1.0,23.5,27.15,0.0,-0.525760935,0.062192399,0.0,1010.4,90.5,0.0,29.46,0,-0.500931457,-0.865486959,-0.866025404,-0.5,-0.130526192,0.991444861,2022-08-01,1512.2275500000003,1379.80850306721
5904.0,2022.0,8.0,2.0,0.0,27.0,0.0,-0.707106781,-0.707106781,0.0,1010.2,92.0,0.0,20.0,0,-0.501241813,-0.865307254,-0.866025404,-0.5,-2.4503e-16,1.0,2022-08-02,0.0,0.0
5905.0,2022.0,8.0,2.0,0.5,27.2,0.0,-1.503553391,-0.35355339,0.0,1010.05,90.0,0.0,30.0,0,-0.501552106,-0.865127439,-0.866025404,-0.5,0.130526192,0.991444861,2022-08-02,0.0,0.0
5906.0,2022.0,8.0,2.0,1.0,27.4,0.0,-2.3,2.82e-16,0.0,1009.9,88.0,0.0,24.6,0,-0.501862334,-0.864947512,-0.866025404,-0.5,0.258819045,0.965925826,2022-08-02,0.0,0.0
5907.0,2022.0,8.0,2.0,1.5,27.15,0.0,-1.889103626,0.306146746,0.0,1009.55,88.0,0.0,20.56,0,-0.502172497,-0.864767474,-0.866025404,-0.5,0.382683432,0.923879533,2022-08-02,0.0,0.0
5908.0,2022.0,8.0,2.0,2.0,26.9,0.0,-1.478207252,0.612293492,0.0,1009.2,88.0,0.0,19.57,0,-0.502482595,-0.864587324,-0.866025404,-0.5,0.5,0.866025404,2022-08-02,0.0,0.0
5909.0,2022.0,8.0,2.0,2.5,26.55,0.0,-0.873042828,-0.017211091,0.0,1009.05,90.0,0.0,18.46,0,-0.502792629,-0.864407064,-0.866025404,-0.5,0.608761429,0.79335334,2022-08-02,0.0,0.0
5910.0,2022.0,8.0,2.0,3.0,26.2,0.0,-0.267878403,-0.646715673,0.0,1008.9,92.0,0.0,18.15,0,-0.503102599,-0.864226692,-0.866025404,-0.5,0.707106781,0.707106781,2022-08-02,0.0,0.0
5911.0,2022.0,8.0,2.0,3.5,26.4,0.0,-0.965430781,0.021057253,0.0,1009.1,89.5,0.0,17.56,0,-0.503412503,-0.864046209,-0.866025404,-0.5,0.79335334,0.608761429,2022-08-02,0.0,0.0
5912.0,2022.0,8.0,2.0,4.0,26.6,0.0,-1.662983159,0.688830178,0.0,1009.3,87.0,0.0,17.4,0,-0.503722343,-0.863865615,-0.866025404,-0.5,0.866025404,0.5,2022-08-02,0.0,0.0
5913.0,2022.0,8.0,2.0,4.5,26.2,0.0,-0.41574579,0.516622634,0.0,1009.25,90.0,0.0,17.4,0,-0.504032118,-0.86368491,-0.866025404,-0.5,0.923879533,0.382683432,2022-08-02,0.0,0.0
5914.0,2022.0,8.0,2.0,5.0,25.8,0.0,0.831491579,0.344415089,0.0,1009.2,93.0,0.0,17.54,0,-0.504341829,-0.863504094,-0.866025404,-0.5,0.965925826,0.258819045,2022-08-02,0.0,0.0
5915.0,2022.0,8.0,2.0,5.5,26.4,0.0,-0.369551813,-0.153073373,22.22222222,1009.55,90.0,0.044657438,17.77,0,-0.504651474,-0.863323166,-0.866025404,-0.5,0.991444861,0.130526192,2022-08-02,0.0,0.79356267326
5916.0,2022.0,8.0,2.0,6.0,27.0,0.0,-1.570595205,-0.650561835,44.44444444,1009.9,87.0,0.088344383,17.54,0,-0.504961055,-0.863142128,-0.866025404,-0.5,1.0,6.12574e-17,2022-08-02,0.0,2.34312315108
5917.0,2022.0,8.0,2.0,6.5,27.7,0.0,-1.662983159,-0.688830178,155.5555556,1010.0,84.5,0.301530456,19.32,0,-0.50527057,-0.862960979,-0.866025404,-0.5,0.991444861,-0.130526192,2022-08-02,0.0,8.168691561
5918.0,2022.0,8.0,2.0,7.0,28.4,0.0,-1.755371112,-0.727098521,266.6666667,1010.1,82.0,0.556389714,19.37,0,-0.505580021,-0.862779718,-0.866025404,-0.5,0.965925826,-0.258819045,2022-08-02,0.0,18.945960321180003
5919.0,2022.0,8.0,2.0,7.5,29.0,0.0,-1.727685556,-0.36354926,320.8333334,1010.2,80.0,0.642584939,22.0,0,-0.505889406,-0.862598347,-0.866025404,-0.5,0.923879533,-0.382683432,2022-08-02,0.0,33.08282897918001
5920.0,2022.0,8.0,2.0,8.0,29.6,0.0,-1.7,2.08e-16,375.0,1010.3,78.0,0.717702612,28.0,0,-0.506198727,-0.862416865,-0.866025404,-0.5,0.866025404,-0.5,2022-08-02,0.0,53.17850211518001
5921.0,2022.0,8.0,2.0,8.5,30.25,0.0,-1.450521696,-0.248744231,427.7777778,1010.2,74.5,0.811148744,24.99,0,-0.506507982,-0.862235272,-0.866025404,-0.5,0.79335334,-0.608761429,2022-08-02,0.0,73.44910922774001
5922.0,2022.0,8.0,2.0,9.0,30.9,0.0,-1.201043392,-0.497488462,480.5555556,1010.1,71.0,0.87184164,48.09,0,-0.506817173,-0.862053568,-0.866025404,-0.5,0.707106781,-0.707106781,2022-08-02,63.959700000000005,115.37597369534001
5923.0,2022.0,8.0,2.0,9.5,31.75,0.0,-1.20156246,-0.849784995,620.8333334,1009.9,68.0,1.295451616,48.02,0,-0.507126298,-0.861871753,-0.866025404,-0.5,0.608761429,-0.79335334,2022-08-02,63.959700000000005,177.58356029566002
5924.0,2022.0,8.0,2.0,10.0,32.6,0.0,-1.202081528,-1.202081528,761.1111111,1009.7,65.0,1.47891371,48.48,0,-0.507435358,-0.861689827,-0.866025404,-0.5,0.5,-0.866025404,2022-08-02,209.69058,249.28129695646004
5925.0,2022.0,8.0,2.0,10.5,33.4,0.0,-1.386338367,-0.926321681,813.8888889,1009.3,61.5,1.527250442,48.18,0,-0.507744352,-0.86150779,-0.866025404,-0.5,0.382683432,-0.923879533,2022-08-02,209.69058,322.86422325202005
5926.0,2022.0,8.0,2.0,11.0,34.2,0.0,-1.570595205,-0.650561835,866.6666667,1008.9,58.0,1.78311059,48.95,0,-0.508053281,-0.861325643,-0.866025404,-0.5,0.258819045,-0.965925826,2022-08-02,296.96843,410.14748663252004
5927.0,2022.0,8.0,2.0,11.5,34.85,0.0,-1.293431346,-0.535756805,881.9444445,1008.5,58.5,1.81553053,49.72,0,-0.508362145,-0.861143385,-0.866025404,-0.5,0.130526192,-0.991444861,2022-08-02,387.25995,500.41566458412
5928.0,2022.0,8.0,2.0,12.0,35.5,0.0,-1.016267486,-0.420951776,897.2222222,1008.1,59.0,1.595629458,50.13,0,-0.508670944,-0.860961016,-0.866025404,-0.5,1.22515e-16,-1.0,2022-08-02,565.62249,580.40456931366
5929.0,2022.0,8.0,2.0,12.5,35.55,0.0,-0.508133743,-1.010475888,895.8333333,1007.75,56.0,1.961920941,50.06,0,-0.508979677,-0.860778536,-0.866025404,-0.5,-0.130526192,-0.991444861,2022-08-02,565.62249,678.61833162012
5930.0,2022.0,8.0,2.0,13.0,35.6,0.0,-2.94e-16,-1.6,894.4444444,1007.4,53.0,1.655469069,50.37,0,-0.509288345,-0.860595946,-0.866025404,-0.5,-0.258819045,-0.965925826,2022-08-02,648.98484,762.00430862565
5931.0,2022.0,8.0,2.0,13.5,36.0,0.0,-3.68e-16,-2.0,852.7777778,1007.2,51.5,1.796561311,51.81,0,-0.509596947,-0.860413245,-0.866025404,-0.5,-0.382683432,-0.923879533,2022-08-02,742.08741,855.08415014856
5932.0,2022.0,8.0,2.0,14.0,36.4,0.0,-4.41e-16,-2.4,811.1111111,1007.0,50.0,1.619252389,61.44,0,-0.509905483,-0.860230433,-0.866025404,-0.5,-0.5,-0.866025404,2022-08-02,842.2960499999999,954.5710169287199
5933.0,2022.0,8.0,2.0,14.5,36.05,0.0,-0.494974747,-1.694974747,729.1666667,1006.95,53.0,1.408620518,61.44,0,-0.510213954,-0.860047511,-0.866025404,-0.5,-0.608761429,-0.79335334,2022-08-02,932.61285,1041.11666155464
5934.0,2022.0,8.0,2.0,15.0,35.7,0.0,-0.989949494,-0.989949494,647.2222222,1006.9,56.0,1.147020455,61.44,0,-0.51052236,-0.859864478,-0.866025404,-0.5,-0.707106781,-0.707106781,2022-08-02,1006.3408499999999,1111.5895983098399
5935.0,2022.0,8.0,2.0,15.5,35.75,0.0,0.805025253,-0.494974747,522.2222222,1006.9,57.5,1.000178904,61.44,0,-0.5108307,-0.859681334,-0.866025404,-0.5,-0.79335334,-0.608761429,2022-08-02,1074.04773,1173.0405901716
5936.0,2022.0,8.0,2.0,16.0,35.8,0.0,2.6,0.0,397.2222222,1006.9,59.0,0.779461778,61.44,0,-0.511138974,-0.85949808,-0.866025404,-0.5,-0.866025404,-0.5,2022-08-02,1107.90117,1220.93072181192
5937.0,2022.0,8.0,2.0,16.5,35.45,0.0,2.148528138,-0.848528138,298.6111111,1007.05,57.5,0.624959069,80.0,0,-0.511447182,-0.859314715,-0.866025404,-0.5,-0.923879533,-0.382683432,2022-08-02,1317.90117,1270.92744733192
5938.0,2022.0,8.0,2.0,17.0,35.1,0.0,1.697056275,-1.697056275,200.0,1007.2,56.0,0.417816091,80.0,0,-0.511755325,-0.85913124,-0.866025404,-0.5,-0.965925826,-0.258819045,2022-08-02,1511.3411700000001,1304.35273461192
5939.0,2022.0,8.0,2.0,17.5,34.25,0.0,1.365150771,-2.095765507,141.6666667,1007.3,61.5,0.282083205,65.3,0,-0.512063401,-0.858947654,-0.866025404,-0.5,-0.991444861,-0.130526192,2022-08-02,1529.7557700000002,1322.77276789842
5940.0,2022.0,8.0,2.0,18.0,33.4,0.0,1.033245267,-2.494474738,83.33333333,1007.4,67.0,0.156146026,61.44,0,-0.512371412,-0.858763958,-0.866025404,-0.5,-1.0,-1.83772e-16,2022-08-02,1529.7557700000002,1332.36637973586
5941.0,2022.0,8.0,2.0,18.5,32.8,0.0,1.53289012,-1.668189145,50.0,1007.75,69.0,0.103865245,61.44,0,-0.512679357,-0.858580152,-0.866025404,-0.5,-0.991444861,0.130526192,2022-08-02,1529.7557700000002,1338.74786038866
5942.0,2022.0,8.0,2.0,19.0,32.2,0.0,2.032534972,-0.841903551,16.66666667,1008.1,71.0,0.022576624,61.44,0,-0.512987236,-0.858396235,-0.866025404,-0.5,-0.965925826,0.258819045,2022-08-02,1529.8172100000002,1340.13496816722
5943.0,2022.0,8.0,2.0,19.5,31.95,0.0,1.794084946,-1.198769235,8.333333335,1008.2,71.0,0.001249803,61.44,0,-0.513295049,-0.858212207,-0.866025404,-0.5,-0.923879533,0.382683432,2022-08-02,1529.87865,1340.21175606354
5944.0,2022.0,8.0,2.0,20.0,31.7,0.0,1.555634919,-1.555634919,0.0,1008.3,71.0,0.0,61.44,0,-0.513602796,-0.858028069,-0.866025404,-0.5,-0.866025404,0.5,2022-08-02,1530.18585,1340.21175606354
5945.0,2022.0,8.0,2.0,20.5,30.4,0.0,1.007427519,-1.332145179,0.0,1008.5,78.0,0.0,61.44,0,-0.513910477,-0.857843821,-0.866025404,-0.5,-0.79335334,0.608761429,2022-08-02,1547.2047300000002,1340.21175606354
5946.0,2022.0,8.0,2.0,21.0,29.1,0.0,0.459220119,-1.108655439,0.0,1008.7,85.0,0.0,51.53,0,-0.514218092,-0.857659463,-0.866025404,-0.5,-0.707106781,0.707106781,2022-08-02,1547.2047300000002,1340.21175606354
5947.0,2022.0,8.0,2.0,21.5,29.0,0.0,0.229610059,-0.80432772,0.0,1008.6,85.5,0.0,50.87,0,-0.514525641,-0.857474994,-0.866025404,-0.5,-0.608761429,0.79335334,2022-08-02,1547.2047300000002,1340.21175606354
5948.0,2022.0,8.0,2.0,22.0,28.9,0.0,-9.19e-17,-0.5,0.0,1008.5,86.0,0.0,49.41,0,-0.514833123,-0.857290415,-0.866025404,-0.5,-0.5,0.866025404,2022-08-02,1547.2047300000002,1340.21175606354
5949.0,2022.0,8.0,2.0,22.5,29.3,0.0,0.671751442,0.421751442,0.0,1008.55,83.5,0.0,49.72,0,-0.51514054,-0.857105725,-0.866025404,-0.5,-0.382683432,0.923879533,2022-08-02,1547.2047300000002,1340.21175606354
5950.0,2022.0,8.0,2.0,23.0,29.7,0.0,1.343502884,1.343502884,0.0,1008.6,81.0,0.0,48.5,0,-0.51544789,-0.856920926,-0.866025404,-0.5,-0.258819045,0.965925826,2022-08-02,1547.2047300000002,1340.21175606354
5951.0,2022.0,8.0,2.0,23.5,29.65,0.0,1.503243021,1.016166531,0.0,1008.35,81.0,0.0,48.5,0,-0.515755174,-0.856736016,-0.866025404,-0.5,-0.130526192,0.991444861,2022-08-02,1547.2047300000002,1340.21175606354
5952.0,2022.0,8.0,3.0,0.0,29.6,0.0,1.662983159,0.688830178,0.0,1008.1,81.0,0.0,32.93,0,-0.516062391,-0.856550996,-0.866025404,-0.5,-2.4503e-16,1.0,2022-08-03,0.0,0.0
5953.0,2022.0,8.0,3.0,0.5,29.35,0.0,1.432532344,0.945455853,0.0,1007.85,81.5,0.0,32.0,0,-0.516369542,-0.856365866,-0.866025404,-0.5,0.130526192,0.991444861,2022-08-03,0.0,0.0
5954.0,2022.0,8.0,3.0,1.0,29.1,0.0,1.202081528,1.202081528,0.0,1007.6,82.0,0.0,29.32,0,-0.516676627,-0.856180625,-0.866025404,-0.5,0.258819045,0.965925826,2022-08-03,0.0,0.0
5955.0,2022.0,8.0,3.0,1.5,28.85,0.0,1.13137085,1.13137085,0.0,1007.5,82.0,0.0,21.98,0,-0.516983645,-0.855995275,-0.866025404,-0.5,0.382683432,0.923879533,2022-08-03,0.0,0.0
5956.0,2022.0,8.0,3.0,2.0,28.6,0.0,1.060660172,1.060660172,0.0,1007.4,82.0,0.0,20.11,0,-0.517290597,-0.855809814,-0.866025404,-0.5,0.5,0.866025404,2022-08-03,0.0,0.0
5957.0,2022.0,8.0,3.0,2.5,28.35,0.0,1.025304833,1.025304833,0.0,1007.3,80.5,0.0,24.5,0,-0.517597482,-0.855624244,-0.866025404,-0.5,0.608761429,0.79335334,2022-08-03,0.0,0.0
5958.0,2022.0,8.0,3.0,3.0,28.1,0.0,0.989949494,0.989949494,0.0,1007.2,79.0,0.0,20.58,0,-0.517904301,-0.855438563,-0.866025404,-0.5,0.707106781,0.707106781,2022-08-03,0.0,0.0
5959.0,2022.0,8.0,3.0,3.5,27.4,0.0,1.060660172,1.060660172,0.0,1007.2,81.0,0.0,19.31,0,-0.518211053,-0.855252773,-0.866025404,-0.5,0.79335334,0.608761429,2022-08-03,0.0,0.0
5960.0,2022.0,8.0,3.0,4.0,26.7,0.0,1.13137085,1.13137085,0.0,1007.2,83.0,0.0,17.4,0,-0.518517738,-0.855066872,-0.866025404,-0.5,0.866025404,0.5,2022-08-03,0.0,0.0
5961.0,2022.0,8.0,3.0,4.5,26.05,0.0,0.565685425,0.565685425,0.0,1007.25,87.5,0.0,17.4,0,-0.518824357,-0.854880861,-0.866025404,-0.5,0.923879533,0.382683432,2022-08-03,0.0,0.0
5962.0,2022.0,8.0,3.0,5.0,25.4,0.0,0.0,0.0,0.0,1007.3,92.0,0.0,17.76,0,-0.519130909,-0.854694741,-0.866025404,-0.5,0.965925826,0.258819045,2022-08-03,0.0,0.0
5963.0,2022.0,8.0,3.0,5.5,25.85,0.0,-0.184775907,0.076536687,26.38888889,1007.3,93.0,0.056092537,18.15,0,-0.519437394,-0.85450851,-0.866025404,-0.5,0.991444861,0.130526192,2022-08-03,0.0,1.0180795465499999
5964.0,2022.0,8.0,3.0,6.0,26.3,0.0,-0.369551813,0.153073373,52.77777778,1007.3,94.0,0.107023345,17.8,0,-0.519743812,-0.85432217,-0.866025404,-0.5,1.0,6.12574e-17,2022-08-03,0.0,2.92309508755
5965.0,2022.0,8.0,3.0,6.5,27.65,0.0,-0.502973958,0.394734738,145.8333333,1007.35,85.5,0.302930798,18.77,0,-0.520050164,-0.854135719,-0.866025404,-0.5,0.991444861,-0.130526192,2022-08-03,0.0,8.609106166010001
5966.0,2022.0,8.0,3.0,7.0,29.0,0.0,-0.636396103,0.636396103,238.8888889,1007.4,77.0,0.44823644,19.52,0,-0.520356448,-0.853949159,-0.866025404,-0.5,0.965925826,-0.258819045,2022-08-03,0.0,17.358681474810002
5967.0,2022.0,8.0,3.0,7.5,29.6,0.0,-0.433003081,0.595361912,338.8888889,1007.15,74.0,0.723239352,25.0,0,-0.520662666,-0.853762489,-0.866025404,-0.5,0.923879533,-0.382683432,2022-08-03,0.0,35.43966527481
5968.0,2022.0,8.0,3.0,8.0,30.2,0.0,-0.229610059,0.55432772,438.8888889,1006.9,71.0,0.843414308,40.0,0,-0.520968817,-0.85357571,-0.866025404,-0.5,0.866025404,-0.5,2022-08-03,0.0,69.17623759481
5969.0,2022.0,8.0,3.0,8.5,31.05,0.0,-0.715845794,0.878204624,518.0555556,1006.65,69.5,0.947131808,48.55,0,-0.521274901,-0.85338882,-0.866025404,-0.5,0.79335334,-0.608761429,2022-08-03,0.0,115.15948687321
5970.0,2022.0,8.0,3.0,9.0,31.9,0.0,-1.202081528,1.202081528,597.2222222,1006.4,68.0,1.294514657,51.53,0,-0.521580917,-0.853201821,-0.866025404,-0.5,0.707106781,-0.707106781,2022-08-03,37.20466,181.86582714842
5971.0,2022.0,8.0,3.0,9.5,32.3,0.0,-1.247756437,0.333162361,684.7222222,1005.95,64.5,1.328190825,65.33,0,-0.521886867,-0.853014712,-0.866025404,-0.5,0.608761429,-0.79335334,2022-08-03,123.96289999999999,268.63653374567
5972.0,2022.0,8.0,3.0,10.0,32.7,0.0,-1.293431346,-0.535756805,772.2222222,1005.5,61.0,1.605761885,82.0,0,-0.522192749,-0.852827493,-0.866025404,-0.5,0.5,-0.866025404,2022-08-03,257.3769,400.30900831567
5973.0,2022.0,8.0,3.0,10.5,33.3,0.0,-1.385819299,-0.574025149,833.3333333,1004.95,60.0,1.700710848,82.0,0,-0.522498565,-0.852640164,-0.866025404,-0.5,0.382683432,-0.923879533,2022-08-03,395.13689999999997,539.76729785167
5974.0,2022.0,8.0,3.0,11.0,33.9,0.0,-1.478207252,-0.612293492,894.4444444,1004.4,59.0,1.871312774,90.0,0,-0.522804313,-0.852452726,-0.866025404,-0.5,0.258819045,-0.965925826,2022-08-03,719.3169,708.18544751167
5975.0,2022.0,8.0,3.0,11.5,34.5,0.0,-1.539103626,-0.306146746,902.7777778,1004.1,58.5,1.73079827,85.0,0,-0.523109994,-0.852265178,-0.866025404,-0.5,0.130526192,-0.991444861,2022-08-03,719.3169,855.30330046167
5976.0,2022.0,8.0,3.0,12.0,35.1,0.0,-1.6,1.96e-16,911.1111111,1003.8,58.0,1.943368749,118.11,0,-0.523415607,-0.852077521,-0.866025404,-0.5,1.22515e-16,-1.0,2022-08-03,1185.0246300000001,1084.8345834060601
5977.0,2022.0,8.0,3.0,12.5,35.4,0.0,-1.816267486,-0.420951775,875.0,1003.6,57.0,1.794923365,82.0,0,-0.523721154,-0.851889754,-0.866025404,-0.5,-0.130526192,-0.991444861,2022-08-03,1185.0246300000001,1232.0182993360602
5978.0,2022.0,8.0,3.0,13.0,35.7,0.0,-2.032534972,-0.841903551,838.8888889,1003.4,56.0,1.597955554,100.0,0,-0.524026633,-0.851701878,-0.866025404,-0.5,-0.258819045,-0.965925826,2022-08-03,1324.32463,1391.8138547360602
5979.0,2022.0,8.0,3.0,13.5,36.15,0.0,-2.116267486,-0.420951775,781.9444445,1003.15,53.5,1.642362865,118.11,0,-0.524332044,-0.851513892,-0.866025404,-0.5,-0.382683432,-0.923879533,2022-08-03,1518.26125,1585.7933327212102
5980.0,2022.0,8.0,3.0,14.0,36.6,0.0,-2.2,2.7e-16,725.0,1002.9,51.0,1.474356135,200.0,0,-0.524637388,-0.851325796,-0.866025404,-0.5,-0.5,-0.866025404,2022-08-03,2077.0612499999997,1880.6645597212103
5981.0,2022.0,8.0,3.0,14.5,35.8,0.0,-2.25,2.76e-16,704.1666667,1002.65,52.5,1.319690451,138.0,0,-0.524942665,-0.851137591,-0.866025404,-0.5,-0.608761429,-0.79335334,2022-08-03,2077.0612499999997,2062.7818419592104
5982.0,2022.0,8.0,3.0,15.0,35.0,0.0,-2.3,2.82e-16,683.3333333,1002.4,54.0,1.308505177,200.0,0,-0.525247874,-0.850949276,-0.866025404,-0.5,-0.707106781,-0.707106781,2022-08-03,2339.46125,2324.4828773592103
5983.0,2022.0,8.0,3.0,15.5,34.9,0.0,-1.981491579,-0.344415089,555.5555556,1002.55,55.5,1.123491649,200.0,0,-0.525553016,-0.850760852,-0.866025404,-0.5,-0.79335334,-0.608761429,2022-08-03,2563.86125,2549.1812071592103
5984.0,2022.0,8.0,3.0,16.0,34.8,0.0,-1.662983159,-0.688830178,427.7777778,1002.7,57.0,0.833216391,200.0,0,-0.52585809,-0.850572319,-0.866025404,-0.5,-0.866025404,-0.5,2022-08-03,2820.46125,2715.8244853592105
5985.0,2022.0,8.0,3.0,16.5,33.65,0.0,0.55432772,0.22961006,326.3888889,1002.75,61.0,0.648440357,200.0,0,-0.526163096,-0.850383676,-0.866025404,-0.5,-0.923879533,-0.382683432,2022-08-03,2859.86125,2845.5125567592104
5986.0,2022.0,8.0,3.0,17.0,32.5,0.0,2.771638598,1.148050297,225.0,1002.8,65.0,0.455483237,200.0,0,-0.526468034,-0.850194924,-0.866025404,-0.5,-0.965925826,-0.258819045,2022-08-03,2951.26125,2936.6092041592105
5987.0,2022.0,8.0,3.0,17.5,31.8,0.0,2.263504855,0.210475888,168.0555556,1002.85,64.5,0.343661425,200.0,0,-0.526772905,-0.850006062,-0.866025404,-0.5,-0.991444861,-0.130526192,2022-08-03,3019.46125,3005.3414891592106
5988.0,2022.0,8.0,3.0,18.0,31.1,0.0,1.755371112,-0.727098521,111.1111111,1002.9,64.0,0.236542144,200.0,0,-0.527077709,-0.849817092,-0.866025404,-0.5,-1.0,-1.83772e-16,2022-08-03,3292.86125,3052.6499179592106
5989.0,2022.0,8.0,3.0,18.5,30.75,0.0,1.662983159,-0.038268343,63.88888889,1003.15,66.0,0.120095245,200.0,0,-0.527382444,-0.849628011,-0.866025404,-0.5,-0.991444861,0.130526192,2022-08-03,3549.46125,3076.6689669592106
5990.0,2022.0,8.0,3.0,19.0,30.4,0.0,1.570595205,0.650561835,16.66666667,1003.4,68.0,0.029769808,200.0,0,-0.527687112,-0.849438822,-0.866025404,-0.5,-0.965925826,0.258819045,2022-08-03,3896.86125,3082.622928559211
5991.0,2022.0,8.0,3.0,19.5,29.75,0.0,1.598470401,1.138453716,8.333333335,1003.75,72.0,0.004044524,138.0,0,-0.527991711,-0.849249523,-0.866025404,-0.5,-0.923879533,0.382683432,2022-08-03,3897.41325,3083.1810728712107
5992.0,2022.0,8.0,3.0,20.0,29.1,0.0,1.626345597,1.626345597,0.0,1004.1,76.0,0.0,100.0,0,-0.528296243,-0.849060115,-0.866025404,-0.5,-0.866025404,0.5,2022-08-03,3897.41325,3083.1810728712107
5993.0,2022.0,8.0,3.0,20.5,28.8,0.0,1.732411614,1.732411614,0.0,1004.3,77.5,0.0,84.98,0,-0.528600707,-0.848870598,-0.866025404,-0.5,-0.79335334,0.608761429,2022-08-03,3897.41325,3083.1810728712107
5994.0,2022.0,8.0,3.0,21.0,28.5,0.0,1.838477631,1.838477631,0.0,1004.5,79.0,0.0,80.0,0,-0.528905103,-0.848680972,-0.866025404,-0.5,-0.707106781,0.707106781,2022-08-03,3897.41325,3083.1810728712107
5995.0,2022.0,8.0,3.0,21.5,28.2,0.0,1.803122292,1.803122292,0.0,1004.65,80.0,0.0,60.02,0,-0.529209431,-0.848491237,-0.866025404,-0.5,-0.608761429,0.79335334,2022-08-03,3897.41325,3083.1810728712107
5996.0,2022.0,8.0,3.0,22.0,27.9,0.0,1.767766953,1.767766953,0.0,1004.8,81.0,0.0,51.88,0,-0.52951369,-0.848301392,-0.866025404,-0.5,-0.5,0.866025404,2022-08-03,3897.41325,3083.1810728712107
5997.0,2022.0,8.0,3.0,22.5,27.9,0.0,2.133883477,0.883883477,0.0,1004.75,80.0,0.0,52.21,0,-0.529817882,-0.848111438,-0.866025404,-0.5,-0.382683432,0.923879533,2022-08-03,3897.41325,3083.1810728712107
5998.0,2022.0,8.0,3.0,23.0,27.9,0.0,2.5,0.0,0.0,1004.7,79.0,0.0,50.93,0,-0.530122006,-0.847921376,-0.866025404,-0.5,-0.258819045,0.965925826,2022-08-03,3897.41325,3083.1810728712107
5999.0,2022.0,8.0,3.0,23.5,27.4,0.0,3.143953042,0.784501037,0.0,1004.75,82.5,0.0,50.93,0,-0.530426061,-0.847731204,-0.866025404,-0.5,-0.130526192,0.991444861,2022-08-03,3897.41325,3083.1810728712107
6000.0,2022.0,8.0,4.0,0.0,26.9,0.0,3.787906083,1.569002073,0.0,1004.8,86.0,0.0,45.0,0,-0.530730048,-0.847540923,-0.866025404,-0.5,-2.4503e-16,1.0,2022-08-04,0.0,0.0
6001.0,2022.0,8.0,4.0,0.5,25.75,0.0,3.69551813,1.53073373,0.0,1005.05,85.5,0.0,40.24,0,-0.531033967,-0.847350533,-0.866025404,-0.5,0.130526192,0.991444861,2022-08-04,0.0,0.0
6002.0,2022.0,8.0,4.0,1.0,24.6,0.0,3.603130177,1.492465386,0.0,1005.3,85.0,0.0,30.0,0,-0.531337818,-0.847160034,-0.866025404,-0.5,0.258819045,0.965925826,2022-08-04,0.0,0.0
6003.0,2022.0,8.0,4.0,1.5,24.3,0.0,2.756159243,1.700826848,0.0,1005.1,84.0,0.0,27.4,0,-0.5316416,-0.846969426,-0.866025404,-0.5,0.382683432,0.923879533,2022-08-04,0.0,0.0
6004.0,2022.0,8.0,4.0,2.0,24.0,0.0,1.909188309,1.909188309,0.0,1004.9,83.0,0.0,24.5,0,-0.531945314,-0.84677871,-0.866025404,-0.5,0.5,0.866025404,2022-08-04,0.0,0.0
6005.0,2022.0,8.0,4.0,2.5,23.85,0.0,2.156675683,2.156675683,0.0,1005.25,84.5,0.0,19.52,0,-0.532248959,-0.846587884,-0.866025404,-0.5,0.608761429,0.79335334,2022-08-04,0.0,0.0
6006.0,2022.0,8.0,4.0,3.0,23.7,0.0,2.404163056,2.404163056,0.0,1005.6,86.0,0.0,18.77,0,-0.532552536,-0.84639695,-0.866025404,-0.5,0.707106781,0.707106781,2022-08-04,0.0,0.0
6007.0,2022.0,8.0,4.0,3.5,23.4,0.0,2.616295091,2.616295091,0.0,1005.8,87.5,0.0,18.15,0,-0.532856045,-0.846205906,-0.866025404,-0.5,0.79335334,0.608761429,2022-08-04,0.0,0.0
6008.0,2022.0,8.0,4.0,4.0,23.1,0.0,2.828427125,2.828427125,0.0,1006.0,89.0,0.0,17.16,0,-0.533159485,-0.846014754,-0.866025404,-0.5,0.866025404,0.5,2022-08-04,0.0,0.0
6009.0,2022.0,8.0,4.0,4.5,22.95,0.0,2.439518395,2.439518395,0.0,1006.15,89.5,0.0,17.15,0,-0.533462856,-0.845823493,-0.866025404,-0.5,0.923879533,0.382683432,2022-08-04,0.0,0.0
6010.0,2022.0,8.0,4.0,5.0,22.8,0.0,2.050609665,2.050609665,0.0,1006.3,90.0,0.0,17.16,0,-0.533766159,-0.845632123,-0.866025404,-0.5,0.965925826,0.258819045,2022-08-04,0.0,0.0
6011.0,2022.0,8.0,4.0,5.5,22.85,0.0,2.318736178,1.561061638,12.5,1006.75,90.0,0.025869961,17.36,0,-0.534069393,-0.845440645,-0.866025404,-0.5,0.991444861,0.130526192,2022-08-04,0.0,0.44910252296
6012.0,2022.0,8.0,4.0,6.0,22.9,0.0,2.586862691,1.071513611,25.0,1007.2,90.0,0.049858558,17.27,0,-0.534372558,-0.845249057,-0.866025404,-0.5,1.0,6.12574e-17,2022-08-04,0.0,1.31015981962
6013.0,2022.0,8.0,4.0,6.5,23.0,0.0,2.000538127,1.242863587,44.44444445,1007.1,90.0,0.083530877,18.77,0,-0.534675655,-0.845057361,-0.866025404,-0.5,0.991444861,-0.130526192,2022-08-04,0.0,2.87803438091
6014.0,2022.0,8.0,4.0,7.0,23.1,0.0,1.414213562,1.414213562,63.88888889,1007.0,90.0,0.125942707,20.58,0,-0.534978683,-0.844865557,-0.866025404,-0.5,0.965925826,-0.258819045,2022-08-04,0.0,5.46993529097
6015.0,2022.0,8.0,4.0,7.5,23.25,0.0,1.861956197,1.185461072,66.66666667,1007.1,89.5,0.124081864,30.0,0,-0.535281642,-0.844673643,-0.866025404,-0.5,0.923879533,-0.382683432,2022-08-04,0.0,9.19239121097
6016.0,2022.0,8.0,4.0,8.0,23.4,0.0,2.309698831,0.956708581,69.44444444,1007.2,89.0,0.141236215,48.74,0,-0.535584532,-0.844481621,-0.866025404,-0.5,0.866025404,-0.5,2022-08-04,0.0,16.07624433007
6017.0,2022.0,8.0,4.0,8.5,23.9,0.0,1.826600858,1.150105733,152.7777778,1006.95,86.5,0.306007859,49.22,0,-0.535887354,-0.844289491,-0.866025404,-0.5,0.79335334,-0.608761429,2022-08-04,0.0,31.13795115005
6018.0,2022.0,8.0,4.0,9.0,24.4,0.0,1.343502884,1.343502884,236.1111111,1006.7,84.0,0.500443877,50.75,0,-0.536190106,-0.844097251,-0.866025404,-0.5,0.707106781,-0.707106781,2022-08-04,0.0,56.5354779078
6019.0,2022.0,8.0,4.0,9.5,24.55,0.0,1.918988811,1.188374076,251.3888889,1006.95,83.5,0.520103533,55.72,0,-0.53649279,-0.843904904,-0.866025404,-0.5,0.608761429,-0.79335334,2022-08-04,0.0,85.51564676656
6020.0,2022.0,8.0,4.0,10.0,24.7,0.0,2.494474738,1.033245267,266.6666667,1007.2,83.0,0.522260403,60.12,0,-0.536795404,-0.843712447,-0.866025404,-0.5,0.5,-0.866025404,2022-08-04,0.0,116.91394219492
6021.0,2022.0,8.0,4.0,10.5,24.65,0.0,2.647237369,0.516622634,258.3333334,1007.0,82.5,0.542772556,80.0,0,-0.53709795,-0.843519883,-0.866025404,-0.5,0.382683432,-0.923879533,2022-08-04,0.0,160.33574667492
6022.0,2022.0,8.0,4.0,11.0,24.6,0.0,2.8,0.0,250.0,1006.8,82.0,0.507548187,80.0,0,-0.537400426,-0.843327209,-0.866025404,-0.5,0.258819045,-0.965925826,2022-08-04,0.0,200.93960163492
6023.0,2022.0,8.0,4.0,11.5,24.6,0.0,2.508655439,-0.459220119,218.0555556,1006.9,82.5,0.45092871,82.0,0,-0.537702833,-0.843134428,-0.866025404,-0.5,0.130526192,-0.991444861,2022-08-04,0.0,237.91575585492
6024.0,2022.0,8.0,4.0,12.0,24.6,0.0,2.217310878,-0.918440238,186.1111111,1007.0,83.0,0.387363392,82.01,0,-0.538005172,-0.842941537,-0.866025404,-0.5,1.22515e-16,-1.0,2022-08-04,133.02022000000002,269.68342763284
6025.0,2022.0,8.0,4.0,12.5,25.35,0.0,2.402086785,0.076536687,281.9444445,1006.55,80.5,0.581457265,75.0,0,-0.53830744,-0.842748539,-0.866025404,-0.5,-0.130526192,-0.991444861,2022-08-04,133.02022000000002,313.29272250784
6026.0,2022.0,8.0,4.0,13.0,26.1,0.0,2.586862691,1.071513611,377.7777778,1006.1,78.0,0.752928157,60.12,0,-0.53860964,-0.842555432,-0.866025404,-0.5,-0.258819045,-0.965925826,2022-08-04,133.02022000000002,358.55876330667996
6027.0,2022.0,8.0,4.0,13.5,25.65,0.0,2.355892808,0.975842753,390.2777778,1005.95,79.0,0.835912489,82.01,0,-0.538911771,-0.842362216,-0.866025404,-0.5,-0.382683432,-0.923879533,2022-08-04,201.58058000000003,427.11194652957
6028.0,2022.0,8.0,4.0,14.0,25.2,0.0,2.124922925,0.880171894,402.7777778,1005.8,80.0,0.760059721,85.0,0,-0.539213832,-0.842168893,-0.866025404,-0.5,-0.5,-0.866025404,2022-08-04,308.68058,491.71702281457
6029.0,2022.0,8.0,4.0,14.5,24.7,0.0,1.986340995,0.82276938,251.3888889,1005.55,82.0,0.500023965,82.01,0,-0.539515823,-0.841975461,-0.866025404,-0.5,-0.608761429,-0.79335334,2022-08-04,308.68058,532.7239881842199
6030.0,2022.0,8.0,4.0,15.0,24.2,0.0,1.847759065,0.765366865,100.0,1005.3,84.0,0.204783194,99.0,0,-0.539817746,-0.84178192,-0.866025404,-0.5,-0.707106781,-0.707106781,2022-08-04,345.50858000000005,552.99752439022
6031.0,2022.0,8.0,4.0,15.5,23.95,0.0,2.494474738,1.033245268,81.94444445,1005.5,85.5,0.167159364,96.72,0,-0.540119599,-0.841588272,-0.866025404,-0.5,-0.79335334,-0.608761429,2022-08-04,345.50858000000005,569.1651780763
6032.0,2022.0,8.0,4.0,16.0,23.7,0.0,3.141190411,1.30112367,63.88888889,1005.7,87.0,0.134575369,130.0,0,-0.540421382,-0.841394515,-0.866025404,-0.5,-0.866025404,-0.5,2022-08-04,623.0585800000001,586.6599760463
6033.0,2022.0,8.0,4.0,16.5,23.45,0.0,2.817832575,1.167184469,40.27777778,1005.8,89.0,0.082087294,130.0,0,-0.540723096,-0.84120065,-0.866025404,-0.5,-0.923879533,-0.382683432,2022-08-04,893.7185800000001,597.3313242663
6034.0,2022.0,8.0,4.0,17.0,23.2,0.0,2.494474738,1.033245267,16.66666667,1005.9,91.0,0.035720804,101.0,0,-0.541024741,-0.841006677,-0.866025404,-0.5,-0.965925826,-0.258819045,2022-08-04,897.35458,600.9391254703
6035.0,2022.0,8.0,4.0,17.5,23.1,0.0,2.263504855,0.937574409,13.88888889,1005.85,90.0,0.028550918,85.0,0,-0.541326315,-0.840812595,-0.866025404,-0.5,-0.991444861,-0.130526192,2022-08-04,899.8195800000001,603.3659535003001
6036.0,2022.0,8.0,4.0,18.0,23.0,0.0,2.032534972,0.841903551,11.11111111,1005.8,89.0,0.020921882,84.98,0,-0.541627821,-0.840618406,-0.866025404,-0.5,-1.0,-1.83772e-16,2022-08-04,899.8195800000001,605.1438950326601
6037.0,2022.0,8.0,4.0,18.5,22.6,0.0,1.916267486,0.420951776,5.555555555,1006.05,92.5,0.00680778,82.0,0,-0.541929256,-0.840424108,-0.866025404,-0.5,-0.991444861,0.130526192,2022-08-04,899.8195800000001,605.7021329926602
6038.0,2022.0,8.0,4.0,19.0,22.2,0.0,1.8,0.0,0.0,1006.3,96.0,0.0,84.98,0,-0.542230622,-0.840229702,-0.866025404,-0.5,-0.965925826,0.258819045,2022-08-04,902.1990200000001,605.7021329926602
6039.0,2022.0,8.0,4.0,19.5,22.15,0.25,1.960660172,1.060660172,0.0,1006.25,96.0,0.0,80.01,0,-0.542531918,-0.840035188,-0.866025404,-0.5,-0.923879533,0.382683432,2022-08-04,902.1990200000001,605.7021329926602
6040.0,2022.0,8.0,4.0,20.0,22.1,0.5,2.121320344,2.121320344,0.0,1006.2,96.0,0.0,55.72,0,-0.542833145,-0.839840567,-0.866025404,-0.5,-0.866025404,0.5,2022-08-04,902.1990200000001,605.7021329926602
6041.0,2022.0,8.0,4.0,20.5,22.0,1.5,1.944543648,1.944543648,0.0,1006.05,96.5,0.0,55.0,0,-0.543134301,-0.839645837,-0.866025404,-0.5,-0.79335334,0.608761429,2022-08-04,902.1990200000001,605.7021329926602
6042.0,2022.0,8.0,4.0,21.0,21.9,2.5,1.767766953,1.767766953,0.0,1005.9,97.0,0.0,50.01,0,-0.543435388,-0.839450999,-0.866025404,-0.5,-0.707106781,0.707106781,2022-08-04,902.1990200000001,605.7021329926602
6043.0,2022.0,8.0,4.0,21.5,21.95,1.25,2.131120846,1.40050611,0.0,1005.75,96.5,0.0,48.87,0,-0.543736404,-0.839256053,-0.866025404,-0.5,-0.608761429,0.79335334,2022-08-04,902.1990200000001,605.7021329926602
6044.0,2022.0,8.0,4.0,22.0,22.0,0.0,2.494474738,1.033245267,0.0,1005.6,96.0,0.0,46.0,0,-0.544037351,-0.839060999,-0.866025404,-0.5,-0.5,0.866025404,2022-08-04,902.1990200000001,605.7021329926602
6045.0,2022.0,8.0,4.0,22.5,21.85,0.0,1.989699489,1.259084754,0.0,1005.8,96.0,0.0,48.15,0,-0.544338228,-0.838865838,-0.866025404,-0.5,-0.382683432,0.923879533,2022-08-04,902.1990200000001,605.7021329926602
6046.0,2022.0,8.0,4.0,23.0,21.7,0.0,1.48492424,1.48492424,0.0,1006.0,96.0,0.0,32.0,0,-0.544639035,-0.838670568,-0.866025404,-0.5,-0.258819045,0.965925826,2022-08-04,902.1990200000001,605.7021329926602
6047.0,2022.0,8.0,4.0,23.5,21.5,0.0,1.767766953,1.767766953,0.0,1006.0,96.5,0.0,29.99,0,-0.544939772,-0.838475191,-0.866025404,-0.5,-0.130526192,0.991444861,2022-08-04,902.1990200000001,605.7021329926602
6048.0,2022.0,8.0,5.0,0.0,21.3,0.0,2.050609665,2.050609665,0.0,1006.0,97.0,0.0,24.5,0,-0.545240439,-0.838279705,-0.866025404,-0.5,-2.4503e-16,1.0,2022-08-05,0.0,0.0
6049.0,2022.0,8.0,5.0,0.5,21.2,0.0,1.522793295,2.226348225,0.0,1005.85,97.5,0.0,17.38,0,-0.545541035,-0.838084112,-0.866025404,-0.5,0.130526192,0.991444861,2022-08-05,0.0,0.0
6050.0,2022.0,8.0,5.0,1.0,21.1,0.0,0.994976924,2.402086785,0.0,1005.7,98.0,0.0,17.54,0,-0.545841562,-0.837888411,-0.866025404,-0.5,0.258819045,0.965925826,2022-08-05,0.0,0.0
6051.0,2022.0,8.0,5.0,1.5,21.1,0.0,0.918440238,2.217310879,0.0,1005.45,97.5,0.0,17.26,0,-0.546142018,-0.837692603,-0.866025404,-0.5,0.382683432,0.923879533,2022-08-05,0.0,0.0
6052.0,2022.0,8.0,5.0,2.0,21.1,0.0,0.841903551,2.032534972,0.0,1005.2,97.0,0.0,17.2,0,-0.546442404,-0.837496686,-0.866025404,-0.5,0.5,0.866025404,2022-08-05,0.0,0.0
6053.0,2022.0,8.0,5.0,2.5,21.15,0.0,1.128058557,1.723374267,0.0,1005.15,96.5,0.0,17.26,0,-0.546742719,-0.837300662,-0.866025404,-0.5,0.608761429,0.79335334,2022-08-05,0.0,0.0
6054.0,2022.0,8.0,5.0,3.0,21.2,0.0,1.414213562,1.414213562,0.0,1005.1,96.0,0.0,17.36,0,-0.547042965,-0.83710453,-0.866025404,-0.5,0.707106781,0.707106781,2022-08-05,0.0,0.0
6055.0,2022.0,8.0,5.0,3.5,21.2,0.0,1.449568901,1.449568901,0.0,1005.25,95.5,0.0,17.31,0,-0.54734314,-0.836908291,-0.866025404,-0.5,0.79335334,0.608761429,2022-08-05,0.0,0.0
6056.0,2022.0,8.0,5.0,4.0,21.2,0.0,1.48492424,1.48492424,0.0,1005.4,95.0,0.0,17.36,0,-0.547643245,-0.836711944,-0.866025404,-0.5,0.866025404,0.5,2022-08-05,0.0,0.0
6057.0,2022.0,8.0,5.0,4.5,21.3,0.0,1.163413896,1.758729606,0.0,1005.6,95.0,0.0,17.36,0,-0.547943279,-0.836515489,-0.866025404,-0.5,0.923879533,0.382683432,2022-08-05,0.0,0.0
6058.0,2022.0,8.0,5.0,5.0,21.4,0.0,0.841903551,2.032534972,0.0,1005.8,95.0,0.0,17.54,0,-0.548243242,-0.836318927,-0.866025404,-0.5,0.965925826,0.258819045,2022-08-05,0.0,0.0
6059.0,2022.0,8.0,5.0,5.5,21.55,0.0,1.234124574,1.829440285,15.27777778,1005.85,93.5,0.029952644,17.54,0,-0.548543136,-0.836122257,-0.866025404,-0.5,0.991444861,0.130526192,2022-08-05,0.0,0.52536937576
6060.0,2022.0,8.0,5.0,6.0,21.7,0.0,1.626345597,1.626345597,30.55555556,1005.9,92.0,0.061637288,17.36,0,-0.548842958,-0.835925479,-0.866025404,-0.5,1.0,6.12574e-17,2022-08-05,0.0,1.59539269544
6061.0,2022.0,8.0,5.0,6.5,21.9,0.0,1.626345597,1.626345597,48.61111112,1006.1,91.0,0.105523871,17.36,0,-0.54914271,-0.835728595,-0.866025404,-0.5,0.991444861,-0.130526192,2022-08-05,0.0,3.4272870959999997
6062.0,2022.0,8.0,5.0,7.0,22.1,0.0,1.626345597,1.626345597,66.66666667,1006.3,90.0,0.135225143,17.21,0,-0.549442392,-0.835531602,-0.866025404,-0.5,0.965925826,-0.258819045,2022-08-05,0.0,5.754511807029999
6063.0,2022.0,8.0,5.0,7.5,22.8,0.0,2.198992098,1.387197947,137.5,1006.25,86.0,0.251093977,17.73,0,-0.549742003,-0.835334502,-0.866025404,-0.5,0.923879533,-0.382683432,2022-08-05,0.0,10.20640801924
6064.0,2022.0,8.0,5.0,8.0,23.5,0.0,2.771638598,1.148050297,208.3333333,1006.2,82.0,0.420354674,19.52,0,-0.550041543,-0.835137295,-0.866025404,-0.5,0.866025404,-0.5,2022-08-05,0.0,18.41173125572
6065.0,2022.0,8.0,5.0,8.5,24.3,0.0,2.375768793,1.563974642,322.2222222,1006.1,77.0,0.642164802,17.83,0,-0.550341012,-0.83493998,-0.866025404,-0.5,0.79335334,-0.608761429,2022-08-05,0.0,29.861529675379998
6066.0,2022.0,8.0,5.0,9.0,25.1,0.0,1.979898987,1.979898987,436.1111111,1006.0,72.0,0.855771837,23.84,0,-0.55064041,-0.834742558,-0.866025404,-0.5,0.707106781,-0.707106781,2022-08-05,0.0,50.26313026946
6067.0,2022.0,8.0,5.0,9.5,25.4,0.0,2.015254326,2.015254326,475.0,1006.15,72.0,0.957058239,35.84,0,-0.550939738,-0.834545029,-0.866025404,-0.5,0.608761429,-0.79335334,2022-08-05,0.0,84.56409755522
6068.0,2022.0,8.0,5.0,10.0,25.7,0.0,2.050609665,2.050609665,513.8888889,1006.3,72.0,0.9473363,40.0,0,-0.551238995,-0.834347392,-0.866025404,-0.5,0.5,-0.866025404,2022-08-05,117.88,122.45754955522
6069.0,2022.0,8.0,5.0,10.5,25.35,0.0,1.979898987,1.979898987,570.8333334,1006.35,73.5,1.12447576,38.11,0,-0.551538181,-0.834149648,-0.866025404,-0.5,0.382683432,-0.923879533,2022-08-05,117.88,165.31132076882
6070.0,2022.0,8.0,5.0,11.0,25.0,0.0,1.909188309,1.909188309,627.7777778,1006.4,75.0,1.186413953,39.01,0,-0.551837296,-0.833951796,-0.866025404,-0.5,0.258819045,-0.965925826,2022-08-05,145.03096,211.59332907535
6071.0,2022.0,8.0,5.0,11.5,24.95,0.0,1.832279711,1.318143415,438.8888889,1006.35,75.5,0.891256698,38.78,0,-0.55213634,-0.833753838,-0.866025404,-0.5,0.130526192,-0.991444861,2022-08-05,145.03096,246.15626382379
6072.0,2022.0,8.0,5.0,12.0,24.9,0.0,1.755371112,0.727098521,250.0,1006.3,76.0,0.486275726,39.01,0,-0.552435313,-0.833555772,-0.866025404,-0.5,1.22515e-16,-1.0,2022-08-05,237.56268,265.12587989505
6073.0,2022.0,8.0,5.0,12.5,25.25,0.0,2.377685556,0.363549261,405.5555556,1005.85,75.0,0.835075668,20.19,0,-0.552734215,-0.833357599,-0.866025404,-0.5,-0.130526192,-0.991444861,2022-08-05,237.56268,281.98605763196997
6074.0,2022.0,8.0,5.0,13.0,25.6,0.0,3.0,0.0,561.1111111,1005.4,74.0,1.086792992,20.6,0,-0.553033046,-0.833159318,-0.866025404,-0.5,-0.258819045,-0.965925826,2022-08-05,237.56268,304.37399326716996
6075.0,2022.0,8.0,5.0,13.5,25.5,0.0,2.348528138,0.848528138,454.1666667,1005.3,72.5,0.954444618,48.48,0,-0.553331806,-0.832960931,-0.866025404,-0.5,-0.382683432,-0.923879533,2022-08-05,283.8126,350.64546834781
6076.0,2022.0,8.0,5.0,14.0,25.4,0.0,1.697056275,1.697056275,347.2222222,1005.2,71.0,0.731707807,48.87,0,-0.553630494,-0.832762436,-0.866025404,-0.5,-0.5,-0.866025404,2022-08-05,319.58543999999995,386.4040288759
6077.0,2022.0,8.0,5.0,14.5,25.6,0.0,2.18815346,1.403419115,354.1666667,1005.1,71.0,0.722631637,49.72,0,-0.553929112,-0.832563835,-0.866025404,-0.5,-0.608761429,-0.79335334,2022-08-05,355.63244,422.33327386754
6078.0,2022.0,8.0,5.0,15.0,25.8,0.0,2.679250644,1.109781954,361.1111111,1005.0,71.0,0.760376218,49.72,0,-0.554227658,-0.832365126,-0.866025404,-0.5,-0.707106781,-0.707106781,2022-08-05,427.77616,460.1391794265
6079.0,2022.0,8.0,5.0,15.5,25.4,0.0,2.771638598,1.148050297,338.8888889,1005.15,71.5,0.693133517,49.22,0,-0.554526133,-0.83216631,-0.866025404,-0.5,-0.79335334,-0.608761429,2022-08-05,427.77616,494.25521113324
6080.0,2022.0,8.0,5.0,16.0,25.0,0.0,2.864026551,1.18631864,316.6666667,1005.3,72.0,0.654890156,49.73,0,-0.554824536,-0.831967387,-0.866025404,-0.5,-0.866025404,-0.5,2022-08-05,460.34931,526.82289859112
6081.0,2022.0,8.0,5.0,16.5,24.7,0.0,2.402086785,0.994976924,248.6111112,1005.4,71.5,0.500562231,51.56,0,-0.555122869,-0.831768358,-0.866025404,-0.5,-0.923879533,-0.382683432,2022-08-05,589.30087,552.6318872214799
6082.0,2022.0,8.0,5.0,17.0,24.4,0.0,1.940147018,0.803635208,180.5555556,1005.5,71.0,0.375248948,51.33,0,-0.555421129,-0.831569221,-0.866025404,-0.5,-0.965925826,-0.258819045,2022-08-05,711.2096200000001,571.8934157223199
6083.0,2022.0,8.0,5.0,17.5,24.05,0.0,2.270073509,0.401817604,127.7777778,1005.8,73.0,0.244131811,50.37,0,-0.555719319,-0.831369977,-0.866025404,-0.5,-0.991444861,-0.130526192,2022-08-05,723.4999000000001,584.1903350423898
6084.0,2022.0,8.0,5.0,18.0,23.7,0.0,2.6,0.0,75.0,1006.1,75.0,0.141595284,49.11,0,-0.556017437,-0.831170626,-0.866025404,-0.5,-1.0,-1.83772e-16,2022-08-05,730.4735200000001,591.1440794396299
6085.0,2022.0,8.0,5.0,18.5,23.4,0.0,2.270073509,0.401817604,44.44444445,1006.35,75.5,0.084137528,48.37,0,-0.556315483,-0.830971169,-0.866025404,-0.5,-0.991444861,0.130526192,2022-08-05,730.4735200000001,595.2138116689898
6086.0,2022.0,8.0,5.0,19.0,23.1,0.0,1.940147018,0.803635208,13.88888889,1006.6,76.0,0.025141494,48.6,0,-0.556613458,-0.830771604,-0.866025404,-0.5,-0.965925826,0.258819045,2022-08-05,735.7709200000002,596.4356882773898
6087.0,2022.0,8.0,5.0,19.5,22.95,0.0,2.217310878,0.918440238,6.944444445,1006.7,77.5,0.009120913,45.0,0,-0.556911361,-0.830571933,-0.866025404,-0.5,-0.923879533,0.382683432,2022-08-05,736.1759200000001,596.8461293623898
6088.0,2022.0,8.0,5.0,20.0,22.8,0.0,2.494474738,1.033245267,0.0,1006.8,79.0,0.0,29.04,0,-0.557209193,-0.830372155,-0.866025404,-0.5,-0.866025404,0.5,2022-08-05,736.1759200000001,596.8461293623898
6089.0,2022.0,8.0,5.0,20.5,22.65,0.0,2.402086785,0.994976924,0.0,1006.9,81.5,0.0,30.11,0,-0.557506953,-0.83017227,-0.866025404,-0.5,-0.79335334,0.608761429,2022-08-05,736.1759200000001,596.8461293623898
6090.0,2022.0,8.0,5.0,21.0,22.5,0.0,2.309698831,0.956708581,0.0,1007.0,84.0,0.0,24.5,0,-0.557804641,-0.829972278,-0.866025404,-0.5,-0.707106781,0.707106781,2022-08-05,736.1759200000001,596.8461293623898
6091.0,2022.0,8.0,5.0,21.5,22.35,0.0,2.10944357,1.432948445,0.0,1007.0,83.0,0.0,22.0,0,-0.558102257,-0.82977218,-0.866025404,-0.5,-0.608761429,0.79335334,2022-08-05,736.1759200000001,596.8461293623898
6092.0,2022.0,8.0,5.0,22.0,22.2,0.0,1.909188309,1.909188309,0.0,1007.0,82.0,0.0,19.99,0,-0.558399802,-0.829571975,-0.866025404,-0.5,-0.5,0.866025404,2022-08-05,736.1759200000001,596.8461293623898
6093.0,2022.0,8.0,5.0,22.5,22.25,0.0,1.590990258,1.590990258,0.0,1006.95,82.5,0.0,19.99,0,-0.558697275,-0.829371663,-0.866025404,-0.5,-0.382683432,0.923879533,2022-08-05,736.1759200000001,596.8461293623898
6094.0,2022.0,8.0,5.0,23.0,22.3,0.0,1.272792206,1.272792206,0.0,1006.9,83.0,0.0,19.53,0,-0.558994676,-0.829171244,-0.866025404,-0.5,-0.258819045,0.965925826,2022-08-05,736.1759200000001,596.8461293623898
6095.0,2022.0,8.0,5.0,23.5,22.1,0.0,1.237436867,1.237436867,0.0,1006.95,84.5,0.0,18.7,0,-0.559292005,-0.828970719,-0.866025404,-0.5,-0.130526192,0.991444861,2022-08-05,736.1759200000001,596.8461293623898
6096.0,2022.0,8.0,6.0,0.0,21.9,0.0,1.202081528,1.202081528,0.0,1007.0,86.0,0.0,17.21,0,-0.559589262,-0.828770087,-0.866025404,-0.5,-2.4503e-16,1.0,2022-08-06,0.0,0.0
6097.0,2022.0,8.0,6.0,0.5,21.9,0.0,1.166726189,1.166726189,0.0,1007.0,85.5,0.0,20.51,0,-0.559886448,-0.828569349,-0.866025404,-0.5,0.130526192,0.991444861,2022-08-06,0.0,0.0
6098.0,2022.0,8.0,6.0,1.0,21.9,0.0,1.13137085,1.13137085,0.0,1007.0,85.0,0.0,19.97,0,-0.560183561,-0.828368504,-0.866025404,-0.5,0.258819045,0.965925826,2022-08-06,0.0,0.0
6099.0,2022.0,8.0,6.0,1.5,21.85,0.0,1.13137085,1.13137085,0.0,1006.9,83.5,0.0,19.53,0,-0.560480602,-0.828167552,-0.866025404,-0.5,0.382683432,0.923879533,2022-08-06,0.0,0.0
6100.0,2022.0,8.0,6.0,2.0,21.8,0.0,1.13137085,1.13137085,0.0,1006.8,82.0,0.0,19.15,0,-0.560777571,-0.827966494,-0.866025404,-0.5,0.5,0.866025404,2022-08-06,0.0,0.0
6101.0,2022.0,8.0,6.0,2.5,21.7,0.0,1.272792206,1.272792206,0.0,1006.95,82.0,0.0,19.15,0,-0.561074468,-0.82776533,-0.866025404,-0.5,0.608761429,0.79335334,2022-08-06,0.0,0.0
6102.0,2022.0,8.0,6.0,3.0,21.6,0.0,1.414213562,1.414213562,0.0,1007.1,82.0,0.0,17.96,0,-0.561371293,-0.827564059,-0.866025404,-0.5,0.707106781,0.707106781,2022-08-06,0.0,0.0
6103.0,2022.0,8.0,6.0,3.5,21.5,0.0,1.237436867,1.237436867,0.0,1007.25,82.5,0.0,19.57,0,-0.561668046,-0.827362681,-0.866025404,-0.5,0.79335334,0.608761429,2022-08-06,0.0,0.0
6104.0,2022.0,8.0,6.0,4.0,21.4,0.0,1.060660172,1.060660172,0.0,1007.4,83.0,0.0,20.0,0,-0.561964726,-0.827161198,-0.866025404,-0.5,0.866025404,0.5,2022-08-06,0.0,0.0
6105.0,2022.0,8.0,6.0,4.5,21.5,0.0,1.025304833,1.025304833,0.0,1007.7,82.5,0.0,19.99,0,-0.562261334,-0.826959607,-0.866025404,-0.5,0.923879533,0.382683432,2022-08-06,0.0,0.0
6106.0,2022.0,8.0,6.0,5.0,21.6,0.0,0.989949494,0.989949494,0.0,1008.0,82.0,0.0,19.97,0,-0.56255787,-0.826757911,-0.866025404,-0.5,0.965925826,0.258819045,2022-08-06,0.0,0.0
6107.0,2022.0,8.0,6.0,5.5,21.7,0.0,1.326466326,0.839389836,12.5,1008.15,82.5,0.024333508,17.96,0,-0.562854333,-0.826556108,-0.866025404,-0.5,0.991444861,0.130526192,2022-08-06,0.0,0.43702980368000005
6108.0,2022.0,8.0,6.0,6.0,21.8,0.0,1.662983159,0.688830178,25.0,1008.3,83.0,0.049058498,17.96,0,-0.563150724,-0.826354199,-0.866025404,-0.5,1.0,6.12574e-17,2022-08-06,1.31108,1.31812042776
6109.0,2022.0,8.0,6.0,6.5,21.85,0.0,1.361821666,0.874745175,55.55555556,1008.4,83.0,0.116591981,17.0,0,-0.563447043,-0.826152183,-0.866025404,-0.5,0.991444861,-0.130526192,2022-08-06,1.31108,3.30018410476
6110.0,2022.0,8.0,6.0,7.0,21.9,0.0,1.060660172,1.060660172,86.11111111,1008.5,83.0,0.181877256,11.29,0,-0.563743289,-0.825950061,-0.866025404,-0.5,0.965925826,-0.258819045,2022-08-06,1.31108,5.353578324999999
6111.0,2022.0,8.0,6.0,7.5,22.15,0.0,1.166726189,1.166726189,126.3888889,1008.65,82.0,0.24444055,11.29,0,-0.564039463,-0.825747834,-0.866025404,-0.5,0.923879533,-0.382683432,2022-08-06,1.31108,8.1133121345
6112.0,2022.0,8.0,6.0,8.0,22.4,0.0,1.272792206,1.272792206,166.6666667,1008.8,81.0,0.330873056,11.27,0,-0.564335564,-0.825545499,-0.866025404,-0.5,0.866025404,-0.5,2022-08-06,1.31108,11.84225147562
6113.0,2022.0,8.0,6.0,8.5,23.1,0.0,1.414213563,1.414213563,243.0555556,1008.7,77.5,0.470955229,10.92,0,-0.564631592,-0.825343059,-0.866025404,-0.5,0.79335334,-0.608761429,2022-08-06,1.31108,16.985082576299998
6114.0,2022.0,8.0,6.0,9.0,23.8,0.0,1.555634919,1.555634919,319.4444444,1008.6,74.0,0.63094616,17.23,0,-0.564927548,-0.825140512,-0.866025404,-0.5,0.707106781,-0.707106781,2022-08-06,1.31108,27.856284913099998
6115.0,2022.0,8.0,6.0,9.5,24.1,0.0,1.32781746,0.77781746,468.0555556,1008.65,71.5,1.001809989,17.61,0,-0.565223431,-0.82493786,-0.866025404,-0.5,0.608761429,-0.79335334,2022-08-06,18.53366,45.49815881939
6116.0,2022.0,8.0,6.0,10.0,24.4,0.0,1.1,0.0,616.6666667,1008.7,69.0,1.364190328,17.96,0,-0.565519242,-0.824735101,-0.866025404,-0.5,0.5,-0.866025404,2022-08-06,78.9511,69.99901711027
6117.0,2022.0,8.0,6.0,10.5,24.75,0.0,0.817878403,-0.646715673,581.9444445,1008.5,69.0,1.143681099,17.5,0,-0.56581498,-0.824532236,-0.866025404,-0.5,0.382683432,-0.923879533,2022-08-06,98.9711,90.01343634277
6118.0,2022.0,8.0,6.0,11.0,25.1,0.0,0.535756805,-1.293431346,547.2222222,1008.3,69.0,1.070451448,17.16,0,-0.566110645,-0.824329265,-0.866025404,-0.5,0.258819045,-0.965925826,2022-08-06,98.9711,108.38238319045001
6119.0,2022.0,8.0,6.0,11.5,25.8,0.0,0.914594075,-0.914594075,630.5555556,1008.1,68.5,1.280325524,17.16,0,-0.566406237,-0.824126189,-0.866025404,-0.5,0.130526192,-0.991444861,2022-08-06,98.9711,130.35276918229002
6120.0,2022.0,8.0,6.0,12.0,26.5,0.0,1.293431346,-0.535756805,713.8888889,1007.9,68.0,1.367411807,17.3,0,-0.566701756,-0.823923006,-0.866025404,-0.5,1.22515e-16,-1.0,2022-08-06,140.81980000000001,154.00899344339
6121.0,2022.0,8.0,6.0,12.5,26.1,0.0,1.49524381,-1.11640654,551.3888889,1007.9,68.5,1.17222651,16.93,0,-0.566997203,-0.823719717,-0.866025404,-0.5,-0.130526192,-0.991444861,2022-08-06,140.81980000000001,173.85478825769002
6122.0,2022.0,8.0,6.0,13.0,25.7,0.0,1.697056275,-1.697056275,388.8888889,1007.9,69.0,0.7799405,16.58,0,-0.567292576,-0.823516322,-0.866025404,-0.5,-0.258819045,-0.965925826,2022-08-06,140.81980000000001,186.78620174769003
6123.0,2022.0,8.0,6.0,13.5,25.85,0.0,1.9109896,-1.288614085,402.7777778,1007.7,70.5,0.750223335,16.92,0,-0.567587877,-0.823312821,-0.866025404,-0.5,-0.382683432,-0.923879533,2022-08-06,140.81980000000001,199.47998057589004
6124.0,2022.0,8.0,6.0,14.0,26.0,0.0,2.124922925,-0.880171894,416.6666667,1007.5,72.0,0.812039966,17.32,0,-0.567883105,-0.823109215,-0.866025404,-0.5,-0.5,-0.866025404,2022-08-06,154.88364,213.54451278701004
6125.0,2022.0,8.0,6.0,14.5,26.55,0.0,1.598218268,-1.733517292,440.2777778,1007.15,70.5,0.843183972,17.96,0,-0.568178259,-0.822905502,-0.866025404,-0.5,-0.608761429,-0.79335334,2022-08-06,186.06220000000002,228.68809692413004
6126.0,2022.0,8.0,6.0,15.0,27.1,0.0,1.071513611,-2.586862691,463.8888889,1006.8,69.0,0.89317427,16.99,0,-0.568473341,-0.822701684,-0.866025404,-0.5,-0.707106781,-0.707106781,2022-08-06,186.06220000000002,243.86312777143004
6127.0,2022.0,8.0,6.0,15.5,27.1,0.0,1.242863587,-2.000538127,400.0,1006.85,70.5,0.77823661,18.01,0,-0.568768349,-0.82249776,-0.866025404,-0.5,-0.79335334,-0.608761429,2022-08-06,200.07398,257.87916911753007
6128.0,2022.0,8.0,6.0,16.0,27.1,0.0,1.414213562,-1.414213562,336.1111111,1006.9,72.0,0.597927352,20.01,0,-0.569063284,-0.82229373,-0.866025404,-0.5,-0.866025404,-0.5,2022-08-06,212.03996,269.8436954310501
6129.0,2022.0,8.0,6.0,16.5,26.6,0.0,1.95434415,-1.223729415,245.8333334,1007.05,74.0,0.504323482,20.22,0,-0.569358146,-0.822089595,-0.866025404,-0.5,-0.923879533,-0.382683432,2022-08-06,222.23084,280.0411162370901
6130.0,2022.0,8.0,6.0,17.0,26.1,0.0,2.494474738,-1.033245267,155.5555556,1007.2,76.0,0.324209858,20.54,0,-0.569652935,-0.821885353,-0.866025404,-0.5,-0.965925826,-0.258819045,2022-08-06,228.8858,286.70038672041005
6131.0,2022.0,8.0,6.0,17.5,25.8,0.0,2.166476185,-1.435861449,102.7777778,1007.45,77.0,0.201895918,23.69,0,-0.56994765,-0.821681006,-0.866025404,-0.5,-0.991444861,-0.130526192,2022-08-06,233.67118,291.48330101783006
6132.0,2022.0,8.0,6.0,18.0,25.5,0.0,1.838477631,-1.838477631,50.0,1007.7,78.0,0.096689071,24.5,0,-0.570242293,-0.821476553,-0.866025404,-0.5,-1.0,-1.83772e-16,2022-08-06,236.04767999999999,293.85218325733007
6133.0,2022.0,8.0,6.0,18.5,25.0,0.0,2.369238816,-0.919238816,27.77777778,1008.0,79.0,0.054360614,35.0,0,-0.570536862,-0.821271995,-0.866025404,-0.5,-0.991444861,0.130526192,2022-08-06,237.93767999999997,295.75480474733007
6134.0,2022.0,8.0,6.0,19.0,24.5,0.0,2.9,0.0,5.555555556,1008.3,80.0,0.004847521,36.5,0,-0.570831357,-0.821067331,-0.866025404,-0.5,-0.965925826,0.258819045,2022-08-06,311.12017999999995,295.9317392638301
6135.0,2022.0,8.0,6.0,19.5,24.35,0.0,2.697237369,-0.516622634,2.777777778,1008.55,80.5,0.001306857,36.49,0,-0.571125779,-0.820862561,-0.866025404,-0.5,-0.923879533,0.382683432,2022-08-06,384.13667,295.9794264757601
6136.0,2022.0,8.0,6.0,20.0,24.2,0.0,2.494474738,-1.033245267,0.0,1008.8,81.0,0.0,30.44,0,-0.571420128,-0.820657686,-0.866025404,-0.5,-0.866025404,0.5,2022-08-06,384.13667,295.9794264757601
6137.0,2022.0,8.0,6.0,20.5,24.1,0.0,2.447237369,-0.516622634,0.0,1009.15,81.0,0.0,24.5,0,-0.571714403,-0.820452705,-0.866025404,-0.5,-0.79335334,0.608761429,2022-08-06,384.13667,295.9794264757601
6138.0,2022.0,8.0,6.0,21.0,24.0,0.0,2.4,0.0,0.0,1009.5,81.0,0.0,20.9,0,-0.572008605,-0.820247619,-0.866025404,-0.5,-0.707106781,0.707106781,2022-08-06,384.13667,295.9794264757601
6139.0,2022.0,8.0,6.0,21.5,23.9,0.0,1.9,0.0,0.0,1009.7,82.0,0.0,20.22,0,-0.572302733,-0.820042427,-0.866025404,-0.5,-0.608761429,0.79335334,2022-08-06,384.13667,295.9794264757601
6140.0,2022.0,8.0,6.0,22.0,23.8,0.0,1.4,0.0,0.0,1009.9,83.0,0.0,19.9,0,-0.572596787,-0.81983713,-0.866025404,-0.5,-0.5,0.866025404,2022-08-06,384.13667,295.9794264757601
6141.0,2022.0,8.0,6.0,22.5,23.5,0.0,1.6,0.0,0.0,1009.95,85.0,0.0,20.01,0,-0.572890768,-0.819631727,-0.866025404,-0.5,-0.382683432,0.923879533,2022-08-06,384.13667,295.9794264757601
6142.0,2022.0,8.0,6.0,23.0,23.2,0.0,1.8,0.0,0.0,1010.0,87.0,0.0,18.0,0,-0.573184675,-0.819426219,-0.866025404,-0.5,-0.258819045,0.965925826,2022-08-06,384.13667,295.9794264757601
6143.0,2022.0,8.0,6.0,23.5,22.9,0.0,1.7,0.0,0.0,1009.85,91.0,0.0,17.45,0,-0.573478508,-0.819220606,-0.866025404,-0.5,-0.130526192,0.991444861,2022-08-06,384.13667,295.9794264757601
6144.0,2022.0,8.0,7.0,0.0,22.6,0.0,1.6,0.0,0.0,1009.7,95.0,0.0,14.69,0,-0.573772268,-0.819014887,-0.866025404,-0.5,-2.4503e-16,1.0,2022-08-07,0.0,0.0
6145.0,2022.0,8.0,7.0,0.5,22.8,0.0,1.15,0.0,0.0,1009.55,94.5,0.0,19.57,0,-0.574065954,-0.818809062,-0.866025404,-0.5,0.130526192,0.991444861,2022-08-07,0.0,0.0
6146.0,2022.0,8.0,7.0,1.0,23.0,0.0,0.7,0.0,0.0,1009.4,94.0,0.0,19.19,0,-0.574359566,-0.818603133,-0.866025404,-0.5,0.258819045,0.965925826,2022-08-07,0.0,0.0
6147.0,2022.0,8.0,7.0,1.5,22.95,0.0,0.95,0.0,0.0,1009.1,94.5,0.0,15.2,0,-0.574653104,-0.818397098,-0.866025404,-0.5,0.382683432,0.923879533,2022-08-07,0.0,0.0
6148.0,2022.0,8.0,7.0,2.0,22.9,0.0,1.2,0.0,0.0,1008.8,95.0,0.0,13.1,0,-0.574946568,-0.818190958,-0.866025404,-0.5,0.5,0.866025404,2022-08-07,0.0,0.0
6149.0,2022.0,8.0,7.0,2.5,22.95,0.0,1.2,0.0,0.0,1008.85,93.5,0.0,16.04,0,-0.575239958,-0.817984713,-0.866025404,-0.5,0.608761429,0.79335334,2022-08-07,0.0,0.0
6150.0,2022.0,8.0,7.0,3.0,23.0,0.0,1.2,0.0,0.0,1008.9,92.0,0.0,17.0,0,-0.575533275,-0.817778362,-0.866025404,-0.5,0.707106781,0.707106781,2022-08-07,0.0,0.0
6151.0,2022.0,8.0,7.0,3.5,22.85,0.0,1.165685425,0.565685425,0.0,1008.95,91.5,0.0,17.21,0,-0.575826517,-0.817571907,-0.866025404,-0.5,0.79335334,0.608761429,2022-08-07,0.0,0.0
6152.0,2022.0,8.0,7.0,4.0,22.7,0.0,1.13137085,1.13137085,0.0,1009.0,91.0,0.0,16.58,0,-0.576119685,-0.817365346,-0.866025404,-0.5,0.866025404,0.5,2022-08-07,0.0,0.0
6153.0,2022.0,8.0,7.0,4.5,22.9,0.0,0.965685425,0.565685425,0.0,1009.25,90.0,0.0,13.35,0,-0.576412779,-0.81715868,-0.866025404,-0.5,0.923879533,0.382683432,2022-08-07,0.0,0.0
6154.0,2022.0,8.0,7.0,5.0,23.1,0.0,0.8,0.0,0.0,1009.5,89.0,0.0,13.36,0,-0.576705799,-0.816951909,-0.866025404,-0.5,0.965925826,0.258819045,2022-08-07,0.0,0.0
6155.0,2022.0,8.0,7.0,5.5,23.35,0.0,0.65,0.0,15.27777778,1009.85,88.5,0.027209598,16.42,0,-0.576998745,-0.816745033,-0.866025404,-0.5,0.991444861,0.130526192,2022-08-07,0.44334000000000007,0.4467815991600001
6156.0,2022.0,8.0,7.0,6.0,23.6,0.0,0.5,0.0,30.55555556,1010.2,88.0,0.061423094,13.36,0,-0.577291617,-0.816538051,-0.866025404,-0.5,1.0,6.12574e-17,2022-08-07,0.44334000000000007,1.267394135
6157.0,2022.0,8.0,7.0,6.5,24.35,0.0,0.75,0.0,105.5555556,1010.2,87.0,0.192293757,12.09,0,-0.577584414,-0.816330965,-0.866025404,-0.5,0.991444861,-0.130526192,2022-08-07,0.44334000000000007,3.59222565713
6158.0,2022.0,8.0,7.0,7.0,25.1,0.0,1.0,0.0,180.5555556,1010.2,86.0,0.351573508,15.0,0,-0.577877137,-0.816123774,-0.866025404,-0.5,0.965925826,-0.258819045,2022-08-07,9.518339999999998,8.86582827713
6159.0,2022.0,8.0,7.0,7.5,25.95,0.0,0.787012575,-0.69290965,309.7222222,1010.1,84.0,0.633260034,11.28,0,-0.578169786,-0.815916478,-0.866025404,-0.5,0.923879533,-0.382683432,2022-08-07,9.518339999999998,16.009001460649998
6160.0,2022.0,8.0,7.0,8.0,26.8,0.0,0.574025149,-1.385819299,438.8888889,1010.0,82.0,0.8450642,6.36,0,-0.57846236,-0.815709077,-0.866025404,-0.5,0.866025404,-0.5,2022-08-07,9.518339999999998,21.383609772649997
6161.0,2022.0,8.0,7.0,8.5,27.45,0.0,0.287012574,-2.19290965,512.5,1009.85,79.0,0.976732085,4.65,0,-0.57875486,-0.815501571,-0.866025404,-0.5,0.79335334,-0.608761429,2022-08-07,9.518339999999998,25.9254139679
6162.0,2022.0,8.0,7.0,9.0,28.1,0.0,-5.51e-16,-3.0,586.1111111,1009.7,76.0,1.182440895,4.65,0,-0.579047286,-0.81529396,-0.866025404,-0.5,0.707106781,-0.707106781,2022-08-07,9.518339999999998,31.42376412965
6163.0,2022.0,8.0,7.0,9.5,28.25,0.0,-4.04e-16,-2.2,563.8888889,1009.6,74.5,0.998691792,12.72,0,-0.579339637,-0.815086244,-0.866025404,-0.5,0.608761429,-0.79335334,2022-08-07,17.60826,44.12712372389
6164.0,2022.0,8.0,7.0,10.0,28.4,0.0,-2.57e-16,-1.4,541.6666667,1009.5,73.0,1.144393573,13.1,0,-0.579631913,-0.814878424,-0.866025404,-0.5,0.5,-0.866025404,2022-08-07,32.594660000000005,59.11867953019
6165.0,2022.0,8.0,7.0,10.5,28.4,0.0,0.229610059,-1.25432772,400.0,1009.4,75.5,0.8349271,15.43,0,-0.579924115,-0.814670498,-0.866025404,-0.5,0.382683432,-0.923879533,2022-08-07,63.47009,72.00160468319
6166.0,2022.0,8.0,7.0,11.0,28.4,0.0,0.459220119,-1.108655439,258.3333333,1009.3,78.0,0.494888226,13.1,0,-0.580216243,-0.814462468,-0.866025404,-0.5,0.258819045,-0.965925826,2022-08-07,63.47009,78.48464044379
6167.0,2022.0,8.0,7.0,11.5,28.3,0.0,0.497488462,0.092387953,293.0555556,1009.05,78.0,0.670752121,15.0,0,-0.580508295,-0.814254333,-0.866025404,-0.5,0.130526192,-0.991444861,2022-08-07,63.47009,88.54592225879
6168.0,2022.0,8.0,7.0,12.0,28.2,0.0,0.535756805,1.293431346,327.7777778,1008.8,78.0,0.669012489,17.05,0,-0.580800273,-0.814046094,-0.866025404,-0.5,1.22515e-16,-1.0,2022-08-07,74.87654,99.95258519624
6169.0,2022.0,8.0,7.0,12.5,28.25,0.0,1.317878402,0.646715673,309.7222223,1008.85,79.5,0.5794922,19.52,0,-0.581092177,-0.813837749,-0.866025404,-0.5,-0.130526192,-0.991444861,2022-08-07,125.21862000000002,111.26427294023999
6170.0,2022.0,8.0,7.0,13.0,28.3,0.0,2.1,0.0,291.6666667,1008.9,81.0,0.572761009,20.0,0,-0.581384006,-0.8136293,-0.866025404,-0.5,-0.258819045,-0.965925826,2022-08-07,176.67862000000002,122.71949312023999
6171.0,2022.0,8.0,7.0,13.5,28.95,0.0,2.066267486,-0.420951776,500.0,1008.75,78.0,1.041378356,16.24,0,-0.581675759,-0.813420747,-0.866025404,-0.5,-0.382683432,-0.923879533,2022-08-07,176.67862000000002,139.63147762167998
6172.0,2022.0,8.0,7.0,14.0,29.6,0.0,2.032534972,-0.841903551,708.3333333,1008.6,75.0,1.410579282,15.15,0,-0.581967439,-0.813212088,-0.866025404,-0.5,-0.5,-0.866025404,2022-08-07,176.67862000000002,161.00175374397998
6173.0,2022.0,8.0,7.0,14.5,29.85,0.0,2.217310879,-0.918440238,715.2777778,1008.6,73.5,1.240779998,17.8,0,-0.582259043,-0.813003325,-0.866025404,-0.5,-0.608761429,-0.79335334,2022-08-07,176.67862000000002,183.08763770838
6174.0,2022.0,8.0,7.0,15.0,30.1,0.0,2.402086785,-0.994976924,722.2222222,1008.6,72.0,1.455861942,18.22,0,-0.582550572,-0.812794458,-0.866025404,-0.5,-0.707106781,-0.707106781,2022-08-07,197.6134,209.61344229161998
6175.0,2022.0,8.0,7.0,15.5,29.85,0.0,2.448280762,-1.014111096,608.3333333,1008.35,74.5,1.218656014,19.97,0,-0.582842027,-0.812585486,-0.866025404,-0.5,-0.79335334,-0.608761429,2022-08-07,221.95683000000002,233.95000289119997
6176.0,2022.0,8.0,7.0,16.0,29.6,0.0,2.494474738,-1.033245267,494.4444444,1008.1,77.0,1.069600671,20.18,0,-0.583133406,-0.812376409,-0.866025404,-0.5,-0.866025404,-0.5,2022-08-07,243.54943000000003,255.53454443197998
6177.0,2022.0,8.0,7.0,16.5,29.3,0.0,2.237186863,-1.506572127,412.5,1008.15,77.0,0.840126884,22.0,0,-0.583424711,-0.812167229,-0.866025404,-0.5,-0.923879533,-0.382683432,2022-08-07,262.02943000000005,274.01733587998
6178.0,2022.0,8.0,7.0,17.0,29.0,0.0,1.979898987,-1.979898987,330.5555556,1008.2,77.0,0.747339349,29.42,0,-0.58371594,-0.811957943,-0.866025404,-0.5,-0.965925826,-0.258819045,2022-08-07,284.00617000000005,296.00405952756
6179.0,2022.0,8.0,7.0,17.5,28.7,0.0,1.909188309,-1.909188309,231.9444445,1008.3,79.5,0.427857302,29.99,0,-0.584007094,-0.811748553,-0.866025404,-0.5,-0.991444861,-0.130526192,2022-08-07,296.84189000000003,308.83550001454
6180.0,2022.0,8.0,7.0,18.0,28.4,0.0,1.838477631,-1.838477631,133.3333333,1008.4,82.0,0.270435141,36.3,0,-0.584298174,-0.811539059,-0.866025404,-0.5,-1.0,-1.83772e-16,2022-08-07,379.24289000000005,318.65229563284
6181.0,2022.0,8.0,7.0,18.5,28.0,0.0,1.661700935,-1.661700935,72.22222221,1008.65,85.5,0.14470997,31.78,0,-0.584589178,-0.81132946,-0.866025404,-0.5,-0.991444861,0.130526192,2022-08-07,379.24289000000005,323.25117847944
6182.0,2022.0,8.0,7.0,19.0,27.6,0.0,1.48492424,-1.48492424,11.11111111,1008.9,89.0,0.013166585,35.0,0,-0.584880107,-0.811119757,-0.866025404,-0.5,-0.965925826,0.258819045,2022-08-07,384.87789000000004,323.71200895444
6183.0,2022.0,8.0,7.0,19.5,27.4,0.0,1.272792206,-1.272792206,5.555555555,1009.25,90.0,0.002198809,32.0,0,-0.58517096,-0.81090995,-0.866025404,-0.5,-0.923879533,0.382683432,2022-08-07,384.87789000000004,323.78237084244
6184.0,2022.0,8.0,7.0,20.0,27.2,0.0,1.060660172,-1.060660172,0.0,1009.6,91.0,0.0,29.99,0,-0.585461739,-0.810700039,-0.866025404,-0.5,-0.866025404,0.5,2022-08-07,384.87789000000004,323.78237084244
6185.0,2022.0,8.0,7.0,20.5,27.05,0.0,1.177045759,-0.798208489,0.0,1009.85,91.5,0.0,31.83,0,-0.585752442,-0.810490023,-0.866025404,-0.5,-0.79335334,0.608761429,2022-08-07,384.87789000000004,323.78237084244
6186.0,2022.0,8.0,7.0,21.0,26.9,0.0,1.293431346,-0.535756805,0.0,1010.1,92.0,0.0,31.86,0,-0.58604307,-0.810279903,-0.866025404,-0.5,-0.707106781,0.707106781,2022-08-07,384.87789000000004,323.78237084244
6187.0,2022.0,8.0,7.0,21.5,26.6,0.0,1.070979742,-0.692142471,0.0,1010.1,93.5,0.0,29.99,0,-0.586333622,-0.810069678,-0.866025404,-0.5,-0.608761429,0.79335334,2022-08-07,384.87789000000004,323.78237084244
6188.0,2022.0,8.0,7.0,22.0,26.3,0.0,0.848528137,-0.848528137,0.0,1010.1,95.0,0.0,24.15,0,-0.586624099,-0.80985935,-0.866025404,-0.5,-0.5,0.866025404,2022-08-07,384.87789000000004,323.78237084244
6189.0,2022.0,8.0,7.0,22.5,26.0,0.0,0.424264068,-0.924264069,0.0,1010.45,95.0,0.0,35.0,0,-0.586914501,-0.809648917,-0.866025404,-0.5,-0.382683432,0.923879533,2022-08-07,454.84289,323.78237084244
6190.0,2022.0,8.0,7.0,23.0,25.7,0.0,-1.84e-16,-1.0,0.0,1010.8,95.0,0.0,20.9,0,-0.587204827,-0.80943838,-0.866025404,-0.5,-0.258819045,0.965925826,2022-08-07,454.84289,323.78237084244
6191.0,2022.0,8.0,7.0,23.5,25.85,0.0,0.671751442,-1.171751442,0.0,1010.35,95.0,0.0,20.0,0,-0.587495077,-0.809227739,-0.866025404,-0.5,-0.130526192,0.991444861,2022-08-07,454.84289,323.78237084244
6192.0,2022.0,8.0,8.0,0.0,26.0,0.0,1.343502884,-1.343502884,0.0,1009.9,95.0,0.0,17.72,0,-0.587785252,-0.809016994,-0.866025404,-0.5,-2.4503e-16,1.0,2022-08-08,0.0,0.0
6193.0,2022.0,8.0,8.0,0.5,25.75,0.0,0.958764017,-1.364661092,0.0,1009.7,96.0,0.0,20.18,0,-0.588075352,-0.808806145,-0.866025404,-0.5,0.130526192,0.991444861,2022-08-08,0.0,0.0
6194.0,2022.0,8.0,8.0,1.0,25.5,0.0,0.574025149,-1.385819299,0.0,1009.5,97.0,0.0,17.8,0,-0.588365375,-0.808595192,-0.866025404,-0.5,0.258819045,0.965925826,2022-08-08,0.0,0.0
6195.0,2022.0,8.0,8.0,1.5,25.3,0.0,0.958764017,-1.364661092,0.0,1009.3,97.5,0.0,16.88,0,-0.588655324,-0.808384135,-0.866025404,-0.5,0.382683432,0.923879533,2022-08-08,0.0,0.0
6196.0,2022.0,8.0,8.0,2.0,25.1,0.0,1.343502884,-1.343502884,0.0,1009.1,98.0,0.0,16.68,0,-0.588945196,-0.808172974,-0.866025404,-0.5,0.5,0.866025404,2022-08-08,0.0,0.0
6197.0,2022.0,8.0,8.0,2.5,24.85,0.0,1.133691209,-0.863093158,0.0,1009.1,98.5,0.0,16.93,0,-0.589234993,-0.807961709,-0.866025404,-0.5,0.608761429,0.79335334,2022-08-08,0.0,0.0
6198.0,2022.0,8.0,8.0,3.0,24.6,0.0,0.923879533,-0.382683432,0.0,1009.1,99.0,0.0,16.93,0,-0.589524713,-0.80775034,-0.866025404,-0.5,0.707106781,0.707106781,2022-08-08,0.0,0.0
6199.0,2022.0,8.0,8.0,3.5,24.5,0.0,0.850848496,-0.580250445,0.0,1009.15,99.0,0.0,17.4,0,-0.589814358,-0.807538868,-0.866025404,-0.5,0.79335334,0.608761429,2022-08-08,0.0,0.0
6200.0,2022.0,8.0,8.0,4.0,24.4,0.0,0.777817459,-0.777817459,0.0,1009.2,99.0,0.0,17.4,0,-0.590103928,-0.807327291,-0.866025404,-0.5,0.866025404,0.5,2022-08-08,0.0,0.0
6201.0,2022.0,8.0,8.0,4.5,24.5,0.0,0.74246212,-0.74246212,0.0,1009.45,99.5,0.0,17.06,0,-0.590393421,-0.80711561,-0.866025404,-0.5,0.923879533,0.382683432,2022-08-08,0.0,0.0
6202.0,2022.0,8.0,8.0,5.0,24.6,0.0,0.707106781,-0.707106781,0.0,1009.7,100.0,0.0,17.96,0,-0.590682838,-0.806903826,-0.866025404,-0.5,0.965925826,0.258819045,2022-08-08,0.0,0.0
6203.0,2022.0,8.0,8.0,5.5,24.95,0.0,0.636396103,-0.636396103,29.16666667,1009.7,100.0,0.057561596,18.15,0,-0.59097218,-0.806691938,-0.866025404,-0.5,0.991444861,0.130526192,2022-08-08,0.0,1.0447429674
6204.0,2022.0,8.0,8.0,6.0,25.3,0.0,0.565685425,-0.565685425,58.33333333,1009.7,100.0,0.126955976,19.21,0,-0.591261445,-0.806479946,-0.866025404,-0.5,1.0,6.12574e-17,2022-08-08,0.0,3.48356726636
6205.0,2022.0,8.0,8.0,6.5,26.5,0.0,0.627257802,-1.114334292,143.0555556,1009.7,94.0,0.275107612,19.57,0,-0.591550634,-0.806267851,-0.866025404,-0.5,0.991444861,-0.130526192,2022-08-08,0.0,8.8674232332
6206.0,2022.0,8.0,8.0,7.0,27.7,0.0,0.688830178,-1.662983159,227.7777778,1009.7,88.0,0.467921254,19.52,0,-0.591839747,-0.806055652,-0.866025404,-0.5,0.965925826,-0.258819045,2022-08-08,0.0,18.00124611128
6207.0,2022.0,8.0,8.0,7.5,28.45,0.0,0.344415089,-2.68149158,281.9444445,1009.7,84.0,0.587205321,19.21,0,-0.592128785,-0.805843349,-0.866025404,-0.5,0.923879533,-0.382683432,2022-08-08,0.0,29.28146032769
6208.0,2022.0,8.0,8.0,8.0,29.2,0.0,-6.8e-16,-3.7,336.1111111,1009.7,80.0,0.681702328,19.57,0,-0.592417745,-0.805630942,-0.866025404,-0.5,0.866025404,-0.5,2022-08-08,0.0,42.62237488665
6209.0,2022.0,8.0,8.0,8.5,29.9,0.0,-0.671751442,-2.521751442,440.2777778,1009.55,77.5,0.830107825,16.53,0,-0.59270663,-0.805418432,-0.866025404,-0.5,0.79335334,-0.608761429,2022-08-08,0.0,56.3440572339
6210.0,2022.0,8.0,8.0,9.0,30.6,0.0,-1.343502884,-1.343502884,544.4444444,1009.4,75.0,0.97686456,20.0,0,-0.592995439,-0.805205818,-0.866025404,-0.5,0.707106781,-0.707106781,2022-08-08,0.08,75.8813484339
6211.0,2022.0,8.0,8.0,9.5,30.95,0.0,-0.671751442,-2.771751442,643.0555556,1009.5,72.0,1.093033549,20.22,0,-0.593284171,-0.804993101,-0.866025404,-0.5,0.608761429,-0.79335334,2022-08-08,22.180459999999997,97.98248679468
6212.0,2022.0,8.0,8.0,10.0,31.3,0.0,-7.72e-16,-4.2,741.6666667,1009.6,69.0,1.442260597,20.54,0,-0.593572827,-0.80478028,-0.866025404,-0.5,0.5,-0.866025404,2022-08-08,85.48473999999999,127.60651945706
6213.0,2022.0,8.0,8.0,10.5,31.85,0.0,-8.64e-16,-4.7,797.2222223,1009.25,66.0,1.639932951,20.51,0,-0.593861407,-0.804567356,-0.866025404,-0.5,0.382683432,-0.923879533,2022-08-08,85.48473999999999,161.24154428207
6214.0,2022.0,8.0,8.0,11.0,32.4,0.0,-9.56e-16,-5.2,852.7777778,1008.9,63.0,1.644581753,22.94,0,-0.59414991,-0.804354328,-0.866025404,-0.5,0.258819045,-0.965925826,2022-08-08,123.22103999999999,198.96824969589
6215.0,2022.0,8.0,8.0,11.5,32.85,0.0,-0.841903551,-4.632534972,865.2777778,1008.6,62.5,1.796141917,23.57,0,-0.594438337,-0.804141197,-0.866025404,-0.5,0.130526192,-0.991444861,2022-08-08,195.86378,241.30331467957998
6216.0,2022.0,8.0,8.0,12.0,33.3,0.0,-1.683807102,-4.065069943,877.7777778,1008.3,62.0,1.83850107,26.0,0,-0.594726687,-0.803927962,-0.866025404,-0.5,1.22515e-16,-1.0,2022-08-08,295.67778,289.10434249957996
6217.0,2022.0,8.0,8.0,12.5,33.05,0.0,-0.841903551,-4.482534972,858.3333334,1008.0,63.5,1.616453378,20.51,0,-0.595014961,-0.803714624,-0.866025404,-0.5,-0.130526192,-0.991444861,2022-08-08,295.67778,322.25780128236
6218.0,2022.0,8.0,8.0,13.0,32.8,0.0,-9e-16,-4.9,838.8888889,1007.7,65.0,1.670021545,23.1,0,-0.595303158,-0.803501182,-0.866025404,-0.5,-0.258819045,-0.965925826,2022-08-08,295.67778,360.83529897185997
6219.0,2022.0,8.0,8.0,13.5,33.0,0.0,-9.9e-16,-5.4,790.2777778,1007.6,61.5,1.587076883,49.96,0,-0.595591279,-0.803287637,-0.866025404,-0.5,-0.382683432,-0.923879533,2022-08-08,374.9643,440.12566004653996
6220.0,2022.0,8.0,8.0,14.0,33.2,0.0,-1.08e-15,-5.9,741.6666667,1007.5,58.0,1.444208231,51.32,0,-0.595879323,-0.803073989,-0.866025404,-0.5,-0.5,-0.866025404,2022-08-08,519.1735,514.2424264614599
6221.0,2022.0,8.0,8.0,14.5,33.05,0.0,-9.72e-16,-5.3,688.8888889,1007.2,58.5,1.366362377,51.06,0,-0.596167291,-0.802860238,-0.866025404,-0.5,-0.608761429,-0.79335334,2022-08-08,519.1735,584.0088894310799
6222.0,2022.0,8.0,8.0,15.0,32.9,0.0,-8.64e-16,-4.7,636.1111111,1006.9,59.0,1.273381216,52.57,0,-0.596455182,-0.802646383,-0.866025404,-0.5,-0.707106781,-0.707106781,2022-08-08,645.39407,650.9505399561999
6223.0,2022.0,8.0,8.0,15.5,32.05,0.0,-1.109781954,-5.029250645,522.2222222,1006.95,62.0,1.127848322,52.47,0,-0.596742996,-0.802432425,-0.866025404,-0.5,-0.79335334,-0.608761429,2022-08-08,645.39407,710.1287414115399
6224.0,2022.0,8.0,8.0,16.0,31.2,0.0,-2.219563908,-5.358501289,408.3333333,1007.0,65.0,0.863238649,55.11,0,-0.597030733,-0.802218364,-0.866025404,-0.5,-0.866025404,-0.5,2022-08-08,692.9540000000001,757.7018233579298
6225.0,2022.0,8.0,8.0,16.5,31.1,0.0,-1.109781954,-5.329250645,397.2222222,1006.8,67.5,0.752990128,55.11,0,-0.597318394,-0.8020042,-0.866025404,-0.5,-0.923879533,-0.382683432,2022-08-08,734.5069400000001,799.1991093120098
6226.0,2022.0,8.0,8.0,17.0,31.0,0.0,-9.74e-16,-5.3,386.1111111,1006.6,70.0,0.719291102,75.0,0,-0.597605977,-0.801789932,-0.866025404,-0.5,-0.965925826,-0.258819045,2022-08-08,938.43194,853.1459419620098
6227.0,2022.0,8.0,8.0,17.5,30.3,0.0,-9.83e-16,-5.35,248.6111111,1006.8,73.5,0.522263762,55.11,0,-0.597893484,-0.801575562,-0.866025404,-0.5,-0.991444861,-0.130526192,2022-08-08,938.4870500000001,881.9278978858298
6228.0,2022.0,8.0,8.0,18.0,29.6,0.0,-9.92e-16,-5.4,111.1111111,1007.0,77.0,0.210204293,55.11,0,-0.598180914,-0.801361088,-0.866025404,-0.5,-1.0,-1.83772e-16,2022-08-08,939.36881,893.5122564730598
6229.0,2022.0,8.0,8.0,18.5,29.25,0.0,-8.82e-16,-4.8,61.11111111,1007.35,79.5,0.1200231,53.6,0,-0.598468267,-0.801146511,-0.866025404,-0.5,-0.991444861,0.130526192,2022-08-08,939.36881,899.9454946330598
6230.0,2022.0,8.0,8.0,19.0,28.9,0.0,-7.72e-16,-4.2,11.11111111,1007.7,82.0,0.011020983,55.11,0,-0.598755544,-0.800931832,-0.866025404,-0.5,-0.965925826,0.258819045,2022-08-08,1006.10702,900.5528610061898
6231.0,2022.0,8.0,8.0,19.5,28.7,0.0,-6.89e-16,-3.75,5.555555555,1007.85,83.0,0.001252441,55.11,0,-0.599042743,-0.800717049,-0.866025404,-0.5,-0.923879533,0.382683432,2022-08-08,1096.21187,900.6218830296998
6232.0,2022.0,8.0,8.0,20.0,28.5,0.0,-6.06e-16,-3.3,0.0,1008.0,84.0,0.0,52.26,0,-0.599329865,-0.800502163,-0.866025404,-0.5,-0.866025404,0.5,2022-08-08,1096.21187,900.6218830296998
6233.0,2022.0,8.0,8.0,20.5,28.35,0.0,-6.89e-16,-3.75,0.0,1007.9,84.5,0.0,51.85,0,-0.59961691,-0.800287174,-0.866025404,-0.5,-0.79335334,0.608761429,2022-08-08,1096.21187,900.6218830296998
6234.0,2022.0,8.0,8.0,21.0,28.2,0.0,-7.72e-16,-4.2,0.0,1007.8,85.0,0.0,50.68,0,-0.599903878,-0.800072083,-0.866025404,-0.5,-0.707106781,0.707106781,2022-08-08,1096.21187,900.6218830296998
6235.0,2022.0,8.0,8.0,21.5,28.15,0.0,-6.62e-16,-3.6,0.0,1007.8,85.5,0.0,50.12,0,-0.600190768,-0.799856888,-0.866025404,-0.5,-0.608761429,0.79335334,2022-08-08,1096.21187,900.6218830296998
6236.0,2022.0,8.0,8.0,22.0,28.1,0.0,-5.51e-16,-3.0,0.0,1007.8,86.0,0.0,31.86,0,-0.600477582,-0.799641591,-0.866025404,-0.5,-0.5,0.866025404,2022-08-08,1096.21187,900.6218830296998
6237.0,2022.0,8.0,8.0,22.5,28.05,0.0,-5.51e-16,-3.0,0.0,1007.85,85.0,0.0,39.01,0,-0.600764318,-0.799426191,-0.866025404,-0.5,-0.382683432,0.923879533,2022-08-08,1096.21187,900.6218830296998
6238.0,2022.0,8.0,8.0,23.0,28.0,0.0,-5.51e-16,-3.0,0.0,1007.9,84.0,0.0,29.99,0,-0.601050977,-0.799210687,-0.866025404,-0.5,-0.258819045,0.965925826,2022-08-08,1096.21187,900.6218830296998
6239.0,2022.0,8.0,8.0,23.5,27.85,0.0,-4.96e-16,-2.7,0.0,1007.75,85.0,0.0,24.5,0,-0.601337559,-0.798995082,-0.866025404,-0.5,-0.130526192,0.991444861,2022-08-08,1096.21187,900.6218830296998
6240.0,2022.0,8.0,9.0,0.0,27.7,0.0,-4.41e-16,-2.4,0.0,1007.6,86.0,0.0,20.37,0,-0.601624063,-0.798779373,-0.866025404,-0.5,-2.4503e-16,1.0,2022-08-09,0.0,0.0
6241.0,2022.0,8.0,9.0,0.5,27.7,0.0,-0.535756806,-2.493431346,0.0,1007.45,85.0,0.0,24.65,0,-0.60191049,-0.798563562,-0.866025404,-0.5,0.130526192,0.991444861,2022-08-09,0.0,0.0
6242.0,2022.0,8.0,9.0,1.0,27.7,0.0,-1.071513611,-2.586862691,0.0,1007.3,84.0,0.0,23.0,0,-0.60219684,-0.798347647,-0.866025404,-0.5,0.258819045,0.965925826,2022-08-09,0.0,0.0
6243.0,2022.0,8.0,9.0,1.5,27.65,0.0,-0.535756806,-2.543431346,0.0,1007.25,84.0,0.0,20.18,0,-0.602483112,-0.798131631,-0.866025404,-0.5,0.382683432,0.923879533,2022-08-09,0.0,0.0
6244.0,2022.0,8.0,9.0,2.0,27.6,0.0,-4.59e-16,-2.5,0.0,1007.2,84.0,0.0,19.97,0,-0.602769307,-0.797915511,-0.866025404,-0.5,0.5,0.866025404,2022-08-09,0.0,0.0
6245.0,2022.0,8.0,9.0,2.5,27.45,0.0,-0.440085947,-2.312461463,0.0,1007.15,84.5,0.0,19.99,0,-0.603055424,-0.797699289,-0.866025404,-0.5,0.608761429,0.79335334,2022-08-09,0.0,0.0
6246.0,2022.0,8.0,9.0,3.0,27.3,0.0,-0.880171894,-2.124922925,0.0,1007.1,85.0,0.0,19.97,0,-0.603341463,-0.797482965,-0.866025404,-0.5,0.707106781,0.707106781,2022-08-09,0.0,0.0
6247.0,2022.0,8.0,9.0,3.5,27.2,0.0,-0.956708581,-2.309698832,0.0,1007.05,85.0,0.0,19.9,0,-0.603627425,-0.797266537,-0.866025404,-0.5,0.79335334,0.608761429,2022-08-09,0.0,0.0
6248.0,2022.0,8.0,9.0,4.0,27.1,0.0,-1.033245267,-2.494474738,0.0,1007.0,85.0,0.0,19.9,0,-0.603913309,-0.797050008,-0.866025404,-0.5,0.866025404,0.5,2022-08-09,0.0,0.0
6249.0,2022.0,8.0,9.0,4.5,26.85,0.0,-0.516622634,-2.097237369,0.0,1007.3,87.0,0.0,19.9,0,-0.604199116,-0.796833375,-0.866025404,-0.5,0.923879533,0.382683432,2022-08-09,0.0,0.0
6250.0,2022.0,8.0,9.0,5.0,26.6,0.0,-3.12e-16,-1.7,0.0,1007.6,89.0,0.0,19.97,0,-0.604484845,-0.796616641,-0.866025404,-0.5,0.965925826,0.258819045,2022-08-09,0.0,0.0
6251.0,2022.0,8.0,9.0,5.5,27.1,0.0,-3.95e-16,-2.15,27.77777778,1007.6,88.0,0.057095208,19.97,0,-0.604770496,-0.796399803,-0.866025404,-0.5,0.991444861,0.130526192,2022-08-09,0.0,1.14019130376
6252.0,2022.0,8.0,9.0,6.0,27.6,0.0,-4.78e-16,-2.6,55.55555556,1007.6,87.0,0.110689341,19.97,0,-0.60505607,-0.796182864,-0.866025404,-0.5,1.0,6.12574e-17,2022-08-09,0.0,3.35065744353
6253.0,2022.0,8.0,9.0,6.5,28.3,0.0,-0.554890977,-2.639625322,130.5555556,1007.8,83.5,0.25574519,20.18,0,-0.605341565,-0.795965822,-0.866025404,-0.5,0.991444861,-0.130526192,2022-08-09,0.0,8.51159537773
6254.0,2022.0,8.0,9.0,7.0,29.0,0.0,-1.109781954,-2.679250644,205.5555556,1008.0,80.0,0.431124397,20.01,0,-0.605626983,-0.795748677,-0.866025404,-0.5,0.965925826,-0.258819045,2022-08-09,0.0,17.1383945617
6255.0,2022.0,8.0,9.0,7.5,29.65,0.0,-1.205452812,-2.910220528,291.6666667,1007.85,77.0,0.614400354,19.52,0,-0.605912323,-0.795531431,-0.866025404,-0.5,0.923879533,-0.382683432,2022-08-09,0.0,29.13148947178
6256.0,2022.0,8.0,9.0,8.0,30.3,0.0,-1.30112367,-3.141190411,377.7777778,1007.7,74.0,0.772405326,18.0,0,-0.606197585,-0.795314082,-0.866025404,-0.5,0.866025404,-0.5,2022-08-09,0.0,43.03478533978
6257.0,2022.0,8.0,9.0,8.5,30.95,0.0,-0.650561835,-3.470595206,486.1111111,1007.65,72.0,0.950063586,19.57,0,-0.606482769,-0.79509663,-0.866025404,-0.5,0.79335334,-0.608761429,2022-08-09,0.0,61.6275297178
6258.0,2022.0,8.0,9.0,9.0,31.6,0.0,-6.98e-16,-3.8,594.4444444,1007.6,70.0,1.354458922,24.01,0,-0.606767875,-0.794879077,-0.866025404,-0.5,0.707106781,-0.707106781,2022-08-09,13.085450000000002,94.14808843502001
6259.0,2022.0,8.0,9.0,9.5,32.2,0.0,-0.841903551,-3.932534972,661.1111111,1007.55,68.5,1.343911014,39.02,0,-0.607052902,-0.794661421,-0.866025404,-0.5,0.608761429,-0.79335334,2022-08-09,65.52833000000001,146.5874962013
6260.0,2022.0,8.0,9.0,10.0,32.8,0.0,-1.683807102,-4.065069943,727.7777778,1007.5,67.0,1.443842331,49.65,0,-0.607337852,-0.794443663,-0.866025404,-0.5,0.5,-0.866025404,2022-08-09,218.30138,218.27426793545
6261.0,2022.0,8.0,9.0,10.5,33.05,0.0,-1.779477961,-4.296039826,786.1111111,1007.2,65.0,1.633151301,49.58,0,-0.607622724,-0.794225802,-0.866025404,-0.5,0.382683432,-0.923879533,2022-08-09,218.30138,299.24590943903
6262.0,2022.0,8.0,9.0,11.0,33.3,0.0,-1.875148819,-4.527009709,844.4444444,1006.9,63.0,1.56561597,49.68,0,-0.607907518,-0.79400784,-0.866025404,-0.5,0.258819045,-0.965925826,2022-08-09,296.10026,377.02571082863005
6263.0,2022.0,8.0,9.0,11.5,33.35,0.0,-0.93757441,-4.613504855,838.8888889,1006.7,63.0,1.659074866,49.96,0,-0.608192233,-0.793789776,-0.866025404,-0.5,0.130526192,-0.991444861,2022-08-09,378.9839,459.91309113399006
6264.0,2022.0,8.0,9.0,12.0,33.4,0.0,-8.64e-16,-4.7,833.3333333,1006.5,63.0,1.593031505,50.51,0,-0.60847687,-0.793571609,-0.866025404,-0.5,1.22515e-16,-1.0,2022-08-09,459.44633,540.37711245154
6265.0,2022.0,8.0,9.0,12.5,33.4,0.0,-9.57e-16,-5.2,856.9444445,1006.2,63.0,1.651326209,51.23,0,-0.608761429,-0.79335334,-0.866025404,-0.5,-0.130526192,-0.991444861,2022-08-09,544.02706,624.9745541386101
6266.0,2022.0,8.0,9.0,13.0,33.4,0.0,-1.05e-15,-5.7,880.5555556,1005.9,63.0,1.837739045,51.34,0,-0.60904591,-0.79313497,-0.866025404,-0.5,-0.258819045,-0.965925826,2022-08-09,638.38998,719.3240767089101
6267.0,2022.0,8.0,9.0,13.5,33.4,0.0,-1.09e-15,-5.9,844.4444445,1005.7,62.5,1.586140466,53.56,0,-0.609330312,-0.792916497,-0.866025404,-0.5,-0.382683432,-0.923879533,2022-08-09,723.33614,804.2777600678701
6268.0,2022.0,8.0,9.0,14.0,33.4,0.0,-1.12e-15,-6.1,808.3333333,1005.5,62.0,1.653646909,60.12,0,-0.609614636,-0.792697922,-0.866025404,-0.5,-0.5,-0.866025404,2022-08-09,822.77462,903.6950122369501
6269.0,2022.0,8.0,9.0,14.5,33.3,0.0,-1.06e-15,-5.75,745.8333333,1005.3,63.0,1.538931773,75.0,0,-0.609898881,-0.792479246,-0.866025404,-0.5,-0.608761429,-0.79335334,2022-08-09,938.19962,1019.1148952119502
6270.0,2022.0,8.0,9.0,15.0,33.2,0.0,-9.92e-16,-5.4,683.3333333,1005.1,64.0,1.352666022,80.0,0,-0.610183048,-0.792260467,-0.866025404,-0.5,-0.707106781,-0.707106781,2022-08-09,1138.03962,1127.3281769719501
6271.0,2022.0,8.0,9.0,15.5,32.75,0.0,-1.09e-15,-5.9,595.8333333,1005.05,65.5,1.144620876,60.0,0,-0.610467137,-0.792041587,-0.866025404,-0.5,-0.79335334,-0.608761429,2022-08-09,1138.03962,1196.00542953195
6272.0,2022.0,8.0,9.0,16.0,32.3,0.0,-1.18e-15,-6.4,508.3333333,1005.0,67.0,1.075429729,80.01,0,-0.610751147,-0.791822604,-0.866025404,-0.5,-0.866025404,-0.5,2022-08-09,1224.05037,1282.05056214924
6273.0,2022.0,8.0,9.0,16.5,31.8,0.0,-1.12e-15,-6.05,413.8888889,1004.95,68.0,0.792699192,80.12,0,-0.611035078,-0.79160352,-0.866025404,-0.5,-0.923879533,-0.382683432,2022-08-09,1296.71921,1345.5616214122801
6274.0,2022.0,8.0,9.0,17.0,31.3,0.0,-1.05e-15,-5.7,319.4444444,1004.9,69.0,0.66556319,82.0,0,-0.611318931,-0.791384334,-0.866025404,-0.5,-0.965925826,-0.258819045,2022-08-09,1515.33121,1400.13780299228
6275.0,2022.0,8.0,9.0,17.5,30.65,0.0,-9.85e-16,-5.35,193.0555555,1005.0,71.5,0.409993258,80.12,0,-0.611602706,-0.791165046,-0.866025404,-0.5,-0.991444861,-0.130526192,2022-08-09,1699.28673,1432.9864628232401
6276.0,2022.0,8.0,9.0,18.0,30.0,0.0,-9.19e-16,-5.0,66.66666667,1005.1,74.0,0.131556408,80.0,0,-0.611886401,-0.790945657,-0.866025404,-0.5,-1.0,-1.83772e-16,2022-08-09,1699.28673,1443.5109754632401
6277.0,2022.0,8.0,9.0,18.5,29.6,0.0,-9.09e-16,-4.95,40.27777778,1005.2,76.0,0.074780437,80.0,0,-0.612170018,-0.790726166,-0.866025404,-0.5,-0.991444861,0.130526192,2022-08-09,1699.28673,1449.4934104232402
6278.0,2022.0,8.0,9.0,19.0,29.2,0.0,-9e-16,-4.9,13.88888889,1005.3,78.0,0.020599364,80.02,0,-0.612453556,-0.790506573,-0.866025404,-0.5,-0.965925826,0.258819045,2022-08-09,1717.5312900000001,1451.1417715305201
6279.0,2022.0,8.0,9.0,19.5,29.0,0.0,-8.82e-16,-4.8,6.944444445,1005.65,78.5,0.002631624,80.0,0,-0.612737016,-0.790286878,-0.866025404,-0.5,-0.923879533,0.382683432,2022-08-09,1717.7712900000001,1451.3523014505201
6280.0,2022.0,8.0,9.0,20.0,28.8,0.0,-8.64e-16,-4.7,0.0,1006.0,79.0,0.0,53.46,0,-0.613020396,-0.790067082,-0.866025404,-0.5,-0.866025404,0.5,2022-08-09,1717.7712900000001,1451.3523014505201
6281.0,2022.0,8.0,9.0,20.5,28.7,0.0,-8.37e-16,-4.55,0.0,1006.2,79.0,0.0,52.72,0,-0.613303698,-0.789847184,-0.866025404,-0.5,-0.79335334,0.608761429,2022-08-09,1717.7712900000001,1451.3523014505201
6282.0,2022.0,8.0,9.0,21.0,28.6,0.0,-8.09e-16,-4.4,0.0,1006.4,79.0,0.0,51.85,0,-0.613586921,-0.789627184,-0.866025404,-0.5,-0.707106781,0.707106781,2022-08-09,1717.7712900000001,1451.3523014505201
6283.0,2022.0,8.0,9.0,21.5,28.45,0.0,-0.554890977,-3.539625322,0.0,1006.6,79.0,0.0,50.98,0,-0.613870065,-0.789407083,-0.866025404,-0.5,-0.608761429,0.79335334,2022-08-09,1717.7712900000001,1451.3523014505201
6284.0,2022.0,8.0,9.0,22.0,28.3,0.0,-1.109781954,-2.679250644,0.0,1006.8,79.0,0.0,50.12,0,-0.61415313,-0.789186881,-0.866025404,-0.5,-0.5,0.866025404,2022-08-09,1717.7712900000001,1451.3523014505201
6285.0,2022.0,8.0,9.0,22.5,28.2,0.0,-0.918440238,-2.217310878,0.0,1007.1,79.5,0.0,50.12,0,-0.614436116,-0.788966577,-0.866025404,-0.5,-0.382683432,0.923879533,2022-08-09,1717.7712900000001,1451.3523014505201
6286.0,2022.0,8.0,9.0,23.0,28.1,0.0,-0.727098521,-1.755371112,0.0,1007.4,80.0,0.0,49.84,0,-0.614719023,-0.788746171,-0.866025404,-0.5,-0.258819045,0.965925826,2022-08-09,1717.7712900000001,1451.3523014505201
6287.0,2022.0,8.0,9.0,23.5,27.65,0.0,-0.363549261,-1.477685556,0.0,1007.5,81.0,0.0,31.55,0,-0.615001851,-0.788525664,-0.866025404,-0.5,-0.130526192,0.991444861,2022-08-09,1717.7712900000001,1451.3523014505201
6288.0,2022.0,8.0,10.0,0.0,27.2,0.0,-2.21e-16,-1.2,0.0,1007.6,82.0,0.0,24.01,0,-0.6152846,-0.788305056,-0.866025404,-0.5,-2.4503e-16,1.0,2022-08-10,0.0,0.0
6289.0,2022.0,8.0,10.0,0.5,27.35,0.0,0.574025148,-1.985819299,0.0,1007.15,81.0,0.0,26.0,0,-0.61556727,-0.788084346,-0.866025404,-0.5,0.130526192,0.991444861,2022-08-10,0.0,0.0
6290.0,2022.0,8.0,10.0,1.0,27.5,0.0,1.148050297,-2.771638598,0.0,1006.7,80.0,0.0,21.8,0,-0.61584986,-0.787863535,-0.866025404,-0.5,0.258819045,0.965925826,2022-08-10,0.0,0.0
6291.0,2022.0,8.0,10.0,1.5,27.55,0.0,0.574025148,-2.185819299,0.0,1006.5,79.5,0.0,20.01,0,-0.616132372,-0.787642622,-0.866025404,-0.5,0.382683432,0.923879533,2022-08-10,0.0,0.0
6292.0,2022.0,8.0,10.0,2.0,27.6,0.0,-2.94e-16,-1.6,0.0,1006.3,79.0,0.0,20.01,0,-0.616414804,-0.787421609,-0.866025404,-0.5,0.5,0.866025404,2022-08-10,0.0,0.0
6293.0,2022.0,8.0,10.0,2.5,27.2,0.0,-2.85e-16,-1.55,0.0,1006.4,81.0,0.0,19.97,0,-0.616697156,-0.787200494,-0.866025404,-0.5,0.608761429,0.79335334,2022-08-10,0.0,0.0
6294.0,2022.0,8.0,10.0,3.0,26.8,0.0,-2.76e-16,-1.5,0.0,1006.5,83.0,0.0,19.57,0,-0.61697943,-0.786979277,-0.866025404,-0.5,0.707106781,0.707106781,2022-08-10,0.0,0.0
6295.0,2022.0,8.0,10.0,3.5,26.95,0.0,-3.59e-16,-1.95,0.0,1006.5,82.5,0.0,19.31,0,-0.617261624,-0.78675796,-0.866025404,-0.5,0.79335334,0.608761429,2022-08-10,0.0,0.0
6296.0,2022.0,8.0,10.0,4.0,27.1,0.0,-4.41e-16,-2.4,0.0,1006.5,82.0,0.0,18.22,0,-0.617543739,-0.786536541,-0.866025404,-0.5,0.866025404,0.5,2022-08-10,0.0,0.0
6297.0,2022.0,8.0,10.0,4.5,26.9,0.0,-4.05e-16,-2.2,0.0,1006.55,83.5,0.0,17.96,0,-0.617825774,-0.786315021,-0.866025404,-0.5,0.923879533,0.382683432,2022-08-10,0.0,0.0
6298.0,2022.0,8.0,10.0,5.0,26.7,0.0,-3.68e-16,-2.0,0.0,1006.6,85.0,0.0,17.96,0,-0.61810773,-0.7860934,-0.866025404,-0.5,0.965925826,0.258819045,2022-08-10,0.0,0.0
6299.0,2022.0,8.0,10.0,5.5,27.2,0.0,-0.382683433,-1.923879533,33.33333334,1006.8,83.5,0.06764083,18.22,0,-0.618389606,-0.785871678,-0.866025404,-0.5,0.991444861,0.130526192,2022-08-10,0.0,1.2324159226
6300.0,2022.0,8.0,10.0,6.0,27.7,0.0,-0.765366865,-1.847759065,66.66666667,1007.0,82.0,0.127002836,18.22,0,-0.618671403,-0.785649855,-0.866025404,-0.5,1.0,6.12574e-17,2022-08-10,0.0,3.54640759452
6301.0,2022.0,8.0,10.0,6.5,28.5,0.0,-0.382683433,-2.773879533,159.7222222,1007.05,77.5,0.322219452,20.0,0,-0.618953121,-0.785427931,-0.866025404,-0.5,0.991444861,-0.130526192,2022-08-10,0.0,9.99079663452
6302.0,2022.0,8.0,10.0,7.0,29.3,0.0,-6.8e-16,-3.7,252.7777778,1007.1,73.0,0.487710119,20.51,0,-0.619234758,-0.785205906,-0.866025404,-0.5,0.965925826,-0.258819045,2022-08-10,0.0,19.99373117521
6303.0,2022.0,8.0,10.0,7.5,29.85,0.0,-0.784501037,-3.743953042,356.9444445,1007.3,71.0,0.705268931,22.3,0,-0.619516316,-0.784983779,-0.866025404,-0.5,0.923879533,-0.382683432,2022-08-10,0.0,35.72122833651
6304.0,2022.0,8.0,10.0,8.0,30.4,0.0,-1.569002073,-3.787906083,461.1111111,1007.5,69.0,1.001484996,23.69,0,-0.619797795,-0.784761552,-0.866025404,-0.5,0.866025404,-0.5,2022-08-10,0.0,59.446407891750006
6305.0,2022.0,8.0,10.0,8.5,31.05,0.0,-1.53073373,-3.69551813,550.0,1007.45,67.5,1.141455167,20.51,0,-0.620079193,-0.784539224,-0.866025404,-0.5,0.79335334,-0.608761429,2022-08-10,0.0,82.85765336692
6306.0,2022.0,8.0,10.0,9.0,31.7,0.0,-1.492465386,-3.603130177,638.8888889,1007.4,66.0,1.265124123,30.0,0,-0.620360512,-0.784316795,-0.866025404,-0.5,0.707106781,-0.707106781,2022-08-10,33.51,120.81137705692001
6307.0,2022.0,8.0,10.0,9.5,32.35,0.0,-0.746232693,-3.801565089,713.8888889,1007.3,65.5,1.309640513,36.12,0,-0.620641751,-0.784094265,-0.866025404,-0.5,0.608761429,-0.79335334,2022-08-10,80.8272,168.11559238648
6308.0,2022.0,8.0,10.0,10.0,33.0,0.0,-7.35e-16,-4.0,788.8888889,1007.2,65.0,1.524607748,36.9,0,-0.62092291,-0.783871635,-0.866025404,-0.5,0.5,-0.866025404,2022-08-10,137.0997,224.37361828768
6309.0,2022.0,8.0,10.0,10.5,33.2,0.0,-1.109781954,-4.679250645,843.0555556,1007.15,62.0,1.570767651,36.9,0,-0.62120399,-0.783648903,-0.866025404,-0.5,0.382683432,-0.923879533,2022-08-10,195.0696,282.33494460957996
6310.0,2022.0,8.0,10.0,11.0,33.4,0.0,-2.219563908,-5.358501289,897.2222222,1007.1,59.0,2.0,37.12,0,-0.621484989,-0.783426071,-0.866025404,-0.5,0.258819045,-0.965925826,2022-08-10,269.3096,356.57494460958
6311.0,2022.0,8.0,10.0,11.5,33.4,0.0,-2.12389305,-5.127531406,876.3888889,1007.0,61.0,1.60371069,39.01,0,-0.621765909,-0.783203138,-0.866025404,-0.5,0.130526192,-0.991444861,2022-08-10,331.88164,419.13569862647995
6312.0,2022.0,8.0,10.0,12.0,33.4,0.0,-2.028222192,-4.896561522,855.5555556,1006.9,63.0,1.526050115,45.0,0,-0.622046748,-0.782980104,-0.866025404,-0.5,1.22515e-16,-1.0,2022-08-10,477.54664,487.8079538014799
6313.0,2022.0,8.0,10.0,12.5,33.25,0.0,-1.014111096,-5.398280761,848.6111111,1006.8,63.5,1.711412252,37.93,0,-0.622327508,-0.782756969,-0.866025404,-0.5,-0.130526192,-0.991444861,2022-08-10,477.54664,552.7218205198399
6314.0,2022.0,8.0,10.0,13.0,33.1,0.0,-1.08e-15,-5.9,841.6666667,1006.7,64.0,1.7702956,49.46,0,-0.622608188,-0.782533734,-0.866025404,-0.5,-0.258819045,-0.965925826,2022-08-10,565.0908400000001,640.2806408958398
6315.0,2022.0,8.0,10.0,13.5,32.95,0.0,-1.08e-15,-5.9,802.7777778,1006.7,64.0,1.587248145,51.36,0,-0.622888787,-0.782310398,-0.866025404,-0.5,-0.382683432,-0.923879533,2022-08-10,646.5991600000001,721.8017056230399
6316.0,2022.0,8.0,10.0,14.0,32.8,0.0,-1.08e-15,-5.9,763.8888889,1006.7,64.0,1.38591118,52.26,0,-0.623169306,-0.782086962,-0.866025404,-0.5,-0.5,-0.866025404,2022-08-10,719.0315200000001,794.2294238898398
6317.0,2022.0,8.0,10.0,14.5,32.65,0.0,-1.11e-15,-6.05,706.9444445,1006.55,65.0,1.301454682,53.21,0,-0.623449746,-0.781863425,-0.866025404,-0.5,-0.608761429,-0.79335334,2022-08-10,788.2577300000002,863.4798275190599
6318.0,2022.0,8.0,10.0,15.0,32.5,0.0,-1.14e-15,-6.2,650.0,1006.4,66.0,1.356625305,59.23,0,-0.623730105,-0.781639787,-0.866025404,-0.5,-0.707106781,-0.707106781,2022-08-10,868.6920700000002,943.8327443342099
6319.0,2022.0,8.0,10.0,15.5,32.2,0.0,-1.21e-15,-6.55,583.3333334,1006.5,67.5,1.042688675,59.23,0,-0.624010384,-0.781416049,-0.866025404,-0.5,-0.79335334,-0.608761429,2022-08-10,930.4097300000002,1005.5911945544599
6320.0,2022.0,8.0,10.0,16.0,31.9,0.0,-1.27e-15,-6.9,516.6666667,1006.6,69.0,1.092311357,59.24,0,-0.624290582,-0.78119221,-0.866025404,-0.5,-0.866025404,-0.5,2022-08-10,1048.1788500000002,1070.29971934314
6321.0,2022.0,8.0,10.0,16.5,31.6,0.0,-1.09e-15,-5.9,416.6666667,1006.6,69.5,0.838053195,59.23,0,-0.6245707,-0.780968271,-0.866025404,-0.5,-0.923879533,-0.382683432,2022-08-10,1048.1788500000002,1119.93761008299
6322.0,2022.0,8.0,10.0,17.0,31.3,0.0,-9e-16,-4.9,316.6666667,1006.6,70.0,0.723384502,60.0,0,-0.624850738,-0.780744231,-0.866025404,-0.5,-0.965925826,-0.258819045,2022-08-10,1211.5588500000003,1163.34068020299
6323.0,2022.0,8.0,10.0,17.5,30.5,0.0,-9.46e-16,-5.15,218.0555556,1006.95,72.5,0.468942546,59.24,0,-0.625130696,-0.780520091,-0.866025404,-0.5,-0.991444861,-0.130526192,2022-08-10,1354.3864900000003,1191.12083662803
6324.0,2022.0,8.0,10.0,18.0,29.7,0.0,-9.92e-16,-5.4,119.4444444,1007.3,75.0,0.230944107,59.23,0,-0.625410573,-0.780295851,-0.866025404,-0.5,-1.0,-1.83772e-16,2022-08-10,1354.6234100000004,1204.79965608564
6325.0,2022.0,8.0,10.0,18.5,29.35,0.0,-9.55e-16,-5.2,63.88888887,1007.45,77.0,0.125190215,59.23,0,-0.62569037,-0.78007151,-0.866025404,-0.5,-0.991444861,0.130526192,2022-08-10,1355.2157100000004,1212.21467252009
6326.0,2022.0,8.0,10.0,19.0,29.0,0.0,-9.19e-16,-5.0,8.333333333,1007.6,79.0,0.005147644,59.23,0,-0.625970086,-0.779847069,-0.866025404,-0.5,-0.965925826,0.258819045,2022-08-10,1358.1179800000004,1212.5195674742101
6327.0,2022.0,8.0,10.0,19.5,28.85,0.0,-9.46e-16,-5.15,4.166666667,1007.85,79.0,1.63e-05,59.23,0,-0.626249722,-0.779622528,-0.866025404,-0.5,-0.923879533,0.382683432,2022-08-10,1375.7685200000005,1212.52053292321
6328.0,2022.0,8.0,10.0,20.0,28.7,0.0,-9.74e-16,-5.3,0.0,1008.1,79.0,0.0,53.33,0,-0.626529277,-0.779397886,-0.866025404,-0.5,-0.866025404,0.5,2022-08-10,1375.7685200000005,1212.52053292321
6329.0,2022.0,8.0,10.0,20.5,28.55,0.0,-9.1e-16,-4.95,0.0,1008.4,79.5,0.0,53.33,0,-0.626808752,-0.779173144,-0.866025404,-0.5,-0.79335334,0.608761429,2022-08-10,1375.7685200000005,1212.52053292321
6330.0,2022.0,8.0,10.0,21.0,28.4,0.0,-8.45e-16,-4.6,0.0,1008.7,80.0,0.0,52.49,0,-0.627088146,-0.778948302,-0.866025404,-0.5,-0.707106781,0.707106781,2022-08-10,1375.7685200000005,1212.52053292321
6331.0,2022.0,8.0,10.0,21.5,28.2,0.0,0.631427663,-3.824401228,0.0,1008.5,80.5,0.0,50.42,0,-0.627367459,-0.77872336,-0.866025404,-0.5,-0.608761429,0.79335334,2022-08-10,1375.7685200000005,1212.52053292321
6332.0,2022.0,8.0,10.0,22.0,28.0,0.0,1.262855327,-3.048802457,0.0,1008.3,81.0,0.0,49.63,0,-0.627646692,-0.778498318,-0.866025404,-0.5,-0.5,0.866025404,2022-08-10,1375.7685200000005,1212.52053292321
6333.0,2022.0,8.0,10.0,22.5,27.9,0.0,0.631427663,-2.774401229,0.0,1008.4,81.5,0.0,49.58,0,-0.627925843,-0.778273175,-0.866025404,-0.5,-0.382683432,0.923879533,2022-08-10,1375.7685200000005,1212.52053292321
6334.0,2022.0,8.0,10.0,23.0,27.8,0.0,-4.59e-16,-2.5,0.0,1008.5,82.0,0.0,49.4,0,-0.628204915,-0.778047932,-0.866025404,-0.5,-0.258819045,0.965925826,2022-08-10,1375.7685200000005,1212.52053292321
6335.0,2022.0,8.0,10.0,23.5,27.75,0.0,-4.96e-16,-2.7,0.0,1008.4,83.0,0.0,37.57,0,-0.628483905,-0.77782259,-0.866025404,-0.5,-0.130526192,0.991444861,2022-08-10,1375.7685200000005,1212.52053292321
6336.0,2022.0,8.0,11.0,0.0,27.7,0.0,-5.33e-16,-2.9,0.0,1008.3,84.0,0.0,29.99,0,-0.628762815,-0.777597147,-0.866025404,-0.5,-2.4503e-16,1.0,2022-08-11,0.0,0.0
6337.0,2022.0,8.0,11.0,0.5,27.5,0.0,-6.25e-16,-3.4,0.0,1008.1,84.5,0.0,21.92,0,-0.629041643,-0.777371604,-0.866025404,-0.5,0.130526192,0.991444861,2022-08-11,0.0,0.0
6338.0,2022.0,8.0,11.0,1.0,27.3,0.0,-7.17e-16,-3.9,0.0,1007.9,85.0,0.0,20.22,0,-0.629320391,-0.777145961,-0.866025404,-0.5,0.258819045,0.965925826,2022-08-11,0.0,0.0
6339.0,2022.0,8.0,11.0,1.5,27.15,0.0,-0.535756806,-3.243431346,0.0,1007.9,85.0,0.0,20.22,0,-0.629599058,-0.776920219,-0.866025404,-0.5,0.382683432,0.923879533,2022-08-11,0.0,0.0
6340.0,2022.0,8.0,11.0,2.0,27.0,0.0,-1.071513611,-2.586862691,0.0,1007.9,85.0,0.0,20.18,0,-0.629877644,-0.776694376,-0.866025404,-0.5,0.5,0.866025404,2022-08-11,0.0,0.0
6341.0,2022.0,8.0,11.0,2.5,26.85,0.0,-0.535756806,-2.543431346,0.0,1007.7,84.0,0.0,20.01,0,-0.630156149,-0.776468434,-0.866025404,-0.5,0.608761429,0.79335334,2022-08-11,0.0,0.0
6342.0,2022.0,8.0,11.0,3.0,26.7,0.0,-4.59e-16,-2.5,0.0,1007.5,83.0,0.0,20.18,0,-0.630434572,-0.776242391,-0.866025404,-0.5,0.707106781,0.707106781,2022-08-11,0.0,0.0
6343.0,2022.0,8.0,11.0,3.5,25.95,0.0,-0.287012575,-1.94290965,0.0,1007.5,85.5,0.0,20.01,0,-0.630712915,-0.776016249,-0.866025404,-0.5,0.79335334,0.608761429,2022-08-11,0.0,0.0
6344.0,2022.0,8.0,11.0,4.0,25.2,0.0,-0.574025149,-1.385819299,0.0,1007.5,88.0,0.0,20.01,0,-0.630991177,-0.775790007,-0.866025404,-0.5,0.866025404,0.5,2022-08-11,0.0,0.0
6345.0,2022.0,8.0,11.0,4.5,24.7,0.0,-0.569855287,-0.975752362,1.388888889,1007.7,91.5,0.000254722,20.01,0,-0.631269357,-0.775563665,-0.866025404,-0.5,0.923879533,0.382683432,2022-08-11,0.0,0.00509698722
6346.0,2022.0,8.0,11.0,5.0,24.2,0.0,-0.565685425,-0.565685425,2.777777778,1007.9,95.0,0.001397311,20.01,0,-0.631547456,-0.775337224,-0.866025404,-0.5,0.965925826,0.258819045,2022-08-11,0.020010000000000003,0.033057180330000005
6347.0,2022.0,8.0,11.0,5.5,25.2,0.0,0.042438205,-1.068140315,40.27777778,1008.0,90.5,0.08077706,19.52,0,-0.631825474,-0.775110682,-0.866025404,-0.5,0.991444861,0.130526192,2022-08-11,0.020010000000000003,1.6098253915299998
6348.0,2022.0,8.0,11.0,6.0,26.2,0.0,0.650561835,-1.570595205,77.77777778,1008.1,86.0,0.165418494,17.26,0,-0.632103411,-0.774884041,-0.866025404,-0.5,1.0,6.12574e-17,2022-08-11,0.020010000000000003,4.46494859797
6349.0,2022.0,8.0,11.0,6.5,27.05,0.0,0.325280917,-1.985297603,99.99999999,1008.1,83.0,0.204847164,20.0,0,-0.632381267,-0.774657301,-0.866025404,-0.5,0.991444861,-0.130526192,2022-08-11,9.040009999999999,8.56189187797
6350.0,2022.0,8.0,11.0,7.0,27.9,0.0,-4.41e-16,-2.4,122.2222222,1008.1,80.0,0.233729692,18.0,0,-0.632659041,-0.77443046,-0.866025404,-0.5,0.965925826,-0.258819045,2022-08-11,9.040009999999999,12.76902633397
6351.0,2022.0,8.0,11.0,7.5,29.0,0.0,-0.994976924,-3.602086785,290.2777778,1008.1,76.0,0.590967949,19.99,0,-0.632936734,-0.774203521,-0.866025404,-0.5,0.923879533,-0.382683432,2022-08-11,9.139959999999999,24.582475634479998
6352.0,2022.0,8.0,11.0,8.0,30.1,0.0,-1.989953848,-4.804173569,458.3333333,1008.1,72.0,0.978524229,19.99,0,-0.633214345,-0.773976481,-0.866025404,-0.5,0.866025404,-0.5,2022-08-11,9.299879999999998,44.143174972189996
6353.0,2022.0,8.0,11.0,8.5,30.45,0.0,-1.89428299,-4.573203686,541.6666667,1008.1,69.5,0.989020625,19.99,0,-0.633491875,-0.773749342,-0.866025404,-0.5,0.79335334,-0.608761429,2022-08-11,11.058999999999997,63.913697265939994
6354.0,2022.0,8.0,11.0,9.0,30.8,0.0,-1.798612132,-4.342233803,625.0,1008.1,67.0,1.287991047,19.97,0,-0.633769323,-0.773522104,-0.866025404,-0.5,0.707106781,-0.707106781,2022-08-11,11.058999999999997,89.63487847453
6355.0,2022.0,8.0,11.0,9.5,30.8,0.0,-2.066490534,-4.988949476,611.1111111,1008.1,66.0,1.203744098,19.99,0,-0.63404669,-0.773294766,-0.866025404,-0.5,0.608761429,-0.79335334,2022-08-11,34.72716,113.69772299355
6356.0,2022.0,8.0,11.0,10.0,30.8,0.0,-2.334368937,-5.635665148,597.2222222,1008.1,65.0,1.183331346,20.18,0,-0.634323976,-0.773067328,-0.866025404,-0.5,0.5,-0.866025404,2022-08-11,98.9601,137.57734955583
6357.0,2022.0,8.0,11.0,10.5,30.95,0.0,-1.167184469,-5.467832574,561.1111111,1007.85,65.5,1.080850438,20.18,0,-0.634601179,-0.772839791,-0.866025404,-0.5,0.382683432,-0.923879533,2022-08-11,161.13468,159.38891139467
6358.0,2022.0,8.0,11.0,11.0,31.1,0.0,-9.74e-16,-5.3,525.0,1007.6,66.0,1.022430981,19.97,0,-0.634878302,-0.772612155,-0.866025404,-0.5,0.258819045,-0.965925826,2022-08-11,161.13468,179.80685808524
6359.0,2022.0,8.0,11.0,11.5,32.25,0.0,-9.01e-16,-4.9,637.5,1007.35,64.5,1.232334754,19.99,0,-0.635155342,-0.772384419,-0.866025404,-0.5,0.130526192,-0.991444861,2022-08-11,161.13468,204.44122981770002
6360.0,2022.0,8.0,11.0,12.0,33.4,0.0,-8.27e-16,-4.5,750.0,1007.1,63.0,1.684213773,19.97,0,-0.635432301,-0.772156584,-0.866025404,-0.5,1.22515e-16,-1.0,2022-08-11,161.13468,238.07497886451
6361.0,2022.0,8.0,11.0,12.5,33.4,0.0,-9.29e-16,-5.05,787.5,1006.9,62.0,1.529282845,20.01,0,-0.635709178,-0.77192865,-0.866025404,-0.5,-0.130526192,-0.991444861,2022-08-11,190.48935,268.67592859296
6362.0,2022.0,8.0,11.0,13.0,33.4,0.0,-1.03e-15,-5.6,825.0,1006.7,61.0,1.691147623,20.22,0,-0.635985973,-0.771700617,-0.866025404,-0.5,-0.258819045,-0.965925826,2022-08-11,224.72181,302.87093353002
6363.0,2022.0,8.0,11.0,13.5,33.05,0.0,-1.08e-15,-5.85,830.5555556,1006.65,62.5,1.51533879,20.22,0,-0.636262687,-0.771472484,-0.866025404,-0.5,-0.382683432,-0.923879533,2022-08-11,255.31467,333.51108386382003
6364.0,2022.0,8.0,11.0,14.0,32.7,0.0,-1.12e-15,-6.1,836.1111111,1006.6,64.0,1.700399333,20.9,0,-0.636539319,-0.771244252,-0.866025404,-0.5,-0.5,-0.866025404,2022-08-11,290.84467,369.04942992352005
6365.0,2022.0,8.0,11.0,14.5,32.45,0.0,-1.19e-15,-6.45,763.8888889,1006.5,64.5,1.546221793,30.0,0,-0.636815868,-0.771015921,-0.866025404,-0.5,-0.608761429,-0.79335334,2022-08-11,375.98467,415.43608371352
6366.0,2022.0,8.0,11.0,15.0,32.2,0.0,-1.25e-15,-6.8,691.6666667,1006.4,65.0,1.29211832,29.99,0,-0.637092336,-0.77078749,-0.866025404,-0.5,-0.707106781,-0.707106781,2022-08-11,375.98467,454.18671213032
6367.0,2022.0,8.0,11.0,15.5,31.7,0.0,-1.25e-15,-6.8,618.0555556,1006.35,66.5,1.284021963,35.49,0,-0.637368722,-0.770558961,-0.866025404,-0.5,-0.79335334,-0.608761429,2022-08-11,421.55383,499.75665159719
6368.0,2022.0,8.0,11.0,16.0,31.2,0.0,-1.25e-15,-6.8,544.4444444,1006.3,68.0,1.214374201,45.0,0,-0.637645026,-0.770330332,-0.866025404,-0.5,-0.866025404,-0.5,2022-08-11,476.18383,554.40349064219
6369.0,2022.0,8.0,11.0,16.5,30.8,0.0,-1.14e-15,-6.2,425.0,1006.3,69.5,0.882702292,50.55,0,-0.637921248,-0.770101604,-0.866025404,-0.5,-0.923879533,-0.382683432,2022-08-11,520.81948,599.02409150279
6370.0,2022.0,8.0,11.0,17.0,30.4,0.0,-1.03e-15,-5.6,305.5555556,1006.3,71.0,0.622268023,51.48,0,-0.638197388,-0.769872777,-0.866025404,-0.5,-0.965925826,-0.258819045,2022-08-11,552.84004,631.05844932683
6371.0,2022.0,8.0,11.0,17.5,29.8,0.0,-9.93e-16,-5.4,216.6666667,1006.3,73.5,0.434659522,51.96,0,-0.638473446,-0.769643852,-0.866025404,-0.5,-0.991444861,-0.130526192,2022-08-11,679.36264,653.64335808995
6372.0,2022.0,8.0,11.0,18.0,29.2,0.0,-9.56e-16,-5.2,127.7777778,1006.3,76.0,0.257600995,51.97,0,-0.638749422,-0.769414827,-0.866025404,-0.5,-1.0,-1.83772e-16,2022-08-11,796.7109,667.0308818001
6373.0,2022.0,8.0,11.0,18.5,28.75,0.0,-1e-15,-5.45,68.05555557,1006.5,78.0,0.137593199,51.73,0,-0.639025316,-0.769185703,-0.866025404,-0.5,-0.991444861,0.130526192,2022-08-11,803.84964,674.14857798437
6374.0,2022.0,8.0,11.0,19.0,28.3,0.0,-1.05e-15,-5.7,8.333333333,1006.7,80.0,0.006368522,51.65,0,-0.639301127,-0.76895648,-0.866025404,-0.5,-0.965925826,0.258819045,2022-08-11,804.15954,674.4775121456701
6375.0,2022.0,8.0,11.0,19.5,28.25,0.0,-1.02e-15,-5.55,4.166666667,1006.85,79.5,0.000420301,51.48,0,-0.639576856,-0.768727159,-0.866025404,-0.5,-0.923879533,0.382683432,2022-08-11,804.15954,674.49914924115
6376.0,2022.0,8.0,11.0,20.0,28.2,0.0,-9.92e-16,-5.4,0.0,1007.0,79.0,0.0,50.15,0,-0.639852503,-0.768497739,-0.866025404,-0.5,-0.866025404,0.5,2022-08-11,804.15954,674.49914924115
6377.0,2022.0,8.0,11.0,20.5,28.05,0.0,-9.92e-16,-5.4,0.0,1007.25,80.0,0.0,49.37,0,-0.640128068,-0.768268219,-0.866025404,-0.5,-0.79335334,0.608761429,2022-08-11,804.15954,674.49914924115
6378.0,2022.0,8.0,11.0,21.0,27.9,0.0,-9.92e-16,-5.4,0.0,1007.5,81.0,0.0,45.64,0,-0.64040355,-0.768038601,-0.866025404,-0.5,-0.707106781,0.707106781,2022-08-11,804.15954,674.49914924115
6379.0,2022.0,8.0,11.0,21.5,27.9,0.0,-1.128916126,-5.425444621,0.0,1007.35,81.0,0.0,44.03,0,-0.64067895,-0.767808884,-0.866025404,-0.5,-0.608761429,0.79335334,2022-08-11,804.15954,674.49914924115
6380.0,2022.0,8.0,11.0,22.0,27.9,0.0,-2.257832251,-5.450889242,0.0,1007.2,81.0,0.0,36.83,0,-0.640954268,-0.767579069,-0.866025404,-0.5,-0.5,0.866025404,2022-08-11,804.15954,674.49914924115
6381.0,2022.0,8.0,11.0,22.5,27.65,0.0,-1.128916126,-5.375444621,0.0,1007.0,82.0,0.0,34.84,0,-0.641229503,-0.767349154,-0.866025404,-0.5,-0.382683432,0.923879533,2022-08-11,804.15954,674.49914924115
6382.0,2022.0,8.0,11.0,23.0,27.4,0.0,-9.74e-16,-5.3,0.0,1006.8,83.0,0.0,25.0,0,-0.641504655,-0.767119141,-0.866025404,-0.5,-0.258819045,0.965925826,2022-08-11,804.15954,674.49914924115
6383.0,2022.0,8.0,11.0,23.5,27.4,0.0,-0.994976924,-5.052086785,0.0,1006.7,84.5,0.0,20.8,0,-0.641779726,-0.76688903,-0.866025404,-0.5,-0.130526192,0.991444861,2022-08-11,804.15954,674.49914924115
6384.0,2022.0,8.0,12.0,0.0,27.4,0.0,-1.989953848,-4.804173569,0.0,1006.6,86.0,0.0,20.01,0,-0.642054713,-0.766658819,-0.866025404,-0.5,-2.4503e-16,1.0,2022-08-12,0.0,0.0
6385.0,2022.0,8.0,12.0,0.5,27.4,0.0,-2.028222192,-4.896561523,0.0,1006.6,86.0,0.0,21.8,0,-0.642329618,-0.76642851,-0.866025404,-0.5,0.130526192,0.991444861,2022-08-12,0.0,0.0
6386.0,2022.0,8.0,12.0,1.0,27.4,0.0,-2.066490535,-4.988949476,0.0,1006.6,86.0,0.0,20.9,0,-0.642604441,-0.766198103,-0.866025404,-0.5,0.258819045,0.965925826,2022-08-12,0.0,0.0
6387.0,2022.0,8.0,12.0,1.5,27.35,0.0,-1.033245268,-5.294474738,0.0,1006.4,86.5,0.0,20.51,0,-0.64287918,-0.765967597,-0.866025404,-0.5,0.382683432,0.923879533,2022-08-12,0.0,0.0
6388.0,2022.0,8.0,12.0,2.0,27.3,0.0,-1.03e-15,-5.6,0.0,1006.2,87.0,0.0,20.22,0,-0.643153837,-0.765736992,-0.866025404,-0.5,0.5,0.866025404,2022-08-12,0.0,0.0
6389.0,2022.0,8.0,12.0,2.5,27.25,0.0,-1.04e-15,-5.65,0.0,1006.3,86.5,0.0,20.22,0,-0.643428412,-0.765506289,-0.866025404,-0.5,0.608761429,0.79335334,2022-08-12,0.0,0.0
6390.0,2022.0,8.0,12.0,3.0,27.2,0.0,-1.05e-15,-5.7,0.0,1006.4,86.0,0.0,20.22,0,-0.643702903,-0.765275488,-0.866025404,-0.5,0.707106781,0.707106781,2022-08-12,0.0,0.0
6391.0,2022.0,8.0,12.0,3.5,27.2,0.0,-1.033245268,-5.344474738,0.0,1006.65,86.5,0.0,20.22,0,-0.643977312,-0.765044588,-0.866025404,-0.5,0.79335334,0.608761429,2022-08-12,0.0,0.0
6392.0,2022.0,8.0,12.0,4.0,27.2,0.0,-2.066490535,-4.988949476,0.0,1006.9,87.0,0.0,20.22,0,-0.644251638,-0.764813589,-0.866025404,-0.5,0.866025404,0.5,2022-08-12,0.0,0.0
6393.0,2022.0,8.0,12.0,4.5,27.0,0.0,-1.702941274,-4.11126392,0.0,1006.95,86.5,0.0,20.0,0,-0.644525881,-0.764582493,-0.866025404,-0.5,0.923879533,0.382683432,2022-08-12,0.0,0.0
6394.0,2022.0,8.0,12.0,5.0,26.8,0.0,-1.339392013,-3.233578364,0.0,1007.0,86.0,0.0,19.99,0,-0.644800042,-0.764351298,-0.866025404,-0.5,0.965925826,0.258819045,2022-08-12,0.0,0.0
6395.0,2022.0,8.0,12.0,5.5,27.1,0.0,-1.549867901,-3.741712107,27.77777778,1007.05,85.5,0.05601245,19.97,0,-0.645074119,-0.764120004,-0.866025404,-0.5,0.991444861,0.130526192,2022-08-12,0.0,1.1185686264999999
6396.0,2022.0,8.0,12.0,6.0,27.4,0.0,-1.760343789,-4.24984585,55.55555556,1007.1,85.0,0.10635522,19.97,0,-0.645348113,-0.763888613,-0.866025404,-0.5,1.0,6.12574e-17,2022-08-12,0.0,3.2424823698999994
6397.0,2022.0,8.0,12.0,6.5,27.7,0.0,-0.880171895,-4.424922925,129.1666667,1006.95,83.5,0.267429952,20.18,0,-0.645622025,-0.763657123,-0.866025404,-0.5,0.991444861,-0.130526192,2022-08-12,0.0,8.63921880126
6398.0,2022.0,8.0,12.0,7.0,28.0,0.0,-8.45e-16,-4.6,202.7777778,1006.8,82.0,0.372185835,20.18,0,-0.645895853,-0.763425535,-0.866025404,-0.5,0.965925826,-0.258819045,2022-08-12,0.0,16.14992895156
6399.0,2022.0,8.0,12.0,7.5,28.7,0.0,-1.1e-15,-6.0,286.1111111,1007.0,79.0,0.589867081,20.0,0,-0.646169598,-0.763193849,-0.866025404,-0.5,0.923879533,-0.382683432,2022-08-12,0.0,27.947270571559997
6400.0,2022.0,8.0,12.0,8.0,29.4,0.0,-1.36e-15,-7.4,369.4444444,1007.2,76.0,0.688118079,20.18,0,-0.64644326,-0.762962064,-0.866025404,-0.5,0.866025404,-0.5,2022-08-12,0.0,41.83349340578
6401.0,2022.0,8.0,12.0,8.5,29.35,0.0,-1.014111096,-6.148280761,408.3333333,1007.45,76.0,0.787133361,19.52,0,-0.646716839,-0.762730182,-0.866025404,-0.5,0.79335334,-0.608761429,2022-08-12,0.0,57.1983366125
6402.0,2022.0,8.0,12.0,9.0,29.3,0.0,-2.028222192,-4.896561522,447.2222222,1007.7,76.0,0.91765499,19.97,0,-0.646990335,-0.762498201,-0.866025404,-0.5,0.707106781,-0.707106781,2022-08-12,0.0,75.5239067628
6403.0,2022.0,8.0,12.0,9.5,29.9,0.0,-2.430039796,-5.866635031,500.0,1007.6,73.0,0.868906215,20.51,0,-0.647263748,-0.762266122,-0.866025404,-0.5,0.608761429,-0.79335334,2022-08-12,13.393030000000001,93.34517323245
6404.0,2022.0,8.0,12.0,10.0,30.5,0.0,-2.8318574,-6.836708541,552.7777778,1007.5,70.0,1.118511296,23.51,0,-0.647537077,-0.762033945,-0.866025404,-0.5,0.5,-0.866025404,2022-08-12,39.77125000000001,119.64137380141
6405.0,2022.0,8.0,12.0,10.5,31.2,0.0,-2.812723228,-6.790514564,654.1666667,1007.35,67.0,1.291155873,23.51,0,-0.647810323,-0.761801671,-0.866025404,-0.5,0.382683432,-0.923879533,2022-08-12,70.05213,149.99644837564
6406.0,2022.0,8.0,12.0,11.0,31.9,0.0,-2.793589056,-6.744320587,755.5555556,1007.2,64.0,1.595209611,23.86,0,-0.648083486,-0.761569298,-0.866025404,-0.5,0.258819045,-0.965925826,2022-08-12,108.10883000000001,188.0581496941
6407.0,2022.0,8.0,12.0,11.5,31.9,0.0,-2.621381512,-6.328574798,758.3333334,1007.1,65.0,1.460878172,24.68,0,-0.648356565,-0.761336827,-0.866025404,-0.5,0.130526192,-0.991444861,2022-08-12,144.16631,224.11262297906
6408.0,2022.0,8.0,12.0,12.0,31.9,0.0,-2.449173967,-5.912829008,761.1111111,1007.0,66.0,1.447886713,27.29,0,-0.648629561,-0.761104259,-0.866025404,-0.5,1.22515e-16,-1.0,2022-08-12,183.68223,263.62545137683003
6409.0,2022.0,8.0,12.0,12.5,32.2,0.0,-2.640515684,-6.374768775,780.5555556,1006.95,65.0,1.619985104,34.0,0,-0.648902474,-0.760871592,-0.866025404,-0.5,-0.130526192,-0.991444861,2022-08-12,238.76223000000002,318.70494491283
6410.0,2022.0,8.0,12.0,13.0,32.5,0.0,-2.8318574,-6.836708541,800.0,1006.9,64.0,1.509342116,36.73,0,-0.649175303,-0.760638828,-0.866025404,-0.5,-0.258819045,-0.965925826,2022-08-12,294.18780000000004,374.14308083351
6411.0,2022.0,8.0,12.0,13.5,32.15,0.0,-2.927528258,-7.067678424,772.2222222,1006.75,64.0,1.538077623,39.45,0,-0.649448048,-0.760405966,-0.866025404,-0.5,-0.382683432,-0.923879533,2022-08-12,354.86190000000005,434.82024306086
6412.0,2022.0,8.0,12.0,14.0,31.8,0.0,-3.023199116,-7.298648307,744.4444444,1006.6,64.0,1.476374183,39.63,0,-0.64972071,-0.760173006,-0.866025404,-0.5,-0.5,-0.866025404,2022-08-12,413.35578000000004,493.32895193315
6413.0,2022.0,8.0,12.0,14.5,31.55,0.0,-2.831857399,-6.836708541,640.2777778,1006.45,65.0,1.297354092,49.53,0,-0.649993289,-0.759939948,-0.866025404,-0.5,-0.608761429,-0.79335334,2022-08-12,529.8008100000001,557.58690010991
6414.0,2022.0,8.0,12.0,15.0,31.3,0.0,-2.640515683,-6.374768774,536.1111111,1006.3,66.0,1.05419742,48.87,0,-0.650265784,-0.759706792,-0.866025404,-0.5,-0.707106781,-0.707106781,2022-08-12,529.8008100000001,609.1055280253099
6415.0,2022.0,8.0,12.0,15.5,30.6,0.0,-1.320257842,-6.987384387,408.3333334,1006.4,68.5,0.79837371,49.9,0,-0.650538195,-0.759473539,-0.866025404,-0.5,-0.79335334,-0.608761429,2022-08-12,597.7646100000001,648.9443761543099
6416.0,2022.0,8.0,12.0,16.0,29.9,0.0,-1.4e-15,-7.6,280.5555556,1006.5,71.0,0.564159871,48.0,0,-0.650810523,-0.759240188,-0.866025404,-0.5,-0.866025404,-0.5,2022-08-12,597.7646100000001,676.02404996231
6417.0,2022.0,8.0,12.0,16.5,29.65,0.0,-1.22e-15,-6.6,211.1111112,1006.25,72.0,0.387531877,50.62,0,-0.651082767,-0.75900674,-0.866025404,-0.5,-0.923879533,-0.382683432,2022-08-12,617.4051700000001,695.6409135760499
6418.0,2022.0,8.0,12.0,17.0,29.4,0.0,-1.03e-15,-5.6,141.6666667,1006.0,73.0,0.280701043,50.66,0,-0.651354927,-0.758773194,-0.866025404,-0.5,-0.965925826,-0.258819045,2022-08-12,732.9606300000002,709.8612284144299
6419.0,2022.0,8.0,12.0,17.5,29.3,0.0,-1.090647782,-5.433056668,102.7777778,1006.1,73.0,0.215839009,50.79,0,-0.651627003,-0.75853955,-0.866025404,-0.5,-0.991444861,-0.130526192,2022-08-12,845.5112700000002,720.8236916815399
6420.0,2022.0,8.0,12.0,18.0,29.2,0.0,-2.181295564,-5.266113335,63.88888889,1006.2,73.0,0.125996647,50.62,0,-0.651898996,-0.758305808,-0.866025404,-0.5,-1.0,-1.83772e-16,2022-08-12,851.8893900000002,727.2016419526799
6421.0,2022.0,8.0,12.0,18.5,29.1,0.0,-2.028222192,-4.896561522,33.33333333,1006.45,73.5,0.059487729,50.09,0,-0.652170905,-0.75807197,-0.866025404,-0.5,-0.991444861,0.130526192,2022-08-12,851.8893900000002,730.1813822982899
6422.0,2022.0,8.0,12.0,19.0,29.0,0.0,-1.875148819,-4.527009709,2.777777778,1006.7,74.0,0.0,50.15,0,-0.65244273,-0.757838033,-0.866025404,-0.5,-0.965925826,0.258819045,2022-08-12,854.8482400000001,730.1813822982899
6423.0,2022.0,8.0,12.0,19.5,28.9,0.0,-1.722075446,-4.157457896,1.388888889,1007.15,75.0,0.0,50.03,0,-0.65271447,-0.757603999,-0.866025404,-0.5,-0.923879533,0.382683432,2022-08-12,854.8482400000001,730.1813822982899
6424.0,2022.0,8.0,12.0,20.0,28.8,0.0,-1.569002073,-3.787906083,0.0,1007.6,76.0,0.0,49.71,0,-0.652986127,-0.757369868,-0.866025404,-0.5,-0.866025404,0.5,2022-08-12,854.8482400000001,730.1813822982899
6425.0,2022.0,8.0,12.0,20.5,27.7,0.25,-1.511599558,-3.649324154,0.0,1007.65,83.0,0.0,45.0,0,-0.653257701,-0.75713564,-0.866025404,-0.5,-0.79335334,0.608761429,2022-08-12,854.8482400000001,730.1813822982899
6426.0,2022.0,8.0,12.0,21.0,26.6,0.5,-1.454197043,-3.510742224,0.0,1007.7,90.0,0.0,29.42,0,-0.65352919,-0.756901314,-0.866025404,-0.5,-0.707106781,0.707106781,2022-08-12,854.8482400000001,730.1813822982899
6427.0,2022.0,8.0,12.0,21.5,26.5,0.75,-1.626404588,-3.926488014,0.0,1007.65,91.0,0.0,25.0,0,-0.653800594,-0.75666689,-0.866025404,-0.5,-0.608761429,0.79335334,2022-08-12,854.8482400000001,730.1813822982899
6428.0,2022.0,8.0,12.0,22.0,26.4,1.0,-1.798612132,-4.342233803,0.0,1007.6,92.0,0.0,23.99,0,-0.654071915,-0.756432369,-0.866025404,-0.5,-0.5,0.866025404,2022-08-12,854.8482400000001,730.1813822982899
6429.0,2022.0,8.0,12.0,22.5,26.6,0.75,-2.047356363,-4.942755499,0.0,1007.8,90.5,0.0,23.57,0,-0.654343152,-0.756197751,-0.866025404,-0.5,-0.382683432,0.923879533,2022-08-12,854.8482400000001,730.1813822982899
6430.0,2022.0,8.0,12.0,23.0,26.8,0.5,-2.296100594,-5.543277195,0.0,1008.0,89.0,0.0,23.51,0,-0.654614305,-0.755963036,-0.866025404,-0.5,-0.258819045,0.965925826,2022-08-12,854.8482400000001,730.1813822982899
6431.0,2022.0,8.0,12.0,23.5,26.8,0.25,-1.148050297,-6.071638598,0.0,1007.6,89.0,0.0,21.31,0,-0.654885373,-0.755728224,-0.866025404,-0.5,-0.130526192,0.991444861,2022-08-12,854.8482400000001,730.1813822982899
6432.0,2022.0,8.0,13.0,0.0,26.8,0.0,-1.21e-15,-6.6,0.0,1007.2,89.0,0.0,20.0,0,-0.655156357,-0.755493314,-0.866025404,-0.5,-2.4503e-16,1.0,2022-08-13,0.0,0.0
6433.0,2022.0,8.0,13.0,0.5,26.9,0.0,-1.06e-15,-5.8,0.0,1007.1,88.0,0.0,23.21,0,-0.655427257,-0.755258307,-0.866025404,-0.5,0.130526192,0.991444861,2022-08-13,0.0,0.0
6434.0,2022.0,8.0,13.0,1.0,27.0,0.0,-9.19e-16,-5.0,0.0,1007.0,87.0,0.0,20.13,0,-0.655698073,-0.755023203,-0.866025404,-0.5,0.258819045,0.965925826,2022-08-13,0.0,0.0
6435.0,2022.0,8.0,13.0,1.5,27.05,0.0,-8e-16,-4.35,0.0,1006.95,85.5,0.0,19.78,0,-0.655968804,-0.754788002,-0.866025404,-0.5,0.382683432,0.923879533,2022-08-13,0.0,0.0
6436.0,2022.0,8.0,13.0,2.0,27.1,0.0,-6.8e-16,-3.7,0.0,1006.9,84.0,0.0,19.57,0,-0.656239451,-0.754552704,-0.866025404,-0.5,0.5,0.866025404,2022-08-13,0.0,0.0
6437.0,2022.0,8.0,13.0,2.5,27.4,0.0,-6.53e-16,-3.55,0.0,1007.0,83.0,0.0,19.78,0,-0.656510013,-0.754317309,-0.866025404,-0.5,0.608761429,0.79335334,2022-08-13,0.0,0.0
6438.0,2022.0,8.0,13.0,3.0,27.7,0.0,-6.25e-16,-3.4,0.0,1007.1,82.0,0.0,19.59,0,-0.656780491,-0.754081817,-0.866025404,-0.5,0.707106781,0.707106781,2022-08-13,0.0,0.0
6439.0,2022.0,8.0,13.0,3.5,27.55,0.0,-6.89e-16,-3.75,0.0,1007.0,83.0,0.0,19.78,0,-0.657050885,-0.753846227,-0.866025404,-0.5,0.79335334,0.608761429,2022-08-13,0.0,0.0
6440.0,2022.0,8.0,13.0,4.0,27.4,0.0,-7.53e-16,-4.1,0.0,1006.9,84.0,0.0,19.57,0,-0.657321194,-0.753610541,-0.866025404,-0.5,0.866025404,0.5,2022-08-13,0.0,0.0
6441.0,2022.0,8.0,13.0,4.5,27.05,0.0,-7.72e-16,-4.2,0.0,1006.95,84.0,0.0,19.57,0,-0.657591419,-0.753374758,-0.866025404,-0.5,0.923879533,0.382683432,2022-08-13,0.0,0.0
6442.0,2022.0,8.0,13.0,5.0,26.7,0.0,-7.9e-16,-4.3,0.0,1007.0,84.0,0.0,19.57,0,-0.657861559,-0.753138878,-0.866025404,-0.5,0.965925826,0.258819045,2022-08-13,0.0,0.0
6443.0,2022.0,8.0,13.0,5.5,26.5,0.0,-0.688830179,-3.812983159,6.944444445,1007.1,85.5,0.005759616,19.57,0,-0.658131614,-0.752902901,-0.866025404,-0.5,0.991444861,0.130526192,2022-08-13,0.0,0.11271568512
6444.0,2022.0,8.0,13.0,6.0,26.3,0.0,-1.377660357,-3.325966317,13.88888889,1007.2,87.0,0.027608405,18.0,0,-0.658401585,-0.752666828,-0.866025404,-0.5,1.0,6.12574e-17,2022-08-13,0.0,0.60966697512
6445.0,2022.0,8.0,13.0,6.5,26.25,0.0,-1.224586984,-2.956414504,38.88888889,1007.5,86.0,0.08106999,19.78,0,-0.658671471,-0.752430657,-0.866025404,-0.5,0.991444861,-0.130526192,2022-08-13,0.0,2.21323137732
6446.0,2022.0,8.0,13.0,7.0,26.2,0.0,-1.071513611,-2.586862691,63.88888889,1007.8,85.0,0.120072012,19.57,0,-0.658941272,-0.75219439,-0.866025404,-0.5,0.965925826,-0.258819045,2022-08-13,0.0,4.56304065216
6447.0,2022.0,8.0,13.0,7.5,27.05,0.0,-0.93757441,-2.263504855,134.7222222,1007.95,83.5,0.298864775,19.52,0,-0.659210989,-0.751958026,-0.866025404,-0.5,0.923879533,-0.382683432,2022-08-13,0.0,10.39688106016
6448.0,2022.0,8.0,13.0,8.0,27.9,0.0,-0.803635208,-1.940147018,205.5555556,1008.1,82.0,0.438963147,19.21,0,-0.65948062,-0.751721565,-0.866025404,-0.5,0.866025404,-0.5,2022-08-13,0.0,18.829363114030002
6449.0,2022.0,8.0,13.0,8.5,28.55,0.0,-0.401817604,-2.320073509,350.0,1008.05,80.0,0.699603779,18.44,0,-0.659750167,-0.751485008,-0.866025404,-0.5,0.79335334,-0.608761429,2022-08-13,0.0,31.730056798790002
6450.0,2022.0,8.0,13.0,9.0,29.2,0.0,-4.96e-16,-2.7,494.4444444,1008.0,78.0,1.028776581,19.21,0,-0.660019629,-0.751248354,-0.866025404,-0.5,0.707106781,-0.707106781,2022-08-13,0.0,51.4928549198
6451.0,2022.0,8.0,13.0,9.5,30.2,0.0,-6.62e-16,-3.6,486.1111111,1007.8,73.0,1.012163164,19.57,0,-0.660289007,-0.751011603,-0.866025404,-0.5,0.608761429,-0.79335334,2022-08-13,0.0,71.30088803928001
6452.0,2022.0,8.0,13.0,10.0,31.2,0.0,-8.27e-16,-4.5,477.7777778,1007.6,68.0,0.935348551,19.78,0,-0.660558299,-0.750774756,-0.866025404,-0.5,0.5,-0.866025404,2022-08-13,12.83722,89.80208237806002
6453.0,2022.0,8.0,13.0,10.5,30.9,0.0,-8.46e-16,-4.6,426.3888889,1007.6,68.5,0.849577877,20.13,0,-0.660827506,-0.750537812,-0.866025404,-0.5,0.382683432,-0.923879533,2022-08-13,45.44782,106.90408504207002
6454.0,2022.0,8.0,13.0,11.0,30.6,0.0,-8.64e-16,-4.7,375.0,1007.6,69.0,0.770458397,20.0,0,-0.661096629,-0.750300771,-0.866025404,-0.5,0.258819045,-0.965925826,2022-08-13,45.44782,122.31325298207003
6455.0,2022.0,8.0,13.0,11.5,28.15,0.75,-1.01e-15,-5.5,351.3888889,1007.85,77.0,0.708968153,20.8,0,-0.661365666,-0.750063635,-0.866025404,-0.5,0.130526192,-0.991444861,2022-08-13,101.79502,137.05979056447003
6456.0,2022.0,8.0,13.0,12.0,25.7,1.5,-1.16e-15,-6.3,327.7777778,1008.1,85.0,0.642655021,20.48,0,-0.661634618,-0.749826401,-0.866025404,-0.5,1.22515e-16,-1.0,2022-08-13,101.83597999999999,150.22136539455005
6457.0,2022.0,8.0,13.0,12.5,25.05,1.25,-8.74e-16,-4.75,200.0,1007.7,89.5,0.395145213,20.48,0,-0.661903485,-0.749589071,-0.866025404,-0.5,-0.130526192,-0.991444861,2022-08-13,102.02029999999999,158.31393935679006
6458.0,2022.0,8.0,13.0,13.0,24.4,1.0,-5.88e-16,-3.2,72.22222222,1007.3,94.0,0.145935633,20.13,0,-0.662172267,-0.749351645,-0.866025404,-0.5,-0.258819045,-0.965925826,2022-08-13,102.02029999999999,161.25162364908005
6459.0,2022.0,8.0,13.0,13.5,25.45,0.5,-6.99e-16,-3.8,166.6666667,1006.8,91.0,0.328941138,20.1,0,-0.662440964,-0.749114123,-0.866025404,-0.5,-0.382683432,-0.923879533,2022-08-13,102.02029999999999,167.86334052288004
6460.0,2022.0,8.0,13.0,14.0,26.5,0.0,-8.09e-16,-4.4,261.1111111,1006.3,88.0,0.512527652,20.48,0,-0.662709576,-0.748876504,-0.866025404,-0.5,-0.5,-0.866025404,2022-08-13,120.4523,178.35990683584004
6461.0,2022.0,8.0,13.0,14.5,26.05,0.25,-7.81e-16,-4.25,204.1666667,1006.45,89.0,0.384264035,20.13,0,-0.662978102,-0.748638789,-0.866025404,-0.5,-0.608761429,-0.79335334,2022-08-13,120.4523,186.09514186039004
6462.0,2022.0,8.0,13.0,15.0,25.6,0.5,-7.53e-16,-4.1,147.2222222,1006.6,90.0,0.268127564,20.13,0,-0.663246544,-0.748400977,-0.866025404,-0.5,-0.707106781,-0.707106781,2022-08-13,120.4523,191.49254972371006
6463.0,2022.0,8.0,13.0,15.5,25.5,1.0,0.382683432,-2.973879533,116.6666667,1006.25,92.5,0.220139348,20.13,0,-0.663514899,-0.748163069,-0.866025404,-0.5,-0.79335334,-0.608761429,2022-08-13,120.4523,195.92395479895006
6464.0,2022.0,8.0,13.0,16.0,25.4,1.5,0.765366865,-1.847759065,86.11111111,1005.9,95.0,0.176231236,20.48,0,-0.66378317,-0.747925065,-0.866025404,-0.5,-0.866025404,-0.5,2022-08-13,123.79054,199.53317051223007
6465.0,2022.0,8.0,13.0,16.5,25.1,1.0,1.033245268,-2.494474738,94.44444446,1005.65,95.0,0.197121285,23.21,0,-0.664051355,-0.747686965,-0.866025404,-0.5,-0.923879533,-0.382683432,2022-08-13,128.36291,204.10835553708006
6466.0,2022.0,8.0,13.0,17.0,24.8,0.5,1.30112367,-3.141190411,102.7777778,1005.4,95.0,0.200341793,30.0,0,-0.664319455,-0.747448769,-0.866025404,-0.5,-0.965925826,-0.258819045,2022-08-13,134.36291,210.11860932708007
6467.0,2022.0,8.0,13.0,17.5,24.8,0.25,1.759217274,-2.029815325,68.05555556,1005.0,94.5,0.130108021,31.48,0,-0.664587469,-0.747210476,-0.866025404,-0.5,-0.991444861,-0.130526192,2022-08-13,138.45531,214.21440982816006
6468.0,2022.0,8.0,13.0,18.0,24.8,0.0,2.217310878,-0.918440238,33.33333333,1004.6,94.0,0.058754324,39.06,0,-0.664855398,-0.746972088,-0.866025404,-0.5,-1.0,-1.83772e-16,2022-08-13,218.87985,216.50935372360007
6469.0,2022.0,8.0,13.0,18.5,24.75,0.0,2.171116902,-0.019134172,19.44444444,1004.1,95.0,0.039394374,38.71,0,-0.665123241,-0.746733603,-0.866025404,-0.5,-0.991444861,0.130526192,2022-08-13,220.58309,218.03430994114007
6470.0,2022.0,8.0,13.0,19.0,24.7,0.0,2.124922925,0.880171894,5.555555556,1003.6,96.0,0.005028159,34.97,0,-0.665390999,-0.746495022,-0.866025404,-0.5,-0.965925826,0.258819045,2022-08-13,220.58309,218.21014466137007
6471.0,2022.0,8.0,13.0,19.5,24.85,0.5,2.817832574,1.167184469,2.777777778,1002.7,95.5,0.001056935,39.5,0,-0.665658671,-0.746256346,-0.866025404,-0.5,-0.923879533,0.382683432,2022-08-13,299.62259,218.25189359387008
6472.0,2022.0,8.0,13.0,20.0,25.0,1.0,3.510742224,1.454197043,0.0,1001.8,95.0,0.0,34.76,0,-0.665926258,-0.746017573,-0.866025404,-0.5,-0.866025404,0.5,2022-08-13,299.62259,218.25189359387008
6473.0,2022.0,8.0,13.0,20.5,25.0,2.5,2.780675945,1.752403354,0.0,1000.55,96.0,0.0,36.52,0,-0.666193759,-0.745778704,-0.866025404,-0.5,-0.79335334,0.608761429,2022-08-13,299.62259,218.25189359387008
6474.0,2022.0,8.0,13.0,21.0,25.0,4.0,2.050609665,2.050609665,0.0,999.3,97.0,0.0,26.89,0,-0.666461174,-0.74553974,-0.866025404,-0.5,-0.707106781,0.707106781,2022-08-13,299.62259,218.25189359387008
6475.0,2022.0,8.0,13.0,21.5,24.75,2.75,0.221669625,2.965451851,0.0,999.2,97.0,0.0,24.18,0,-0.666728504,-0.745300679,-0.866025404,-0.5,-0.608761429,0.79335334,2022-08-13,299.62259,218.25189359387008
6476.0,2022.0,8.0,13.0,22.0,24.5,1.5,-1.607270416,3.880294037,0.0,999.1,97.0,0.0,23.04,0,-0.666995747,-0.745061523,-0.866025404,-0.5,-0.5,0.866025404,2022-08-13,299.62259,218.25189359387008
6477.0,2022.0,8.0,13.0,22.5,24.4,0.75,-2.743782227,2.743782227,0.0,1000.25,97.0,0.0,24.73,0,-0.667262905,-0.744822271,-0.866025404,-0.5,-0.382683432,0.923879533,2022-08-13,299.62259,218.25189359387008
6478.0,2022.0,8.0,13.0,23.0,24.3,0.0,-3.880294037,1.607270416,0.0,1001.4,97.0,0.0,23.1,0,-0.667529977,-0.744582923,-0.866025404,-0.5,-0.258819045,0.965925826,2022-08-13,299.62259,218.25189359387008
6479.0,2022.0,8.0,13.0,23.5,24.3,0.0,-3.540147019,0.803635208,0.0,1001.85,96.5,0.0,20.6,0,-0.667796964,-0.744343479,-0.866025404,-0.5,-0.130526192,0.991444861,2022-08-13,299.62259,218.25189359387008
6480.0,2022.0,8.0,14.0,0.0,24.3,0.0,-3.2,3.92e-16,0.0,1002.3,96.0,0.0,19.57,0,-0.668063864,-0.74410394,-0.866025404,-0.5,-2.4503e-16,1.0,2022-08-14,0.0,0.0
6481.0,2022.0,8.0,14.0,0.5,24.2,0.0,-2.43149158,-0.344415089,0.0,1002.5,96.5,0.0,20.68,0,-0.668330679,-0.743864305,-0.866025404,-0.5,0.130526192,0.991444861,2022-08-14,0.0,0.0
6482.0,2022.0,8.0,14.0,1.0,24.1,0.0,-1.662983159,-0.688830178,0.0,1002.7,97.0,0.0,19.99,0,-0.668597407,-0.743624574,-0.866025404,-0.5,0.258819045,0.965925826,2022-08-14,0.0,0.0
6483.0,2022.0,8.0,14.0,1.5,24.0,0.0,-0.984564953,-0.713966902,0.0,1002.7,97.5,0.0,19.82,0,-0.66886405,-0.743384748,-0.866025404,-0.5,0.382683432,0.923879533,2022-08-14,0.0,0.0
6484.0,2022.0,8.0,14.0,2.0,23.9,0.0,-0.306146746,-0.739103626,0.0,1002.7,98.0,0.0,19.78,0,-0.669130606,-0.743144825,-0.866025404,-0.5,0.5,0.866025404,2022-08-14,0.0,0.0
6485.0,2022.0,8.0,14.0,2.5,24.0,0.0,-0.153073373,-1.519551813,0.0,1002.45,98.0,0.0,19.21,0,-0.669397077,-0.742904808,-0.866025404,-0.5,0.608761429,0.79335334,2022-08-14,0.0,0.0
6486.0,2022.0,8.0,14.0,3.0,24.1,0.0,-4.23e-16,-2.3,0.0,1002.2,98.0,0.0,19.21,0,-0.669663461,-0.742664695,-0.866025404,-0.5,0.707106781,0.707106781,2022-08-14,0.0,0.0
6487.0,2022.0,8.0,14.0,3.5,24.0,0.0,-0.369551813,-1.303073373,0.0,1002.05,98.5,0.0,19.57,0,-0.669929759,-0.742424486,-0.866025404,-0.5,0.79335334,0.608761429,2022-08-14,0.0,0.0
6488.0,2022.0,8.0,14.0,4.0,23.9,0.0,-0.739103626,-0.306146746,0.0,1001.9,99.0,0.0,19.78,0,-0.670195972,-0.742184182,-0.866025404,-0.5,0.866025404,0.5,2022-08-14,0.0,0.0
6489.0,2022.0,8.0,14.0,4.5,23.95,0.0,0.080448187,-0.153073373,0.0,1002.05,99.5,0.0,19.78,0,-0.670462097,-0.741943782,-0.866025404,-0.5,0.923879533,0.382683432,2022-08-14,0.0,0.0
6490.0,2022.0,8.0,14.0,5.0,24.0,0.0,0.9,0.0,0.0,1002.2,100.0,0.0,19.78,0,-0.670728137,-0.741703287,-0.866025404,-0.5,0.965925826,0.258819045,2022-08-14,0.0,0.0
6491.0,2022.0,8.0,14.0,5.5,24.35,0.0,0.258658284,-0.461939767,20.83333334,1002.5,100.0,0.042010998,19.52,0,-0.67099409,-0.741462697,-0.866025404,-0.5,0.991444861,0.130526192,2022-08-14,0.81984,0.82005468096
6492.0,2022.0,8.0,14.0,6.0,24.7,0.0,-0.382683432,-0.923879533,41.66666667,1002.8,100.0,0.09241468,16.94,0,-0.671259958,-0.741222011,-0.866025404,-0.5,1.0,6.12574e-17,2022-08-14,2.37832,2.3855593601600003
6493.0,2022.0,8.0,14.0,6.5,25.1,0.0,-0.969159176,-1.239757226,45.83333334,1002.9,99.0,0.093093276,12.09,0,-0.671525738,-0.74098123,-0.866025404,-0.5,0.991444861,-0.130526192,2022-08-14,2.37832,3.5110570670000003
6494.0,2022.0,8.0,14.0,7.0,25.5,0.0,-1.555634919,-1.555634919,50.0,1003.0,98.0,0.09515012,15.99,0,-0.671791433,-0.740740353,-0.866025404,-0.5,0.965925826,-0.258819045,2022-08-14,2.37832,5.0325074858
6495.0,2022.0,8.0,14.0,7.5,25.8,0.0,-1.332145179,-1.007427519,70.83333333,1003.0,97.5,0.145836077,14.0,0,-0.672057041,-0.740499382,-0.866025404,-0.5,0.923879533,-0.382683432,2022-08-14,2.37832,7.0742125638
6496.0,2022.0,8.0,14.0,8.0,26.1,0.0,-1.108655439,-0.459220119,91.66666667,1003.0,97.0,0.187745682,10.82,0,-0.672322562,-0.740258315,-0.866025404,-0.5,0.866025404,-0.5,2022-08-14,2.37832,9.10562084304
6497.0,2022.0,8.0,14.0,8.5,26.35,0.0,-1.108655439,-0.459220119,125.0,1003.3,94.5,0.264149155,5.94,0,-0.672587997,-0.740017152,-0.866025404,-0.5,0.79335334,-0.608761429,2022-08-14,2.37832,10.67466682374
6498.0,2022.0,8.0,14.0,9.0,26.6,0.0,-1.108655439,-0.459220119,158.3333333,1003.6,92.0,0.296723351,12.78,0,-0.672853346,-0.739775895,-0.866025404,-0.5,0.707106781,-0.707106781,2022-08-14,2.37832,14.46679124952
6499.0,2022.0,8.0,14.0,9.5,26.75,0.0,-1.478207252,0.153073373,151.3888889,1003.95,91.0,0.301640423,16.35,0,-0.673118608,-0.739534543,-0.866025404,-0.5,0.608761429,-0.79335334,2022-08-14,25.02307,19.39861216557
6500.0,2022.0,8.0,14.0,10.0,26.9,0.0,-1.847759065,0.765366865,144.4444444,1004.3,90.0,0.27256575,12.78,0,-0.673383783,-0.739293095,-0.866025404,-0.5,0.5,-0.866025404,2022-08-14,25.02307,22.88200245057
6501.0,2022.0,8.0,14.0,10.5,27.3,0.0,-1.273879533,0.382683433,225.0,1003.65,87.0,0.45470779,15.0,0,-0.673648872,-0.739051552,-0.866025404,-0.5,0.382683432,-0.923879533,2022-08-14,25.02307,29.70261930057
6502.0,2022.0,8.0,14.0,11.0,27.7,0.0,-0.7,8.58e-17,305.5555556,1003.0,84.0,0.610421179,13.15,0,-0.673913874,-0.738809915,-0.866025404,-0.5,0.258819045,-0.965925826,2022-08-14,25.02307,37.72965780442
6503.0,2022.0,8.0,14.0,11.5,28.75,0.0,-0.703553391,0.353553391,388.8888889,1002.8,82.0,0.860023696,15.0,0,-0.67417879,-0.738568182,-0.866025404,-0.5,0.130526192,-0.991444861,2022-08-14,25.02307,50.63001324442
6504.0,2022.0,8.0,14.0,12.0,29.8,0.0,-0.707106781,0.707106781,472.2222222,1002.6,80.0,0.983458921,16.24,0,-0.674443619,-0.738326354,-0.866025404,-0.5,1.22515e-16,-1.0,2022-08-14,29.05059,66.60138612146
6505.0,2022.0,8.0,14.0,12.5,30.35,0.0,-1.060660172,-0.35355339,654.1666667,1002.45,76.0,1.293675776,17.02,0,-0.674708361,-0.738084431,-0.866025404,-0.5,-0.130526192,-0.991444861,2022-08-14,85.11447,88.61974782898
6506.0,2022.0,8.0,14.0,13.0,30.9,0.0,-1.414213562,-1.414213562,836.1111111,1002.3,72.0,1.607394057,11.14,0,-0.674973016,-0.737842414,-0.866025404,-0.5,-0.258819045,-0.965925826,2022-08-14,85.11447,106.52611762396
6507.0,2022.0,8.0,14.0,13.5,31.5,0.0,-0.707106781,-2.057106781,738.8888889,1002.1,70.5,1.459538475,15.0,0,-0.675237585,-0.737600301,-0.866025404,-0.5,-0.382683432,-0.923879533,2022-08-14,85.11447,128.41919474896
6508.0,2022.0,8.0,14.0,14.0,32.1,0.0,-4.96e-16,-2.7,641.6666667,1001.9,69.0,1.317797434,17.88,0,-0.675502066,-0.737358094,-0.866025404,-0.5,-0.5,-0.866025404,2022-08-14,108.68030999999999,151.98141286888
6509.0,2022.0,8.0,14.0,14.5,31.65,0.0,-4.96e-16,-2.7,529.1666667,1001.8,70.5,1.039695206,19.21,0,-0.675766461,-0.737115791,-0.866025404,-0.5,-0.608761429,-0.79335334,2022-08-14,128.65870999999999,171.95395777614
6510.0,2022.0,8.0,14.0,15.0,31.2,0.0,-4.96e-16,-2.7,416.6666667,1001.7,72.0,0.866805148,19.21,0,-0.676030769,-0.736873394,-0.866025404,-0.5,-0.707106781,-0.707106781,2022-08-14,145.31377999999998,188.60528466922
6511.0,2022.0,8.0,14.0,15.5,31.3,0.0,0.459220119,-2.458655439,458.3333334,1001.8,71.0,0.913669258,19.52,0,-0.67629499,-0.736630903,-0.866025404,-0.5,-0.79335334,-0.608761429,2022-08-14,163.15506,206.44010858538
6512.0,2022.0,8.0,14.0,16.0,31.4,0.0,0.918440238,-2.217310878,500.0,1001.9,70.0,1.055673135,20.48,0,-0.676559124,-0.736388316,-0.866025404,-0.5,-0.866025404,-0.5,2022-08-14,184.78194,228.06029439018
6513.0,2022.0,8.0,14.0,16.5,31.35,0.0,0.880171895,-2.124922925,384.7222222,1002.15,70.0,0.78910947,24.18,0,-0.676823171,-0.736145635,-0.866025404,-0.5,-0.923879533,-0.382683432,2022-08-14,203.85996,247.14096137477998
6514.0,2022.0,8.0,14.0,17.0,31.3,0.0,0.841903551,-2.032534972,269.4444444,1002.4,70.0,0.542769826,29.99,0,-0.677087131,-0.735902859,-0.866025404,-0.5,-0.965925826,-0.258819045,2022-08-14,220.14453,263.41862845651997
6515.0,2022.0,8.0,14.0,17.5,30.45,0.0,0.784501036,-1.893953042,183.3333333,1002.35,73.5,0.38773252,37.84,0,-0.677351003,-0.735659988,-0.866025404,-0.5,-0.991444861,-0.130526192,2022-08-14,234.82645,278.09042701332
6516.0,2022.0,8.0,14.0,18.0,29.6,0.0,0.727098521,-1.755371112,97.22222222,1002.3,77.0,0.213004568,41.0,0,-0.677614789,-0.735417023,-0.866025404,-0.5,-1.0,-1.83772e-16,2022-08-14,243.55945,286.82361430132
6517.0,2022.0,8.0,14.0,18.5,28.8,0.0,0.964590025,-1.47872632,52.77777778,1002.45,80.0,0.109653574,43.67,0,-0.677878488,-0.735173963,-0.866025404,-0.5,-0.991444861,0.130526192,2022-08-14,248.71251,291.6121858779
6518.0,2022.0,8.0,14.0,19.0,28.0,0.0,1.202081528,-1.202081528,8.333333333,1002.6,83.0,0.006302783,43.67,0,-0.678142099,-0.734930809,-0.866025404,-0.5,-0.965925826,0.258819045,2022-08-14,336.22719,291.88742841151003
6519.0,2022.0,8.0,14.0,19.5,27.3,0.0,1.060660172,-1.060660172,4.166666667,1003.1,88.5,0.000930272,43.67,0,-0.678405623,-0.73468756,-0.866025404,-0.5,-0.923879533,0.382683432,2022-08-14,423.34884,291.92805338975
6520.0,2022.0,8.0,14.0,20.0,26.6,0.0,0.919238816,-0.919238816,0.0,1003.6,94.0,0.0,38.09,0,-0.67866906,-0.734444217,-0.866025404,-0.5,-0.866025404,0.5,2022-08-14,423.34884,291.92805338975
6521.0,2022.0,8.0,14.0,20.5,27.1,0.0,1.522080871,-0.899705355,0.0,1003.5,90.0,0.0,31.64,0,-0.678932409,-0.734200779,-0.866025404,-0.5,-0.79335334,0.608761429,2022-08-14,423.34884,291.92805338975
6522.0,2022.0,8.0,14.0,21.0,27.6,0.0,2.124922925,-0.880171894,0.0,1003.4,86.0,0.0,27.09,0,-0.679195672,-0.733957246,-0.866025404,-0.5,-0.707106781,0.707106781,2022-08-14,423.34884,291.92805338975
6523.0,2022.0,8.0,14.0,21.5,26.5,0.0,1.330339865,-1.08680162,0.0,1003.55,91.5,0.0,24.18,0,-0.679458847,-0.73371362,-0.866025404,-0.5,-0.608761429,0.79335334,2022-08-14,423.34884,291.92805338975
6524.0,2022.0,8.0,14.0,22.0,25.4,0.0,0.535756805,-1.293431346,0.0,1003.7,97.0,0.0,23.1,0,-0.679721934,-0.733469899,-0.866025404,-0.5,-0.5,0.866025404,2022-08-14,423.34884,291.92805338975
6525.0,2022.0,8.0,14.0,22.5,25.35,0.0,0.459220119,-1.10865544,0.0,1003.7,97.5,0.0,25.41,0,-0.679984934,-0.733226083,-0.866025404,-0.5,-0.382683432,0.923879533,2022-08-14,423.34884,291.92805338975
6526.0,2022.0,8.0,14.0,23.0,25.3,0.0,0.382683432,-0.923879533,0.0,1003.7,98.0,0.0,23.04,0,-0.680247847,-0.732982174,-0.866025404,-0.5,-0.258819045,0.965925826,2022-08-14,423.34884,291.92805338975
6527.0,2022.0,8.0,14.0,23.5,25.15,0.0,0.544895107,-0.108386376,0.0,1003.45,98.5,0.0,21.18,0,-0.680510672,-0.73273817,-0.866025404,-0.5,-0.130526192,0.991444861,2022-08-14,423.34884,291.92805338975
6528.0,2022.0,8.0,15.0,0.0,25.0,0.0,0.707106781,0.707106781,0.0,1003.2,99.0,0.0,20.1,0,-0.680773409,-0.732494072,-0.866025404,-0.5,-2.4503e-16,1.0,2022-08-15,0.0,0.0
6529.0,2022.0,8.0,15.0,0.5,25.0,0.0,0.861687134,0.564029279,0.0,1003.4,99.5,0.0,20.48,0,-0.68103606,-0.732249879,-0.866025404,-0.5,0.130526192,0.991444861,2022-08-15,0.0,0.0
6530.0,2022.0,8.0,15.0,1.0,25.0,0.0,1.016267486,0.420951776,0.0,1003.6,100.0,0.0,20.13,0,-0.681298622,-0.732005593,-0.866025404,-0.5,0.258819045,0.965925826,2022-08-15,0.0,0.0
6531.0,2022.0,8.0,15.0,1.5,25.7,0.0,0.97007351,0.401817604,0.0,1003.4,97.0,0.0,19.57,0,-0.681561097,-0.731761212,-0.866025404,-0.5,0.382683432,0.923879533,2022-08-15,0.0,0.0
6532.0,2022.0,8.0,15.0,2.0,26.4,0.0,0.923879533,0.382683432,0.0,1003.2,94.0,0.0,19.46,0,-0.681823484,-0.731516737,-0.866025404,-0.5,0.5,0.866025404,2022-08-15,0.0,0.0
6533.0,2022.0,8.0,15.0,2.5,26.15,0.0,1.524401229,0.631427663,0.0,1003.35,93.5,0.0,17.45,0,-0.682085783,-0.731272168,-0.866025404,-0.5,0.608761429,0.79335334,2022-08-15,0.0,0.0
6534.0,2022.0,8.0,15.0,3.0,25.9,0.0,2.124922925,0.880171894,0.0,1003.5,93.0,0.0,17.8,0,-0.682347995,-0.731027505,-0.866025404,-0.5,0.707106781,0.707106781,2022-08-15,0.0,0.0
6535.0,2022.0,8.0,15.0,3.5,25.6,0.0,1.755371112,0.727098522,0.0,1003.6,90.5,0.0,17.56,0,-0.682610119,-0.730782748,-0.866025404,-0.5,0.79335334,0.608761429,2022-08-15,0.0,0.0
6536.0,2022.0,8.0,15.0,4.0,25.3,0.0,1.385819299,0.574025149,0.0,1003.7,88.0,0.0,18.0,0,-0.682872155,-0.730537897,-0.866025404,-0.5,0.866025404,0.5,2022-08-15,0.0,0.0
6537.0,2022.0,8.0,15.0,4.5,24.85,0.0,1.801565089,0.746232694,0.0,1003.8,88.0,0.0,17.16,0,-0.683134104,-0.730292952,-0.866025404,-0.5,0.923879533,0.382683432,2022-08-15,0.0,0.0
6538.0,2022.0,8.0,15.0,5.0,24.4,0.0,2.217310878,0.918440238,0.0,1003.9,88.0,0.0,17.29,0,-0.683395964,-0.730047913,-0.866025404,-0.5,0.965925826,0.258819045,2022-08-15,0.0,0.0
6539.0,2022.0,8.0,15.0,5.5,24.4,0.0,1.745051542,1.095616222,13.88888889,1004.05,89.0,0.029438206,18.0,0,-0.683657737,-0.729802781,-0.866025404,-0.5,0.991444861,0.130526192,2022-08-15,0.0,0.5298877080000001
6540.0,2022.0,8.0,15.0,6.0,24.4,0.0,1.272792206,1.272792206,27.77777778,1004.2,90.0,0.056920504,18.53,0,-0.683919422,-0.729557554,-0.866025404,-0.5,1.0,6.12574e-17,2022-08-15,1.5935800000000002,1.58462464712
6541.0,2022.0,8.0,15.0,6.5,24.65,0.0,1.096015511,1.096015511,61.11111111,1004.2,88.0,0.122502442,16.69,0,-0.684181018,-0.729312234,-0.866025404,-0.5,0.991444861,-0.130526192,2022-08-15,3.64645,3.6291904041000005
6542.0,2022.0,8.0,15.0,7.0,24.9,0.0,0.919238816,0.919238816,94.44444444,1004.2,86.0,0.207650067,15.98,0,-0.684442527,-0.729066819,-0.866025404,-0.5,0.965925826,-0.258819045,2022-08-15,6.97029,6.94743847476
6543.0,2022.0,8.0,15.0,7.5,25.6,0.0,1.198723034,0.765766154,179.1666667,1004.35,84.0,0.32840325,15.0,0,-0.684703948,-0.728821311,-0.866025404,-0.5,0.923879533,-0.382683432,2022-08-15,6.97029,11.87348722476
6544.0,2022.0,8.0,15.0,8.0,26.3,0.0,1.478207252,0.612293492,263.8888889,1004.5,82.0,0.50047982,15.43,0,-0.68496528,-0.72857571,-0.866025404,-0.5,0.866025404,-0.5,2022-08-15,19.74633,19.59589084736
6545.0,2022.0,8.0,15.0,8.5,27.1,0.0,1.34014439,0.90718751,427.7777778,1004.55,79.5,0.882427687,5.94,0,-0.685226525,-0.728330014,-0.866025404,-0.5,0.79335334,-0.608761429,2022-08-15,19.74633,24.83751130814
6546.0,2022.0,8.0,15.0,9.0,27.9,0.0,1.202081528,1.202081528,591.6666667,1004.6,77.0,1.183059209,10.82,0,-0.685487681,-0.728084225,-0.866025404,-0.5,0.707106781,-0.707106781,2022-08-15,19.74633,37.63821194952
6547.0,2022.0,8.0,15.0,9.5,28.55,0.0,1.155368484,0.830650824,587.5,1004.6,76.0,1.151470896,10.83,0,-0.68574875,-0.727838342,-0.866025404,-0.5,0.608761429,-0.79335334,2022-08-15,19.74633,50.1086417532
6548.0,2022.0,8.0,15.0,10.0,29.2,0.0,1.108655439,0.459220119,583.3333333,1004.6,75.0,1.099325845,11.47,0,-0.68600973,-0.727592366,-0.866025404,-0.5,0.5,-0.866025404,2022-08-15,23.35938,62.717909195349996
6549.0,2022.0,8.0,15.0,10.5,29.6,0.0,1.154849416,-0.019134172,702.7777778,1004.4,73.5,1.433097885,15.43,0,-0.686270621,-0.727346296,-0.866025404,-0.5,0.382683432,-0.923879533,2022-08-15,45.47057,84.8306095609
6550.0,2022.0,8.0,15.0,11.0,30.0,0.0,1.201043392,-0.497488462,822.2222222,1004.2,72.0,1.607589065,16.04,0,-0.686531425,-0.727100132,-0.866025404,-0.5,0.258819045,-0.965925826,2022-08-15,71.26289,110.6163381635
6551.0,2022.0,8.0,15.0,11.5,30.5,0.0,0.944936785,-1.080235811,765.2777778,1004.05,70.5,1.579355586,16.45,0,-0.68679214,-0.726853875,-0.866025404,-0.5,0.130526192,-0.991444861,2022-08-15,119.56009,136.5967375532
6552.0,2022.0,8.0,15.0,12.0,31.0,0.0,0.688830178,-1.662983159,708.3333333,1003.9,69.0,1.357158802,16.05,0,-0.687052767,-0.726607525,-0.866025404,-0.5,1.22515e-16,-1.0,2022-08-15,119.56009,158.3791363253
6553.0,2022.0,8.0,15.0,12.5,31.6,0.0,0.991130762,-0.563613177,694.4444445,1003.7,68.0,1.39465656,16.46,0,-0.687313306,-0.726361081,-0.866025404,-0.5,-0.130526192,-0.991444861,2022-08-15,142.52179,181.33518330290002
6554.0,2022.0,8.0,15.0,13.0,32.2,0.0,1.293431346,0.535756805,680.5555556,1003.5,67.0,1.297419223,17.43,0,-0.687573756,-0.726114543,-0.866025404,-0.5,-0.258819045,-0.965925826,2022-08-15,165.1285,203.94920035979
6555.0,2022.0,8.0,15.0,13.5,31.9,0.0,1.446715673,0.267878403,544.4444445,1003.3,68.5,1.088302886,19.52,0,-0.687834118,-0.725867913,-0.866025404,-0.5,-0.382683432,-0.923879533,2022-08-15,201.98226,225.19287269451002
6556.0,2022.0,8.0,15.0,14.0,31.6,0.0,1.6,0.0,408.3333333,1003.1,70.0,0.799653375,19.21,0,-0.688094391,-0.725621188,-0.866025404,-0.5,-0.5,-0.866025404,2022-08-15,201.98226,240.55421402826002
6557.0,2022.0,8.0,15.0,14.5,31.55,0.0,1.723879533,-0.382683433,419.4444445,1002.9,70.5,0.848026405,19.57,0,-0.688354576,-0.725374371,-0.866025404,-0.5,-0.608761429,-0.79335334,2022-08-15,218.57762,257.15009077411
6558.0,2022.0,8.0,15.0,15.0,31.5,0.0,1.847759065,-0.765366865,430.5555556,1002.7,71.0,0.849902973,20.0,0,-0.688614672,-0.72512746,-0.866025404,-0.5,-0.707106781,-0.707106781,2022-08-15,235.57762,274.14815023411
6559.0,2022.0,8.0,15.0,15.5,31.4,0.0,1.801565088,-0.746232693,347.2222222,1002.7,72.5,0.755199244,20.01,0,-0.68887468,-0.724880456,-0.866025404,-0.5,-0.79335334,-0.608761429,2022-08-15,250.68517,289.25968710655
6560.0,2022.0,8.0,15.0,16.0,31.3,0.0,1.755371112,-0.727098521,263.8888889,1002.7,74.0,0.520919122,21.18,0,-0.689134599,-0.724633359,-0.866025404,-0.5,-0.866025404,-0.5,2022-08-15,261.71995,300.29275411051003
6561.0,2022.0,8.0,15.0,16.5,30.95,0.0,1.847759065,-0.765366865,204.1666667,1002.65,75.5,0.423094341,23.99,0,-0.689394429,-0.724386169,-0.866025404,-0.5,-0.923879533,-0.382683432,2022-08-15,284.19858,310.44278735110004
6562.0,2022.0,8.0,15.0,17.0,30.6,0.0,1.940147018,-0.803635208,144.4444444,1002.6,77.0,0.313186666,21.45,0,-0.689654171,-0.724138885,-0.866025404,-0.5,-0.965925826,-0.258819045,2022-08-15,284.19858,317.16064133680004
6563.0,2022.0,8.0,15.0,17.5,30.25,0.0,1.535758934,-0.967503029,115.2777778,1002.7,79.0,0.201263979,22.68,0,-0.689913824,-0.723891508,-0.866025404,-0.5,-0.991444861,-0.130526192,2022-08-15,284.19858,321.72530838052006
6564.0,2022.0,8.0,15.0,18.0,29.9,0.0,1.13137085,-1.13137085,86.11111111,1002.8,81.0,0.165678445,24.01,0,-0.690173388,-0.723644038,-0.866025404,-0.5,-1.0,-1.83772e-16,2022-08-15,288.18424,325.70324784497006
6565.0,2022.0,8.0,15.0,18.5,29.2,0.0,1.258595075,-0.852697999,47.22222222,1002.95,84.0,0.088232331,35.6,0,-0.690432864,-0.723396475,-0.866025404,-0.5,-0.991444861,0.130526192,2022-08-15,362.51704,328.84431882857007
6566.0,2022.0,8.0,15.0,19.0,28.5,0.0,1.385819299,-0.574025149,8.333333333,1003.1,87.0,0.005631371,35.15,0,-0.690692251,-0.723148819,-0.866025404,-0.5,-0.965925826,0.258819045,2022-08-15,433.02794,329.04226151922006
6567.0,2022.0,8.0,15.0,19.5,28.45,0.0,1.44290965,-0.287012575,4.166666667,1003.2,86.0,0.000161994,31.47,0,-0.690951549,-0.72290107,-0.866025404,-0.5,-0.923879533,0.382683432,2022-08-15,433.02794,329.04735947040007
6568.0,2022.0,8.0,15.0,20.0,28.4,0.0,1.5,0.0,0.0,1003.3,85.0,0.0,29.06,0,-0.691210758,-0.722653228,-0.866025404,-0.5,-0.866025404,0.5,2022-08-15,433.02794,329.04735947040007
6569.0,2022.0,8.0,15.0,20.5,28.1,0.0,1.6,0.0,0.0,1003.2,86.0,0.0,23.96,0,-0.691469878,-0.722405294,-0.866025404,-0.5,-0.79335334,0.608761429,2022-08-15,433.02794,329.04735947040007
6570.0,2022.0,8.0,15.0,21.0,27.8,0.0,1.7,0.0,0.0,1003.1,87.0,0.0,22.79,0,-0.691728909,-0.722157266,-0.866025404,-0.5,-0.707106781,0.707106781,2022-08-15,433.02794,329.04735947040007
6571.0,2022.0,8.0,15.0,21.5,27.65,0.0,1.542909649,-0.287012575,0.0,1002.8,87.5,0.0,21.45,0,-0.691987851,-0.721909145,-0.866025404,-0.5,-0.608761429,0.79335334,2022-08-15,433.02794,329.04735947040007
6572.0,2022.0,8.0,15.0,22.0,27.5,0.0,1.385819299,-0.574025149,0.0,1002.5,88.0,0.0,20.36,0,-0.692246704,-0.721660932,-0.866025404,-0.5,-0.5,0.866025404,2022-08-15,433.02794,329.04735947040007
6573.0,2022.0,8.0,15.0,22.5,26.75,0.0,1.34290965,-0.287012575,0.0,1002.3,91.5,0.0,23.1,0,-0.692505469,-0.721412625,-0.866025404,-0.5,-0.382683432,0.923879533,2022-08-15,433.02794,329.04735947040007
6574.0,2022.0,8.0,15.0,23.0,26.0,0.0,1.3,0.0,0.0,1002.1,95.0,0.0,22.3,0,-0.692764144,-0.721164226,-0.866025404,-0.5,-0.258819045,0.965925826,2022-08-15,433.02794,329.04735947040007
6575.0,2022.0,8.0,15.0,23.5,25.7,0.0,1.296715673,0.267878403,0.0,1002.0,96.5,0.0,20.48,0,-0.69302273,-0.720915734,-0.866025404,-0.5,-0.130526192,0.991444861,2022-08-15,433.02794,329.04735947040007
6576.0,2022.0,8.0,16.0,0.0,25.4,0.0,1.293431346,0.535756805,0.0,1001.9,98.0,0.0,19.82,0,-0.693281227,-0.72066715,-0.866025404,-0.5,-2.4503e-16,1.0,2022-08-16,0.0,0.0
6577.0,2022.0,8.0,16.0,0.5,25.3,0.0,1.201043393,0.497488462,0.0,1001.7,98.0,0.0,19.82,0,-0.693539635,-0.720418472,-0.866025404,-0.5,0.130526192,0.991444861,2022-08-16,0.0,0.0
6578.0,2022.0,8.0,16.0,1.0,25.2,0.0,1.108655439,0.459220119,0.0,1001.5,98.0,0.0,18.0,0,-0.693797953,-0.720169702,-0.866025404,-0.5,0.258819045,0.965925826,2022-08-16,0.0,0.0
6579.0,2022.0,8.0,16.0,1.5,25.05,0.0,1.30432772,0.22961006,0.0,1001.25,98.5,0.0,18.0,0,-0.694056183,-0.71992084,-0.866025404,-0.5,0.382683432,0.923879533,2022-08-16,0.0,0.0
6580.0,2022.0,8.0,16.0,2.0,24.9,0.0,1.5,0.0,0.0,1001.0,99.0,0.0,17.8,0,-0.694314323,-0.719671885,-0.866025404,-0.5,0.5,0.866025404,2022-08-16,0.0,0.0
6581.0,2022.0,8.0,16.0,2.5,24.9,0.0,1.017878403,-0.646715673,0.0,1000.85,99.0,0.0,17.69,0,-0.694572373,-0.719422837,-0.866025404,-0.5,0.608761429,0.79335334,2022-08-16,0.0,0.0
6582.0,2022.0,8.0,16.0,3.0,24.9,0.0,0.535756805,-1.293431346,0.0,1000.7,99.0,0.0,17.74,0,-0.694830335,-0.719173697,-0.866025404,-0.5,0.707106781,0.707106781,2022-08-16,0.0,0.0
6583.0,2022.0,8.0,16.0,3.5,25.0,0.0,0.267878402,-1.496715673,0.0,1000.65,99.5,0.0,17.67,0,-0.695088207,-0.718924464,-0.866025404,-0.5,0.79335334,0.608761429,2022-08-16,0.0,0.0
6584.0,2022.0,8.0,16.0,4.0,25.1,0.0,-3.12e-16,-1.7,0.0,1000.6,100.0,0.0,17.56,0,-0.69534599,-0.718675139,-0.866025404,-0.5,0.866025404,0.5,2022-08-16,0.0,0.0
6585.0,2022.0,8.0,16.0,4.5,25.6,0.0,-3.22e-16,-1.75,0.0,1000.55,97.5,0.0,17.67,0,-0.695603683,-0.718425721,-0.866025404,-0.5,0.923879533,0.382683432,2022-08-16,0.0,0.0
6586.0,2022.0,8.0,16.0,5.0,26.1,0.0,-3.31e-16,-1.8,0.0,1000.5,95.0,0.0,17.62,0,-0.695861287,-0.718176211,-0.866025404,-0.5,0.965925826,0.258819045,2022-08-16,0.0,0.0
6587.0,2022.0,8.0,16.0,5.5,26.55,0.0,-0.344415089,-1.73149158,22.22222222,1000.75,93.0,0.044019563,19.0,0,-0.696118801,-0.717926608,-0.866025404,-0.5,0.991444861,0.130526192,2022-08-16,0.0,0.8363716969999999
6588.0,2022.0,8.0,16.0,6.0,27.0,0.0,-0.688830178,-1.662983159,44.44444444,1001.0,91.0,0.089518886,17.62,0,-0.696376226,-0.717676914,-0.866025404,-0.5,1.0,6.12574e-17,2022-08-16,0.0,2.41369446832
6589.0,2022.0,8.0,16.0,6.5,27.55,0.0,-0.803635208,-1.940147019,94.44444442,1001.0,89.0,0.190462209,15.15,0,-0.696633561,-0.717427127,-0.866025404,-0.5,0.991444861,-0.130526192,2022-08-16,0.0,5.29919693467
6590.0,2022.0,8.0,16.0,7.0,28.1,0.0,-0.918440238,-2.217310878,144.4444444,1001.0,87.0,0.282219872,12.17,0,-0.696890806,-0.717177247,-0.866025404,-0.5,0.965925826,-0.258819045,2022-08-16,0.0,8.73381277691
6591.0,2022.0,8.0,16.0,7.5,28.6,0.0,-0.880171895,-2.124922925,208.3333333,1000.9,84.5,0.436258504,17.35,0,-0.697147962,-0.716927276,-0.866025404,-0.5,0.923879533,-0.382683432,2022-08-16,0.0,16.30289782131
6592.0,2022.0,8.0,16.0,8.0,29.1,0.0,-0.841903551,-2.032534972,272.2222222,1000.8,82.0,0.508113701,19.52,0,-0.697405029,-0.716677212,-0.866025404,-0.5,0.866025404,-0.5,2022-08-16,0.0,26.22127726483
6593.0,2022.0,8.0,16.0,8.5,30.65,0.0,-0.956708581,-2.309698832,401.3888889,1000.75,77.5,0.819481776,19.21,0,-0.697662005,-0.716427056,-0.866025404,-0.5,0.79335334,-0.608761429,2022-08-16,0.0,41.963522181790005
6594.0,2022.0,8.0,16.0,9.0,32.2,0.0,-1.071513611,-2.586862691,530.5555556,1000.7,73.0,1.085907106,20.0,0,-0.697918892,-0.716176808,-0.866025404,-0.5,0.707106781,-0.707106781,2022-08-16,0.0,63.68166430179001
6595.0,2022.0,8.0,16.0,9.5,32.2,0.0,-1.454995621,-2.212670161,595.8333334,1000.5,69.5,1.139383881,21.18,0,-0.698175689,-0.715926468,-0.866025404,-0.5,0.608761429,-0.79335334,2022-08-16,50.68374000000001,87.81381490137001
6596.0,2022.0,8.0,16.0,10.0,32.2,0.0,-1.838477631,-1.838477631,661.1111111,1000.3,66.0,1.232233185,21.18,0,-0.698432396,-0.715676035,-0.866025404,-0.5,0.5,-0.866025404,2022-08-16,119.11632,113.91251375967
6597.0,2022.0,8.0,16.0,10.5,32.75,0.0,-1.627203166,-2.628415951,643.0555556,1000.0,65.0,1.359625476,20.13,0,-0.698689014,-0.715425511,-0.866025404,-0.5,0.382683432,-0.923879533,2022-08-16,119.11632,141.28177459155
6598.0,2022.0,8.0,16.0,11.0,33.3,0.0,-1.4159287,-3.41835427,625.0,999.7,64.0,1.175917406,20.13,0,-0.698945542,-0.715174895,-0.866025404,-0.5,0.258819045,-0.965925826,2022-08-16,119.11632,164.95299197433
6599.0,2022.0,8.0,16.0,11.5,33.55,0.0,-0.70796435,-3.659177135,627.7777778,999.45,62.5,1.262037519,20.48,0,-0.699201979,-0.714924186,-0.866025404,-0.5,0.130526192,-0.991444861,2022-08-16,119.11632,190.79952036345
6600.0,2022.0,8.0,16.0,12.0,33.8,0.0,-7.17e-16,-3.9,630.5555556,999.2,61.0,1.209936698,21.18,0,-0.699458327,-0.714673386,-0.866025404,-0.5,1.22515e-16,-1.0,2022-08-16,144.7653,216.42597962709
6601.0,2022.0,8.0,16.0,12.5,33.5,0.0,-7.26e-16,-3.95,676.3888889,999.0,65.0,1.367865987,21.18,0,-0.699714585,-0.714422494,-0.866025404,-0.5,-0.130526192,-0.991444861,2022-08-16,173.71836,245.39738123175
6602.0,2022.0,8.0,16.0,13.0,33.2,0.0,-7.35e-16,-4.0,722.2222222,998.8,69.0,1.371877235,28.11,0,-0.699970753,-0.71417151,-0.866025404,-0.5,-0.258819045,-0.965925826,2022-08-16,212.28528,283.96085030759997
6603.0,2022.0,8.0,16.0,13.5,32.8,0.0,-6.99e-16,-3.8,591.6666667,998.7,69.0,1.105948375,48.77,0,-0.700226831,-0.713920434,-0.866025404,-0.5,-0.382683432,-0.923879533,2022-08-16,266.2249,337.89795255635
6604.0,2022.0,8.0,16.0,14.0,32.4,0.0,-6.62e-16,-3.6,461.1111111,998.6,69.0,0.888890041,48.77,0,-0.700482818,-0.713669266,-0.866025404,-0.5,-0.5,-0.866025404,2022-08-16,309.58143,381.24911985592
6605.0,2022.0,8.0,16.0,14.5,32.5,0.0,-8.18e-16,-4.45,397.2222222,998.65,69.0,0.799886597,48.77,0,-0.700738716,-0.713418006,-0.866025404,-0.5,-0.608761429,-0.79335334,2022-08-16,349.96299,420.25958919161
6606.0,2022.0,8.0,16.0,15.0,32.6,0.0,-9.74e-16,-5.3,333.3333333,998.7,69.0,0.684720091,48.77,0,-0.700994523,-0.713166655,-0.866025404,-0.5,-0.707106781,-0.707106781,2022-08-16,385.12615999999997,453.65338802968
6607.0,2022.0,8.0,16.0,15.5,31.95,0.0,-9.83e-16,-5.35,306.9444445,998.65,71.0,0.642716638,48.77,0,-0.701250241,-0.712915212,-0.866025404,-0.5,-0.79335334,-0.608761429,2022-08-16,413.36398999999994,484.99867846494
6608.0,2022.0,8.0,16.0,16.0,31.3,0.0,-9.92e-16,-5.4,280.5555556,998.6,73.0,0.519724645,51.0,0,-0.701505868,-0.712663677,-0.866025404,-0.5,-0.866025404,-0.5,2022-08-16,439.8839899999999,511.50463535994
6609.0,2022.0,8.0,16.0,16.5,31.25,0.0,-9.28e-16,-5.05,272.2222222,998.7,74.0,0.521174267,53.0,0,-0.701761405,-0.712412051,-0.866025404,-0.5,-0.923879533,-0.382683432,2022-08-16,573.4969899999999,539.12687151094
6610.0,2022.0,8.0,16.0,17.0,31.2,0.0,-8.64e-16,-4.7,263.8888889,998.8,75.0,0.528897595,53.93,0,-0.702016852,-0.712160333,-0.866025404,-0.5,-0.965925826,-0.258819045,2022-08-16,709.8859599999998,567.65031880929
6611.0,2022.0,8.0,16.0,17.5,30.8,0.0,-7.81e-16,-4.25,188.8888889,999.05,76.0,0.370029919,52.73,0,-0.702272208,-0.711908523,-0.866025404,-0.5,-0.991444861,-0.130526192,2022-08-16,729.3960599999998,587.1619964381599
6612.0,2022.0,8.0,16.0,18.0,30.4,0.0,-6.98e-16,-3.8,113.8888889,999.3,77.0,0.230484257,52.55,0,-0.702527474,-0.711656622,-0.866025404,-0.5,-1.0,-1.83772e-16,2022-08-16,741.4825599999998,599.2739441435099
6613.0,2022.0,8.0,16.0,18.5,29.75,0.0,-7.08e-16,-3.85,61.11111112,999.65,79.5,0.121872658,50.01,0,-0.70278265,-0.71140463,-0.866025404,-0.5,-0.991444861,0.130526192,2022-08-16,741.4825599999998,605.3687957700898
6614.0,2022.0,8.0,16.0,19.0,29.1,0.0,-7.17e-16,-3.9,8.333333333,1000.0,82.0,0.00515417,51.0,0,-0.703037735,-0.711152545,-0.866025404,-0.5,-0.965925826,0.258819045,2022-08-16,747.9595599999998,605.6316584400898
6615.0,2022.0,8.0,16.0,19.5,28.85,0.0,-6.53e-16,-3.55,4.166666667,1000.4,83.0,0.0,50.0,0,-0.70329273,-0.71090037,-0.866025404,-0.5,-0.923879533,0.382683432,2022-08-16,747.9595599999998,605.6316584400898
6616.0,2022.0,8.0,16.0,20.0,28.6,0.0,-5.88e-16,-3.2,0.0,1000.8,84.0,0.0,48.77,0,-0.703547635,-0.710648103,-0.866025404,-0.5,-0.866025404,0.5,2022-08-16,747.9595599999998,605.6316584400898
6617.0,2022.0,8.0,16.0,20.5,28.55,0.0,-0.459220119,-2.708655439,0.0,1000.8,84.0,0.0,48.77,0,-0.703802449,-0.710395744,-0.866025404,-0.5,-0.79335334,0.608761429,2022-08-16,747.9595599999998,605.6316584400898
6618.0,2022.0,8.0,16.0,21.0,28.5,0.0,-0.918440238,-2.217310878,0.0,1000.8,84.0,0.0,48.77,0,-0.704057172,-0.710143294,-0.866025404,-0.5,-0.707106781,0.707106781,2022-08-16,747.9595599999998,605.6316584400898
6619.0,2022.0,8.0,16.0,21.5,28.45,0.0,-0.975842753,-2.355892808,0.0,1000.85,84.0,0.0,48.77,0,-0.704311805,-0.709890753,-0.866025404,-0.5,-0.608761429,0.79335334,2022-08-16,747.9595599999998,605.6316584400898
6620.0,2022.0,8.0,16.0,22.0,28.4,0.0,-1.033245267,-2.494474738,0.0,1000.9,84.0,0.0,45.57,0,-0.704566347,-0.709638121,-0.866025404,-0.5,-0.5,0.866025404,2022-08-16,747.9595599999998,605.6316584400898
6621.0,2022.0,8.0,16.0,22.5,28.4,0.0,-0.516622634,-2.247237369,0.0,1000.9,84.5,0.0,36.0,0,-0.704820799,-0.709385397,-0.866025404,-0.5,-0.382683432,0.923879533,2022-08-16,747.9595599999998,605.6316584400898
6622.0,2022.0,8.0,16.0,23.0,28.4,0.0,-3.68e-16,-2.0,0.0,1000.9,85.0,0.0,30.97,0,-0.70507516,-0.709132582,-0.866025404,-0.5,-0.258819045,0.965925826,2022-08-16,747.9595599999998,605.6316584400898
6623.0,2022.0,8.0,16.0,23.5,28.35,0.0,-0.401817604,-1.970073509,0.0,1001.05,85.0,0.0,22.4,0,-0.70532943,-0.708879676,-0.866025404,-0.5,-0.130526192,0.991444861,2022-08-16,747.9595599999998,605.6316584400898
6624.0,2022.0,8.0,17.0,0.0,28.3,0.0,-0.803635208,-1.940147018,0.0,1001.2,85.0,0.0,20.13,0,-0.70558361,-0.708626678,-0.866025404,-0.5,-2.4503e-16,1.0,2022-08-17,0.0,0.0
6625.0,2022.0,8.0,17.0,0.5,28.0,0.0,-1.073569046,-1.641824951,0.0,1001.45,86.0,0.0,23.39,0,-0.705837699,-0.70837359,-0.866025404,-0.5,0.130526192,0.991444861,2022-08-17,0.0,0.0
6626.0,2022.0,8.0,17.0,1.0,27.7,0.0,-1.343502884,-1.343502884,0.0,1001.7,87.0,0.0,21.18,0,-0.706091697,-0.70812041,-0.866025404,-0.5,0.258819045,0.965925826,2022-08-17,0.0,0.0
6627.0,2022.0,8.0,17.0,1.5,27.5,0.0,-1.503243021,-0.327336353,0.0,1001.8,86.0,0.0,20.65,0,-0.706345604,-0.707867139,-0.866025404,-0.5,0.382683432,0.923879533,2022-08-17,0.0,0.0
6628.0,2022.0,8.0,17.0,2.0,27.3,0.0,-1.662983159,0.688830178,0.0,1001.9,85.0,0.0,20.1,0,-0.706599421,-0.707613778,-0.866025404,-0.5,0.5,0.866025404,2022-08-17,0.0,0.0
6629.0,2022.0,8.0,17.0,2.5,26.65,0.0,-1.043623614,0.132283055,0.0,1002.2,88.5,0.0,19.82,0,-0.706853147,-0.707360325,-0.866025404,-0.5,0.608761429,0.79335334,2022-08-17,0.0,0.0
6630.0,2022.0,8.0,17.0,3.0,26.0,0.0,-0.424264069,-0.424264069,0.0,1002.5,92.0,0.0,19.57,0,-0.707106781,-0.707106781,-0.866025404,-0.5,0.707106781,0.707106781,2022-08-17,0.0,0.0
6631.0,2022.0,8.0,17.0,3.5,26.05,0.0,-0.035355339,-0.035355339,0.0,1002.65,93.5,0.0,19.57,0,-0.707360325,-0.706853147,-0.866025404,-0.5,0.79335334,0.608761429,2022-08-17,0.0,0.0
6632.0,2022.0,8.0,17.0,4.0,26.1,0.0,0.353553391,0.353553391,0.0,1002.8,95.0,0.0,19.78,0,-0.707613778,-0.706599421,-0.866025404,-0.5,0.866025404,0.5,2022-08-17,0.0,0.0
6633.0,2022.0,8.0,17.0,4.5,25.95,0.0,0.530330086,-0.176776695,0.0,1003.15,95.5,0.0,19.57,0,-0.707867139,-0.706345604,-0.866025404,-0.5,0.923879533,0.382683432,2022-08-17,0.0,0.0
6634.0,2022.0,8.0,17.0,5.0,25.8,0.0,0.707106781,-0.707106781,0.0,1003.5,96.0,0.0,19.97,0,-0.70812041,-0.706091697,-0.866025404,-0.5,0.965925826,0.258819045,2022-08-17,0.0,0.0
6635.0,2022.0,8.0,17.0,5.5,26.6,0.0,0.954075087,-0.10480916,11.11111111,1003.9,92.0,0.0157987,20.0,0,-0.70837359,-0.705837699,-0.866025404,-0.5,0.991444861,0.130526192,2022-08-17,0.0,0.315974
6636.0,2022.0,8.0,17.0,6.0,27.4,0.0,1.201043392,0.497488462,22.22222222,1004.3,88.0,0.04303596,20.0,0,-0.708626678,-0.70558361,-0.866025404,-0.5,1.0,6.12574e-17,2022-08-17,0.0,1.1766931999999999
6637.0,2022.0,8.0,17.0,6.5,27.4,0.0,1.400521696,0.248744231,43.05555556,1004.5,82.5,0.087666435,20.1,0,-0.708879676,-0.70532943,-0.866025404,-0.5,0.991444861,-0.130526192,2022-08-17,0.0,2.9387885435000003
6638.0,2022.0,8.0,17.0,7.0,27.4,0.0,1.6,0.0,63.88888889,1004.7,77.0,0.118404268,20.1,0,-0.709132582,-0.70507516,-0.866025404,-0.5,0.965925826,-0.258819045,2022-08-17,0.0,5.318714330300001
6639.0,2022.0,8.0,17.0,7.5,27.4,0.0,1.330330086,0.530330086,86.1111111,1005.0,78.0,0.171070919,20.0,0,-0.709385397,-0.704820799,-0.866025404,-0.5,0.923879533,-0.382683432,2022-08-17,0.0,8.7401327103
6640.0,2022.0,8.0,17.0,8.0,27.4,0.0,1.060660172,1.060660172,108.3333333,1005.3,79.0,0.224331244,21.0,0,-0.709638121,-0.704566347,-0.866025404,-0.5,0.866025404,-0.5,2022-08-17,0.0,13.451088834299998
6641.0,2022.0,8.0,17.0,8.5,27.35,0.0,1.237436867,1.237436867,120.8333333,1005.75,81.0,0.217244262,22.0,0,-0.709890753,-0.704311805,-0.866025404,-0.5,0.79335334,-0.608761429,2022-08-17,0.0,18.230462598299997
6642.0,2022.0,8.0,17.0,9.0,27.3,0.0,1.414213562,1.414213562,133.3333333,1006.2,83.0,0.270198181,30.0,0,-0.710143294,-0.704057172,-0.866025404,-0.5,0.707106781,-0.707106781,2022-08-17,0.0,26.3364080283
6643.0,2022.0,8.0,17.0,9.5,27.7,0.0,1.907106781,0.707106781,179.1666667,1006.45,81.0,0.364592448,40.66,0,-0.710395744,-0.703802449,-0.866025404,-0.5,0.608761429,-0.79335334,2022-08-17,0.0,41.16073696398
6644.0,2022.0,8.0,17.0,10.0,28.1,0.0,2.4,0.0,225.0,1006.7,79.0,0.436394297,41.22,0,-0.710648103,-0.703547635,-0.866025404,-0.5,0.5,-0.866025404,2022-08-17,0.0,59.14890988632
6645.0,2022.0,8.0,17.0,10.5,27.5,0.0,2.123879533,0.382683433,218.0555556,1006.4,79.0,0.421907229,41.33,0,-0.71090037,-0.70329273,-0.866025404,-0.5,0.382683432,-0.923879533,2022-08-17,0.0,76.58633566089
6646.0,2022.0,8.0,17.0,11.0,26.9,0.0,1.847759065,0.765366865,211.1111111,1006.1,79.0,0.422093982,41.78,0,-0.711152545,-0.703037735,-0.866025404,-0.5,0.258819045,-0.965925826,2022-08-17,0.0,94.22142222885
6647.0,2022.0,8.0,17.0,11.5,27.65,0.0,2.540668714,1.052379439,388.8888889,1006.25,71.5,0.7385185,45.01,0,-0.71140463,-0.70278265,-0.866025404,-0.5,0.130526192,-0.991444861,2022-08-17,123.28238999999999,127.46213991385
6648.0,2022.0,8.0,17.0,12.0,28.4,0.0,3.233578364,1.339392013,566.6666667,1006.4,64.0,1.163376046,45.0,0,-0.711656622,-0.702527474,-0.866025404,-0.5,1.22515e-16,-1.0,2022-08-17,176.47239,179.81406198385
6649.0,2022.0,8.0,17.0,12.5,29.25,0.0,3.316789182,0.669696007,693.0555556,1006.45,62.0,1.398114572,42.57,0,-0.711908523,-0.702272208,-0.866025404,-0.5,-0.130526192,-0.991444861,2022-08-17,176.47239,239.33179931389
6650.0,2022.0,8.0,17.0,13.0,30.1,0.0,3.4,0.0,819.4444444,1006.5,60.0,1.828624322,42.57,0,-0.712160333,-0.702016852,-0.866025404,-0.5,-0.258819045,-0.965925826,2022-08-17,176.47239,317.17633670143
6651.0,2022.0,8.0,17.0,13.5,29.5,0.0,3.4,0.0,683.3333333,1006.5,61.0,1.399656114,47.0,0,-0.712412051,-0.701761405,-0.866025404,-0.5,-0.382683432,-0.923879533,2022-08-17,242.27239,382.96017405942996
6652.0,2022.0,8.0,17.0,14.0,28.9,0.0,3.4,0.0,547.2222222,1006.5,62.0,1.075251185,50.0,0,-0.712663677,-0.701505868,-0.866025404,-0.5,-0.5,-0.866025404,2022-08-17,296.02239,436.72273330942994
6653.0,2022.0,8.0,17.0,14.5,28.85,0.0,3.35,0.0,452.7777778,1006.6,61.5,0.953289023,51.0,0,-0.712915212,-0.701250241,-0.866025404,-0.5,-0.608761429,-0.79335334,2022-08-17,344.62539,485.34047348242996
6654.0,2022.0,8.0,17.0,15.0,28.8,0.0,3.3,0.0,358.3333333,1006.7,61.0,0.687417946,52.0,0,-0.713166655,-0.700994523,-0.866025404,-0.5,-0.707106781,-0.707106781,2022-08-17,406.76538999999997,521.08620667443
6655.0,2022.0,8.0,17.0,15.5,28.15,0.0,3.25,0.0,241.6666667,1006.9,64.0,0.508436709,51.0,0,-0.713418006,-0.700738716,-0.866025404,-0.5,-0.79335334,-0.608761429,2022-08-17,406.76538999999997,547.0164788334299
6656.0,2022.0,8.0,17.0,16.0,27.5,0.0,3.2,0.0,125.0,1007.1,67.0,0.240951,53.54,0,-0.713669266,-0.700482818,-0.866025404,-0.5,-0.866025404,-0.5,2022-08-17,419.66853,559.9169953734299
6657.0,2022.0,8.0,17.0,16.5,27.3,0.0,2.939625322,0.554890977,95.83333333,1007.0,67.5,0.208663094,53.88,0,-0.713920434,-0.700226831,-0.866025404,-0.5,-0.923879533,-0.382683432,2022-08-17,538.68945,571.1597628781499
6658.0,2022.0,8.0,17.0,17.0,27.1,0.0,2.679250644,1.109781954,66.66666667,1006.9,68.0,0.127021982,53.89,0,-0.71417151,-0.699970753,-0.866025404,-0.5,-0.965925826,-0.258819045,2022-08-17,653.31348,578.0049774881298
6659.0,2022.0,8.0,17.0,17.5,26.6,0.25,2.402086785,0.994976924,56.94444445,1007.2,72.5,0.118326226,53.54,0,-0.714422494,-0.699714585,-0.866025404,-0.5,-0.991444861,-0.130526192,2022-08-17,653.36702,584.3401636281699
6660.0,2022.0,8.0,17.0,18.0,26.1,0.5,2.124922925,0.880171894,47.22222222,1007.5,77.0,0.083988273,53.36,0,-0.714673386,-0.699458327,-0.866025404,-0.5,-1.0,-1.83772e-16,2022-08-17,653.36702,588.8217778754499
6661.0,2022.0,8.0,17.0,18.5,25.75,0.25,1.893953042,0.784501036,26.38888889,1007.7,77.0,0.053039844,53.54,0,-0.714924186,-0.699201979,-0.866025404,-0.5,-0.991444861,0.130526192,2022-08-17,657.43606,591.6615311232099
6662.0,2022.0,8.0,17.0,19.0,25.4,0.0,1.662983159,0.688830178,5.555555556,1007.9,77.0,0.004146343,53.54,0,-0.715174895,-0.698945542,-0.866025404,-0.5,-0.965925826,0.258819045,2022-08-17,667.18034,591.8835263274299
6663.0,2022.0,8.0,17.0,19.5,25.2,0.0,1.467887683,0.980811192,2.777777778,1008.2,76.0,0.0009497,53.05,0,-0.715425511,-0.698689014,-0.866025404,-0.5,-0.923879533,0.382683432,2022-08-17,667.23339,591.9339079124298
6664.0,2022.0,8.0,17.0,20.0,25.0,0.0,1.272792206,1.272792206,0.0,1008.5,75.0,0.0,50.0,0,-0.715676035,-0.698432396,-0.866025404,-0.5,-0.866025404,0.5,2022-08-17,667.23339,591.9339079124298
6665.0,2022.0,8.0,17.0,20.5,24.8,0.0,1.686396103,0.636396103,0.0,1008.4,78.0,0.0,42.57,0,-0.715926468,-0.698175689,-0.866025404,-0.5,-0.79335334,0.608761429,2022-08-17,667.23339,591.9339079124298
6666.0,2022.0,8.0,17.0,21.0,24.6,0.0,2.1,0.0,0.0,1008.3,81.0,0.0,24.5,0,-0.716176808,-0.697918892,-0.866025404,-0.5,-0.707106781,0.707106781,2022-08-17,667.23339,591.9339079124298
6667.0,2022.0,8.0,17.0,21.5,24.45,0.0,1.789103626,0.306146746,0.0,1008.15,81.5,0.0,22.81,0,-0.716427056,-0.697662005,-0.866025404,-0.5,-0.608761429,0.79335334,2022-08-17,667.23339,591.9339079124298
6668.0,2022.0,8.0,17.0,22.0,24.3,0.0,1.478207252,0.612293492,0.0,1008.0,82.0,0.0,21.0,0,-0.716677212,-0.697405029,-0.866025404,-0.5,-0.5,0.866025404,2022-08-17,667.23339,591.9339079124298
6669.0,2022.0,8.0,17.0,22.5,24.0,0.0,1.34014439,0.90718751,0.0,1008.05,83.5,0.0,23.1,0,-0.716927276,-0.697147962,-0.866025404,-0.5,-0.382683432,0.923879533,2022-08-17,667.23339,591.9339079124298
6670.0,2022.0,8.0,17.0,23.0,23.7,0.0,1.202081528,1.202081528,0.0,1008.1,85.0,0.0,23.1,0,-0.717177247,-0.696890806,-0.866025404,-0.5,-0.258819045,0.965925826,2022-08-17,667.23339,591.9339079124298
6671.0,2022.0,8.0,17.0,23.5,23.35,0.0,1.096015511,1.096015511,0.0,1007.85,87.5,0.0,21.59,0,-0.717427127,-0.696633561,-0.866025404,-0.5,-0.130526192,0.991444861,2022-08-17,667.23339,591.9339079124298
6672.0,2022.0,8.0,18.0,0.0,23.0,0.0,0.989949494,0.989949494,0.0,1007.6,90.0,0.0,20.28,0,-0.717676914,-0.696376226,-0.866025404,-0.5,-2.4503e-16,1.0,2022-08-18,0.0,0.0
6673.0,2022.0,8.0,18.0,0.5,22.8,0.25,1.096015511,1.096015511,0.0,1007.25,91.5,0.0,20.68,0,-0.717926608,-0.696118801,-0.866025404,-0.5,0.130526192,0.991444861,2022-08-18,0.0,0.0
6674.0,2022.0,8.0,18.0,1.0,22.6,0.5,1.202081528,1.202081528,0.0,1006.9,93.0,0.0,19.99,0,-0.718176211,-0.695861287,-0.866025404,-0.5,0.258819045,0.965925826,2022-08-18,0.0,0.0
6675.0,2022.0,8.0,18.0,1.5,22.65,0.25,1.096015511,1.096015511,0.0,1006.65,93.5,0.0,19.52,0,-0.718425721,-0.695603683,-0.866025404,-0.5,0.382683432,0.923879533,2022-08-18,0.0,0.0
6676.0,2022.0,8.0,18.0,2.0,22.7,0.0,0.989949494,0.989949494,0.0,1006.4,94.0,0.0,18.53,0,-0.718675139,-0.69534599,-0.866025404,-0.5,0.5,0.866025404,2022-08-18,0.0,0.0
6677.0,2022.0,8.0,18.0,2.5,22.7,0.0,1.272792207,1.272792207,0.0,1005.9,94.5,0.0,18.53,0,-0.718924464,-0.695088207,-0.866025404,-0.5,0.608761429,0.79335334,2022-08-18,0.0,0.0
6678.0,2022.0,8.0,18.0,3.0,22.7,0.0,1.555634919,1.555634919,0.0,1005.4,95.0,0.0,19.0,0,-0.719173697,-0.694830335,-0.866025404,-0.5,0.707106781,0.707106781,2022-08-18,0.0,0.0
6679.0,2022.0,8.0,18.0,3.5,22.85,0.0,1.37781746,0.77781746,0.0,1005.05,94.5,0.0,19.0,0,-0.719422837,-0.694572373,-0.866025404,-0.5,0.79335334,0.608761429,2022-08-18,0.0,0.0
6680.0,2022.0,8.0,18.0,4.0,23.0,0.0,1.2,0.0,0.0,1004.7,94.0,0.0,19.0,0,-0.719671885,-0.694314323,-0.866025404,-0.5,0.866025404,0.5,2022-08-18,0.0,0.0
6681.0,2022.0,8.0,18.0,4.5,23.0,0.0,1.3,0.0,0.0,1004.45,94.5,0.0,19.52,0,-0.71992084,-0.694056183,-0.866025404,-0.5,0.923879533,0.382683432,2022-08-18,0.0,0.0
6682.0,2022.0,8.0,18.0,5.0,23.0,0.0,1.4,0.0,0.0,1004.2,95.0,0.0,19.57,0,-0.720169702,-0.693797953,-0.866025404,-0.5,0.965925826,0.258819045,2022-08-18,0.0,0.0
6683.0,2022.0,8.0,18.0,5.5,23.15,0.0,1.4,0.0,6.944444445,1004.1,95.5,0.009414425,19.82,0,-0.720418472,-0.693539635,-0.866025404,-0.5,0.991444861,0.130526192,2022-08-18,0.0,0.18659390350000002
6684.0,2022.0,8.0,18.0,6.0,23.3,0.0,1.4,0.0,13.88888889,1004.0,96.0,0.027388893,19.52,0,-0.72066715,-0.693281227,-0.866025404,-0.5,1.0,6.12574e-17,2022-08-18,0.0,0.7212250948600001
6685.0,2022.0,8.0,18.0,6.5,23.35,0.25,1.25,0.0,29.16666667,1004.0,97.0,0.059140724,19.0,0,-0.720915734,-0.69302273,-0.866025404,-0.5,0.991444861,-0.130526192,2022-08-18,0.0,1.8448988508600002
6686.0,2022.0,8.0,18.0,7.0,23.4,0.5,1.1,0.0,44.44444444,1004.0,98.0,0.091679695,19.52,0,-0.721164226,-0.692764144,-0.866025404,-0.5,0.965925826,-0.258819045,2022-08-18,0.0,3.63448649726
6687.0,2022.0,8.0,18.0,7.5,23.7,0.5,0.741341716,0.461939767,54.16666666,1003.9,98.0,0.108627129,20.0,0,-0.721412625,-0.692505469,-0.866025404,-0.5,0.923879533,-0.382683432,2022-08-18,0.0,5.80702907726
6688.0,2022.0,8.0,18.0,8.0,24.0,0.5,0.382683432,0.923879533,63.88888889,1003.8,98.0,0.138870168,21.18,0,-0.721660932,-0.692246704,-0.866025404,-0.5,0.866025404,-0.5,2022-08-18,0.0,8.7482992355
6689.0,2022.0,8.0,18.0,8.5,24.0,1.5,0.699475459,0.672415655,56.94444445,1003.65,98.5,0.109043611,20.48,0,-0.721909145,-0.691987851,-0.866025404,-0.5,0.79335334,-0.608761429,2022-08-18,0.0,10.981512388779999
6690.0,2022.0,8.0,18.0,9.0,24.0,2.5,1.016267486,0.420951776,50.0,1003.5,99.0,0.084284959,29.0,0,-0.722157266,-0.691728909,-0.866025404,-0.5,0.707106781,-0.707106781,2022-08-18,0.0,13.42577619978
6691.0,2022.0,8.0,18.0,9.5,24.3,2.25,1.427372559,-0.708762927,52.77777778,1002.75,99.0,0.098713916,33.0,0,-0.722405294,-0.691469878,-0.866025404,-0.5,0.608761429,-0.79335334,2022-08-18,0.0,16.68333542778
6692.0,2022.0,8.0,18.0,10.0,24.6,2.0,1.838477631,-1.838477631,55.55555556,1002.0,99.0,0.112919368,36.0,0,-0.722653228,-0.691210758,-0.866025404,-0.5,0.5,-0.866025404,2022-08-18,0.0,20.748432675780002
6693.0,2022.0,8.0,18.0,10.5,25.55,1.25,0.919238815,-2.819238816,90.27777778,1001.4,97.5,0.184955832,35.0,0,-0.72290107,-0.690951549,-0.866025404,-0.5,0.382683432,-0.923879533,2022-08-18,0.0,27.22188679578
6694.0,2022.0,8.0,18.0,11.0,26.5,0.5,-6.98e-16,-3.8,125.0,1000.8,96.0,0.240714269,36.0,0,-0.723148819,-0.690692251,-0.866025404,-0.5,0.258819045,-0.965925826,2022-08-18,0.0,35.887600479780005
6695.0,2022.0,8.0,18.0,11.5,27.6,0.25,-0.841903551,-3.932534972,243.0555556,1000.0,92.5,0.463973692,38.0,0,-0.723396475,-0.690432864,-0.866025404,-0.5,0.130526192,-0.991444861,2022-08-18,0.0,53.51860077578
6696.0,2022.0,8.0,18.0,12.0,28.7,0.0,-1.683807102,-4.065069943,361.1111111,999.2,89.0,0.819312137,38.0,0,-0.723644038,-0.690173388,-0.866025404,-0.5,1.22515e-16,-1.0,2022-08-18,0.0,84.65246198178001
6697.0,2022.0,8.0,18.0,12.5,28.1,0.0,-2.645025843,-3.835657264,351.3888889,998.95,87.5,0.713447622,35.0,0,-0.723891508,-0.689913824,-0.866025404,-0.5,-0.130526192,-0.991444861,2022-08-18,0.0,109.62312875178
6698.0,2022.0,8.0,18.0,13.0,27.5,0.0,-3.606244584,-3.606244584,341.6666667,998.7,86.0,0.68311383,38.0,0,-0.724138885,-0.689654171,-0.866025404,-0.5,-0.258819045,-0.965925826,2022-08-18,0.0,135.58145429178
6699.0,2022.0,8.0,18.0,13.5,27.1,0.0,-3.203122292,-1.803122292,275.0,998.5,86.5,0.525083894,42.79,0,-0.724386169,-0.689394429,-0.866025404,-0.5,-0.382683432,-0.923879533,2022-08-18,20.19688,158.04979411604
6700.0,2022.0,8.0,18.0,14.0,26.7,0.0,-2.8,3.43e-16,208.3333333,998.3,87.0,0.446276394,42.79,0,-0.724633359,-0.689134599,-0.866025404,-0.5,-0.5,-0.866025404,2022-08-18,124.81842999999998,177.1459610153
6701.0,2022.0,8.0,18.0,14.5,27.55,0.0,-2.4,2.94e-16,423.6111111,998.05,84.5,0.878300304,42.79,0,-0.724880456,-0.68887468,-0.866025404,-0.5,-0.608761429,-0.79335334,2022-08-18,247.92525999999998,214.72843102346002
6702.0,2022.0,8.0,18.0,15.0,28.4,0.0,-2.0,2.45e-16,638.8888889,997.8,82.0,1.278383255,30.02,0,-0.72512746,-0.688614672,-0.866025404,-0.5,-0.707106781,-0.707106781,2022-08-18,247.92525999999998,253.10549633856002
6703.0,2022.0,8.0,18.0,15.5,28.65,0.0,-2.2,2.7e-16,573.6111111,997.8,81.5,1.066872274,30.0,0,-0.725374371,-0.688354576,-0.866025404,-0.5,-0.79335334,-0.608761429,2022-08-18,247.92525999999998,285.11166455856
6704.0,2022.0,8.0,18.0,16.0,28.9,0.0,-2.4,2.94e-16,508.3333333,997.8,81.0,0.965787932,35.0,0,-0.725621188,-0.688094391,-0.866025404,-0.5,-0.866025404,-0.5,2022-08-18,247.92525999999998,318.91424217856
6705.0,2022.0,8.0,18.0,16.5,28.75,0.0,-2.05,2.51e-16,409.7222222,998.05,79.5,0.771357704,38.18,0,-0.725867913,-0.687834118,-0.866025404,-0.5,-0.923879533,-0.382683432,2022-08-18,251.05602,348.36467931728004
6706.0,2022.0,8.0,18.0,17.0,28.6,0.0,-1.7,2.08e-16,311.1111111,998.3,78.0,0.605834352,42.79,0,-0.726114543,-0.687573756,-0.866025404,-0.5,-0.965925826,-0.258819045,2022-08-18,277.02955,374.28833123936005
6707.0,2022.0,8.0,18.0,17.5,27.85,0.0,-1.451040764,0.601040764,211.1111111,998.75,82.0,0.41931307,42.79,0,-0.726361081,-0.687313306,-0.866025404,-0.5,-0.991444861,-0.130526192,2022-08-18,300.90637,392.23073750466006
6708.0,2022.0,8.0,18.0,18.0,27.1,0.0,-1.202081528,1.202081528,111.1111111,999.2,86.0,0.241043422,42.79,0,-0.726607525,-0.687052767,-0.866025404,-0.5,-1.0,-1.83772e-16,2022-08-18,396.37086,402.5449855320401
6709.0,2022.0,8.0,18.0,18.5,26.2,0.0,-1.062980531,0.79238248,59.72222222,999.35,90.5,0.115294408,38.18,0,-0.726853875,-0.68679214,-0.866025404,-0.5,-0.991444861,0.130526192,2022-08-18,396.37086,406.9469260294801
6710.0,2022.0,8.0,18.0,19.0,25.3,0.0,-0.923879533,0.382683432,8.333333333,999.5,95.0,0.009525716,38.83,0,-0.727100132,-0.686531425,-0.866025404,-0.5,-0.965925826,0.258819045,2022-08-18,396.37086,407.3168095817601
6711.0,2022.0,8.0,18.0,19.5,24.95,0.0,0.188060233,0.191341716,4.166666667,999.65,96.5,0.0021716,42.79,0,-0.727346296,-0.686270621,-0.866025404,-0.5,-0.923879533,0.382683432,2022-08-18,481.82249,407.40973234576006
6712.0,2022.0,8.0,18.0,20.0,24.6,0.0,1.3,0.0,0.0,999.8,98.0,0.0,32.49,0,-0.727592366,-0.68600973,-0.866025404,-0.5,-0.866025404,0.5,2022-08-18,481.82249,407.40973234576006
6713.0,2022.0,8.0,18.0,20.5,24.35,0.0,0.862132035,0.212132035,0.0,1000.0,99.0,0.0,24.73,0,-0.727838342,-0.68574875,-0.866025404,-0.5,-0.79335334,0.608761429,2022-08-18,481.82249,407.40973234576006
6714.0,2022.0,8.0,18.0,21.0,24.1,0.0,0.424264069,0.424264069,0.0,1000.2,100.0,0.0,23.21,0,-0.728084225,-0.685487681,-0.866025404,-0.5,-0.707106781,0.707106781,2022-08-18,481.82249,407.40973234576006
6715.0,2022.0,8.0,18.0,21.5,23.95,0.0,0.212132034,-0.187867966,0.0,1000.25,100.0,0.0,23.02,0,-0.728330014,-0.685226525,-0.866025404,-0.5,-0.608761429,0.79335334,2022-08-18,481.82249,407.40973234576006
6716.0,2022.0,8.0,18.0,22.0,23.8,0.0,-1.47e-16,-0.8,0.0,1000.3,100.0,0.0,21.09,0,-0.72857571,-0.68496528,-0.866025404,-0.5,-0.5,0.866025404,2022-08-18,481.82249,407.40973234576006
6717.0,2022.0,8.0,18.0,22.5,23.85,0.0,-1.75e-16,-0.95,0.0,1000.4,100.0,0.0,22.83,0,-0.728821311,-0.684703948,-0.866025404,-0.5,-0.382683432,0.923879533,2022-08-18,481.82249,407.40973234576006
6718.0,2022.0,8.0,18.0,23.0,23.9,0.0,-2.02e-16,-1.1,0.0,1000.5,100.0,0.0,20.13,0,-0.729066819,-0.684442527,-0.866025404,-0.5,-0.258819045,0.965925826,2022-08-18,481.82249,407.40973234576006
6719.0,2022.0,8.0,18.0,23.5,23.65,0.0,-0.600521696,-0.798744231,0.0,1000.55,100.0,0.0,19.99,0,-0.729312234,-0.684181018,-0.866025404,-0.5,-0.130526192,0.991444861,2022-08-18,481.82249,407.40973234576006
6720.0,2022.0,8.0,19.0,0.0,23.4,0.0,-1.201043392,-0.497488462,0.0,1000.6,100.0,0.0,19.57,0,-0.729557554,-0.683919422,-0.866025404,-0.5,-2.4503e-16,1.0,2022-08-19,0.0,0.0
6721.0,2022.0,8.0,19.0,0.5,22.4,0.0,-1.150521696,-0.248744231,0.0,1000.8,100.0,0.0,19.57,0,-0.729802781,-0.683657737,-0.866025404,-0.5,0.130526192,0.991444861,2022-08-19,0.0,0.0
6722.0,2022.0,8.0,19.0,1.0,21.4,0.0,-1.1,1.35e-16,0.0,1001.0,100.0,0.0,19.57,0,-0.730047913,-0.683395964,-0.866025404,-0.5,0.258819045,0.965925826,2022-08-19,0.0,0.0
6723.0,2022.0,8.0,19.0,1.5,20.9,0.0,-0.019669914,0.530330086,0.0,1001.3,99.0,0.0,19.57,0,-0.730292952,-0.683134104,-0.866025404,-0.5,0.382683432,0.923879533,2022-08-19,0.0,0.0
6724.0,2022.0,8.0,19.0,2.0,20.4,0.0,1.060660172,1.060660172,0.0,1001.6,98.0,0.0,18.53,0,-0.730537897,-0.682872155,-0.866025404,-0.5,0.5,0.866025404,2022-08-19,0.0,0.0
6725.0,2022.0,8.0,19.0,2.5,20.35,0.0,0.530330086,-0.019669914,0.0,1001.55,98.0,0.0,18.53,0,-0.730782748,-0.682610119,-0.866025404,-0.5,0.608761429,0.79335334,2022-08-19,0.0,0.0
6726.0,2022.0,8.0,19.0,3.0,20.3,0.0,-2.02e-16,-1.1,0.0,1001.5,98.0,0.0,18.0,0,-0.731027505,-0.682347995,-0.866025404,-0.5,0.707106781,0.707106781,2022-08-19,0.0,0.0
6727.0,2022.0,8.0,19.0,3.5,20.15,0.0,0.508133743,-0.339524112,0.0,1001.4,98.5,0.0,18.53,0,-0.731272168,-0.682085783,-0.866025404,-0.5,0.79335334,0.608761429,2022-08-19,0.0,0.0
6728.0,2022.0,8.0,19.0,4.0,20.0,0.0,1.016267486,0.420951776,0.0,1001.3,99.0,0.0,18.53,0,-0.731516737,-0.681823484,-0.866025404,-0.5,0.866025404,0.5,2022-08-19,0.0,0.0
6729.0,2022.0,8.0,19.0,4.5,19.8,0.0,0.649555099,0.069054532,0.0,1001.7,99.0,0.0,19.21,0,-0.731761212,-0.681561097,-0.866025404,-0.5,0.923879533,0.382683432,2022-08-19,0.0,0.0
6730.0,2022.0,8.0,19.0,5.0,19.6,0.0,0.282842712,-0.282842712,0.0,1002.1,99.0,0.0,19.52,0,-0.732005593,-0.681298622,-0.866025404,-0.5,0.965925826,0.258819045,2022-08-19,0.0,0.0
6731.0,2022.0,8.0,19.0,5.5,19.9,0.0,-0.176776696,0.176776696,25.0,1002.3,99.5,0.052148045,19.19,0,-0.732249879,-0.68103606,-0.866025404,-0.5,0.991444861,0.130526192,2022-08-19,0.0,1.00072098355
6732.0,2022.0,8.0,19.0,6.0,20.2,0.0,-0.636396103,0.636396103,50.0,1002.5,100.0,0.097397446,18.53,0,-0.732494072,-0.680773409,-0.866025404,-0.5,1.0,6.12574e-17,2022-08-19,0.0,2.80549565793
6733.0,2022.0,8.0,19.0,6.5,22.35,0.0,-0.318198051,1.068198052,140.2777778,1002.35,89.5,0.274469602,19.52,0,-0.73273817,-0.680510672,-0.866025404,-0.5,0.991444861,-0.130526192,2022-08-19,0.0,8.16314228897
6734.0,2022.0,8.0,19.0,7.0,24.5,0.0,9.19e-17,1.5,230.5555556,1002.2,79.0,0.483726211,17.62,0,-0.732982174,-0.680247847,-0.866025404,-0.5,0.965925826,-0.258819045,2022-08-19,0.0,16.686398126790003
6735.0,2022.0,8.0,19.0,7.5,25.55,0.0,0.65,0.75,334.7222222,1002.2,73.5,0.694583931,17.53,0,-0.733226083,-0.679984934,-0.866025404,-0.5,0.923879533,-0.382683432,2022-08-19,0.0,28.862454437220002
6736.0,2022.0,8.0,19.0,8.0,26.6,0.0,1.3,0.0,438.8888889,1002.2,68.0,0.834920866,15.0,0,-0.733469899,-0.679721934,-0.866025404,-0.5,0.866025404,-0.5,2022-08-19,0.0,41.386267427220005
6737.0,2022.0,8.0,19.0,8.5,27.5,0.0,1.144974747,-0.494974747,531.9444445,1002.15,64.0,0.990894232,11.12,0,-0.73371362,-0.679458847,-0.866025404,-0.5,0.79335334,-0.608761429,2022-08-19,0.0,52.405011287060006
6738.0,2022.0,8.0,19.0,9.0,28.4,0.0,0.989949494,-0.989949494,625.0,1002.1,60.0,1.284986662,19.57,0,-0.733957246,-0.679195672,-0.866025404,-0.5,0.707106781,-0.707106781,2022-08-19,13.95341,77.5522002624
6739.0,2022.0,8.0,19.0,9.5,28.85,0.0,1.378858224,-1.378858224,704.1666667,1002.1,60.0,1.380000843,20.0,0,-0.734200779,-0.678932409,-0.866025404,-0.5,0.608761429,-0.79335334,2022-08-19,81.55341,105.1522171224
6740.0,2022.0,8.0,19.0,10.0,29.3,0.0,1.767766953,-1.767766953,783.3333333,1002.1,60.0,1.553370635,20.01,0,-0.734444217,-0.67866906,-0.866025404,-0.5,0.5,-0.866025404,2022-08-19,152.64894,136.23516352875
6741.0,2022.0,8.0,19.0,10.5,29.65,0.0,1.419640282,-2.177314822,829.1666667,1001.9,56.5,1.690007306,19.82,0,-0.73468756,-0.678405623,-0.866025404,-0.5,0.382683432,-0.923879533,2022-08-19,152.64894,169.73110833367002
6742.0,2022.0,8.0,19.0,11.0,30.0,0.0,1.071513611,-2.586862691,875.0,1001.7,53.0,1.689846825,19.99,0,-0.734930809,-0.678142099,-0.866025404,-0.5,0.258819045,-0.965925826,2022-08-19,152.74889000000002,203.51114636542002
6743.0,2022.0,8.0,19.0,11.5,30.3,0.0,0.535756805,-1.943431346,897.2222222,1001.35,48.0,1.718683763,20.0,0,-0.735173963,-0.677878488,-0.866025404,-0.5,0.130526192,-0.991444861,2022-08-19,227.12889,237.88482162542002
6744.0,2022.0,8.0,19.0,12.0,30.6,0.0,-2.39e-16,-1.3,919.4444444,1001.0,43.0,1.864066914,19.99,0,-0.735417023,-0.677614789,-0.866025404,-0.5,1.22515e-16,-1.0,2022-08-19,278.78305,275.14751923628
6745.0,2022.0,8.0,19.0,12.5,31.3,0.0,-3.86e-16,-2.1,908.3333333,1000.75,42.0,1.714962883,16.81,0,-0.735659988,-0.677351003,-0.866025404,-0.5,-0.130526192,-0.991444861,2022-08-19,278.78305,303.97604529951
6746.0,2022.0,8.0,19.0,13.0,32.0,0.0,-5.33e-16,-2.9,897.2222222,1000.5,41.0,1.629991793,17.43,0,-0.735902859,-0.677087131,-0.866025404,-0.5,-0.258819045,-0.965925826,2022-08-19,278.78305,332.3868022515
6747.0,2022.0,8.0,19.0,13.5,32.05,0.0,-0.813172799,-2.263172799,812.5,1000.3,42.5,1.617129852,20.0,0,-0.736145635,-0.676823171,-0.866025404,-0.5,-0.382683432,-0.923879533,2022-08-19,311.12305000000003,364.7293992915
6748.0,2022.0,8.0,19.0,14.0,32.1,0.0,-1.626345597,-1.626345597,727.7777778,1000.1,44.0,1.506548699,21.56,0,-0.736388316,-0.676559124,-0.866025404,-0.5,-0.5,-0.866025404,2022-08-19,343.61397000000005,397.21058924194
6749.0,2022.0,8.0,19.0,14.5,32.1,0.0,-0.105208449,-2.522349934,690.2777778,1000.05,45.0,1.378545474,25.0,0,-0.736630903,-0.67629499,-0.866025404,-0.5,-0.608761429,-0.79335334,2022-08-19,378.0889700000001,431.67422609194
6750.0,2022.0,8.0,19.0,15.0,32.1,0.0,1.4159287,-3.41835427,652.7777778,1000.0,46.0,1.303353892,30.0,0,-0.736873394,-0.676030769,-0.866025404,-0.5,-0.707106781,-0.707106781,2022-08-19,417.17897000000005,470.77484285194
6751.0,2022.0,8.0,19.0,15.5,31.2,0.0,1.607270416,-3.880294037,587.5,1000.15,52.5,1.213731428,39.93,0,-0.737115791,-0.675766461,-0.866025404,-0.5,-0.79335334,-0.608761429,2022-08-19,465.65399,519.2391387719799
6752.0,2022.0,8.0,19.0,16.0,30.3,0.0,1.798612132,-4.342233803,522.2222222,1000.3,59.0,1.001068979,41.0,0,-0.737358094,-0.675502066,-0.866025404,-0.5,-0.866025404,-0.5,2022-08-19,506.69499,560.2829669109799
6753.0,2022.0,8.0,19.0,16.5,29.05,0.0,1.875148819,-4.52700971,393.0555556,1000.6,59.5,0.735996957,43.28,0,-0.737600301,-0.675237585,-0.866025404,-0.5,-0.923879533,-0.382683432,2022-08-19,625.10907,592.1369152099398
6754.0,2022.0,8.0,19.0,17.0,27.8,0.0,1.951685505,-4.711785616,263.8888889,1000.9,60.0,0.513768986,43.28,0,-0.737842414,-0.674973016,-0.866025404,-0.5,-0.965925826,-0.258819045,2022-08-19,733.91499,614.3728369240198
6755.0,2022.0,8.0,19.0,17.5,27.15,0.0,1.664672931,-4.018875967,163.8888889,1001.1,60.0,0.317690519,43.0,0,-0.738084431,-0.674708361,-0.866025404,-0.5,-0.991444861,-0.130526192,2022-08-19,747.58899,628.0335292410198
6756.0,2022.0,8.0,19.0,18.0,26.5,0.0,1.377660357,-3.325966317,63.88888889,1001.3,60.0,0.140691983,42.0,0,-0.738326354,-0.674443619,-0.866025404,-0.5,-1.0,-1.83772e-16,2022-08-19,747.58899,633.9425925270198
6757.0,2022.0,8.0,19.0,18.5,25.95,0.0,1.502002977,-2.476155957,34.72222222,1001.55,63.0,0.074262207,41.0,0,-0.738568182,-0.67417879,-0.866025404,-0.5,-0.991444861,0.130526192,2022-08-19,747.58899,636.9873430140198
6758.0,2022.0,8.0,19.0,19.0,25.4,0.0,1.626345597,-1.626345597,5.555555556,1001.8,66.0,0.004250776,42.0,0,-0.738809915,-0.673913874,-0.866025404,-0.5,-0.965925826,0.258819045,2022-08-19,756.78699,637.1658756060198
6759.0,2022.0,8.0,19.0,19.5,24.7,0.0,1.119319545,-1.552276425,2.777777778,1002.2,69.0,0.001113822,35.0,0,-0.739051552,-0.673648872,-0.866025404,-0.5,-0.923879533,0.382683432,2022-08-19,756.8219899999999,637.2048593760197
6760.0,2022.0,8.0,19.0,20.0,24.0,0.0,0.612293492,-1.478207252,0.0,1002.6,72.0,0.0,32.89,0,-0.739293095,-0.673383783,-0.866025404,-0.5,-0.866025404,0.5,2022-08-19,756.8219899999999,637.2048593760197
6761.0,2022.0,8.0,19.0,20.5,23.8,0.0,1.013253527,-1.446210407,0.0,1002.65,74.5,0.0,31.1,0,-0.739534543,-0.673118608,-0.866025404,-0.5,-0.79335334,0.608761429,2022-08-19,756.8219899999999,637.2048593760197
6762.0,2022.0,8.0,19.0,21.0,23.6,0.0,1.414213562,-1.414213562,0.0,1002.7,77.0,0.0,23.45,0,-0.739775895,-0.672853346,-0.866025404,-0.5,-0.707106781,0.707106781,2022-08-19,756.8219899999999,637.2048593760197
6763.0,2022.0,8.0,19.0,21.5,22.9,0.0,1.457106781,-0.707106781,0.0,1002.5,82.0,0.0,23.21,0,-0.740017152,-0.672587997,-0.866025404,-0.5,-0.608761429,0.79335334,2022-08-19,756.8219899999999,637.2048593760197
6764.0,2022.0,8.0,19.0,22.0,22.2,0.0,1.5,0.0,0.0,1002.3,87.0,0.0,20.48,0,-0.740258315,-0.672322562,-0.866025404,-0.5,-0.5,0.866025404,2022-08-19,756.8219899999999,637.2048593760197
6765.0,2022.0,8.0,19.0,22.5,22.0,0.0,1.386396103,0.636396103,0.0,1002.25,87.5,0.0,23.45,0,-0.740499382,-0.672057041,-0.866025404,-0.5,-0.382683432,0.923879533,2022-08-19,756.8219899999999,637.2048593760197
6766.0,2022.0,8.0,19.0,23.0,21.8,0.0,1.272792206,1.272792206,0.0,1002.2,88.0,0.0,21.76,0,-0.740740353,-0.671791433,-0.866025404,-0.5,-0.258819045,0.965925826,2022-08-19,756.8219899999999,637.2048593760197
6767.0,2022.0,8.0,19.0,23.5,21.6,0.0,1.166726189,1.166726189,0.0,1002.0,89.5,0.0,20.48,0,-0.74098123,-0.671525738,-0.866025404,-0.5,-0.130526192,0.991444861,2022-08-19,756.8219899999999,637.2048593760197
6768.0,2022.0,8.0,20.0,0.0,21.4,0.0,1.060660172,1.060660172,0.0,1001.8,91.0,0.0,19.0,0,-0.741222011,-0.671259958,-0.866025404,-0.5,-2.4503e-16,1.0,2022-08-20,0.0,0.0
6769.0,2022.0,8.0,20.0,0.5,21.85,0.0,1.223239736,0.817342661,0.0,1001.6,92.0,0.0,19.01,0,-0.741462697,-0.67099409,-0.866025404,-0.5,0.130526192,0.991444861,2022-08-20,0.0,0.0
6770.0,2022.0,8.0,20.0,1.0,22.3,0.0,1.385819299,0.574025149,0.0,1001.4,93.0,0.0,17.75,0,-0.741703287,-0.670728137,-0.866025404,-0.5,0.258819045,0.965925826,2022-08-20,0.0,0.0
6771.0,2022.0,8.0,20.0,1.5,21.9,0.0,1.258595075,0.852697999,0.0,1001.35,91.0,0.0,17.51,0,-0.741943782,-0.670462097,-0.866025404,-0.5,0.382683432,0.923879533,2022-08-20,0.0,0.0
6772.0,2022.0,8.0,20.0,2.0,21.5,0.0,1.13137085,1.13137085,0.0,1001.3,89.0,0.0,17.51,0,-0.742184182,-0.670195972,-0.866025404,-0.5,0.5,0.866025404,2022-08-20,0.0,0.0
6773.0,2022.0,8.0,20.0,2.5,21.4,0.0,1.096015511,1.096015511,0.0,1001.35,91.0,0.0,17.12,0,-0.742424486,-0.669929759,-0.866025404,-0.5,0.608761429,0.79335334,2022-08-20,0.0,0.0
6774.0,2022.0,8.0,20.0,3.0,21.3,0.0,1.060660172,1.060660172,0.0,1001.4,93.0,0.0,16.94,0,-0.742664695,-0.669663461,-0.866025404,-0.5,0.707106781,0.707106781,2022-08-20,0.0,0.0
6775.0,2022.0,8.0,20.0,3.5,21.35,0.0,1.084657806,0.759940146,0.0,1001.45,93.0,0.0,17.17,0,-0.742904808,-0.669397077,-0.866025404,-0.5,0.79335334,0.608761429,2022-08-20,0.0,0.0
6776.0,2022.0,8.0,20.0,4.0,21.4,0.0,1.108655439,0.459220119,0.0,1001.5,93.0,0.0,17.17,0,-0.743144825,-0.669130606,-0.866025404,-0.5,0.866025404,0.5,2022-08-20,0.0,0.0
6777.0,2022.0,8.0,20.0,4.5,21.55,0.0,1.049302467,0.724584807,0.0,1001.45,90.0,0.0,17.28,0,-0.743384748,-0.66886405,-0.866025404,-0.5,0.923879533,0.382683432,2022-08-20,0.0,0.0
6778.0,2022.0,8.0,20.0,5.0,21.7,0.0,0.989949494,0.989949494,0.0,1001.4,87.0,0.0,17.51,0,-0.743624574,-0.668597407,-0.866025404,-0.5,0.965925826,0.258819045,2022-08-20,0.0,0.0
6779.0,2022.0,8.0,20.0,5.5,21.6,0.0,0.724584807,1.049302467,9.72222222,1001.55,89.5,0.018432359,17.17,0,-0.743864305,-0.668330679,-0.866025404,-0.5,0.991444861,0.130526192,2022-08-20,0.30906000000000006,0.31648360403000003
6780.0,2022.0,8.0,20.0,6.0,21.5,0.0,0.459220119,1.108655439,19.44444444,1001.7,92.0,0.039651306,16.93,0,-0.74410394,-0.668063864,-0.866025404,-0.5,1.0,6.12574e-17,2022-08-20,0.9862600000000001,0.9877802146099999
6781.0,2022.0,8.0,20.0,6.5,22.6,0.0,0.02961006,0.55432772,86.11111112,1001.95,86.5,0.183044245,16.92,0,-0.744343479,-0.667796964,-0.866025404,-0.5,0.991444861,-0.130526192,2022-08-20,3.8626600000000004,4.0848888400100005
6782.0,2022.0,8.0,20.0,7.0,23.7,0.0,-0.4,4.9e-17,152.7777778,1002.2,81.0,0.301572483,15.43,0,-0.744582923,-0.667529977,-0.866025404,-0.5,0.965925826,-0.258819045,2022-08-20,3.8626600000000004,8.7381522527
6783.0,2022.0,8.0,20.0,7.5,24.2,0.0,0.2,2.45e-17,187.5,1002.05,82.0,0.371468212,15.0,0,-0.744822271,-0.667262905,-0.866025404,-0.5,0.923879533,-0.382683432,2022-08-20,3.8626600000000004,14.310175432700001
6784.0,2022.0,8.0,20.0,8.0,24.7,0.0,0.8,0.0,222.2222222,1001.9,83.0,0.472788003,12.0,0,-0.745061523,-0.666995747,-0.866025404,-0.5,0.866025404,-0.5,2022-08-20,3.8626600000000004,19.9836314687
6785.0,2022.0,8.0,20.0,8.5,25.4,0.0,0.227792456,0.41574579,359.7222222,1001.7,81.0,0.719818974,14.0,0,-0.745300679,-0.666728504,-0.866025404,-0.5,0.79335334,-0.608761429,2022-08-20,3.8626600000000004,30.0610971047
6786.0,2022.0,8.0,20.0,9.0,26.1,0.0,-0.344415089,0.831491579,497.2222222,1001.5,79.0,0.979275412,15.43,0,-0.74553974,-0.666461174,-0.866025404,-0.5,0.707106781,-0.707106781,2022-08-20,3.8626600000000004,45.17131671186
6787.0,2022.0,8.0,20.0,9.5,27.25,0.0,-0.306146746,0.092387953,581.9444445,1001.15,74.5,1.142305583,16.0,0,-0.745778704,-0.666193759,-0.866025404,-0.5,0.608761429,-0.79335334,2022-08-20,3.8626600000000004,63.44820603986
6788.0,2022.0,8.0,20.0,10.0,28.4,0.0,-0.267878403,-0.646715673,666.6666667,1000.8,70.0,1.280247335,17.62,0,-0.746017573,-0.665926258,-0.866025404,-0.5,0.5,-0.866025404,2022-08-20,26.416260000000005,86.00616408256
6789.0,2022.0,8.0,20.0,10.5,28.7,0.0,-0.595878968,-0.514699553,615.2777778,1000.45,70.0,1.147416183,17.7,0,-0.746256346,-0.665658671,-0.866025404,-0.5,0.382683432,-0.923879533,2022-08-20,66.25896,106.31543052166
6790.0,2022.0,8.0,20.0,11.0,29.0,0.0,-0.923879533,-0.382683432,563.8888889,1000.1,70.0,1.104003828,17.68,0,-0.746495022,-0.665390999,-0.866025404,-0.5,0.258819045,-0.965925826,2022-08-20,66.25896,125.83421820070001
6791.0,2022.0,8.0,20.0,11.5,29.15,0.0,-0.040987991,-1.207609202,569.4444445,999.85,69.0,1.167923653,17.89,0,-0.746733603,-0.665123241,-0.866025404,-0.5,0.130526192,-0.991444861,2022-08-20,87.15448,146.72837235287
6792.0,2022.0,8.0,20.0,12.0,29.3,0.0,0.841903551,-2.032534972,575.0,999.6,68.0,1.082465608,18.1,0,-0.746972088,-0.664855398,-0.866025404,-0.5,1.22515e-16,-1.0,2022-08-20,134.61268,166.32099985767
6793.0,2022.0,8.0,20.0,12.5,29.3,0.0,-0.144733649,-1.581952911,438.8888889,999.55,69.0,0.884104731,17.57,0,-0.747210476,-0.664587469,-0.866025404,-0.5,-0.130526192,-0.991444861,2022-08-20,134.61268,181.85471998134
6794.0,2022.0,8.0,20.0,13.0,29.3,0.0,-1.13137085,-1.13137085,302.7777778,999.5,70.0,0.656376055,17.26,0,-0.747448769,-0.664319455,-0.866025404,-0.5,-0.258819045,-0.965925826,2022-08-20,134.61268,193.18377069064
6795.0,2022.0,8.0,20.0,13.5,29.2,0.0,-0.852697999,-1.258595075,237.5,999.4,70.5,0.486167073,19.99,0,-0.747686965,-0.664051355,-0.866025404,-0.5,-0.382683432,-0.923879533,2022-08-20,144.32782,202.90225047990998
6796.0,2022.0,8.0,20.0,14.0,29.1,0.0,-0.574025149,-1.385819299,172.2222222,999.3,71.0,0.3336876,20.77,0,-0.747925065,-0.66378317,-0.866025404,-0.5,-0.5,-0.866025404,2022-08-20,151.26500000000001,209.83294193190997
6797.0,2022.0,8.0,20.0,14.5,28.2,0.0,-0.459220119,-0.27716386,147.2222222,999.2,76.5,0.300825429,21.18,0,-0.748163069,-0.663514899,-0.866025404,-0.5,-0.608761429,-0.79335334,2022-08-20,174.90188,216.20442451812997
6798.0,2022.0,8.0,20.0,15.0,27.3,0.0,-0.344415089,0.831491579,122.2222222,999.1,82.0,0.243990209,20.05,0,-0.748400977,-0.663246544,-0.866025404,-0.5,-0.707106781,-0.707106781,2022-08-20,174.90188,221.09642820857997
6799.0,2022.0,8.0,20.0,15.5,27.25,0.0,0.019134172,0.877685556,131.9444445,999.05,84.0,0.283424963,20.05,0,-0.748638789,-0.662978102,-0.866025404,-0.5,-0.79335334,-0.608761429,2022-08-20,174.90188,226.77909871672998
6800.0,2022.0,8.0,20.0,16.0,27.2,0.0,0.382683432,0.923879533,141.6666667,999.0,86.0,0.287747596,20.77,0,-0.748876504,-0.662709576,-0.866025404,-0.5,-0.866025404,-0.5,2022-08-20,174.90188,232.75561628564998
6801.0,2022.0,8.0,20.0,16.5,27.0,0.0,0.43882909,0.70942714,104.1666667,998.95,86.5,0.210356808,21.48,0,-0.749114123,-0.662440964,-0.866025404,-0.5,-0.923879533,-0.382683432,2022-08-20,184.41752,237.27408052148996
6802.0,2022.0,8.0,20.0,17.0,26.8,0.0,0.494974747,0.494974747,66.66666667,998.9,87.0,0.137021,20.77,0,-0.749351645,-0.662172267,-0.866025404,-0.5,-0.965925826,-0.258819045,2022-08-20,184.41752,240.12000669148998
6803.0,2022.0,8.0,20.0,17.5,26.45,0.0,0.247487374,1.197487374,47.22222222,999.05,89.5,0.095586861,20.78,0,-0.749589071,-0.661903485,-0.866025404,-0.5,-0.991444861,-0.130526192,2022-08-20,184.41752,242.10630166306998
6804.0,2022.0,8.0,20.0,18.0,26.1,0.0,1.16e-16,1.9,27.77777778,999.2,92.0,0.053413706,23.37,0,-0.749826401,-0.661634618,-0.866025404,-0.5,-1.0,-1.83772e-16,2022-08-20,185.65613,243.35457997229
6805.0,2022.0,8.0,20.0,18.5,25.7,0.25,0.325280918,1.735297603,13.88888889,999.6,94.0,0.027848114,40.19,0,-0.750063635,-0.661365666,-0.866025404,-0.5,-0.991444861,0.130526192,2022-08-20,187.82639,244.47379567395
6806.0,2022.0,8.0,20.0,19.0,25.3,0.5,0.650561835,1.570595205,0.0,1000.0,96.0,0.0,40.19,0,-0.750300771,-0.661096629,-0.866025404,-0.5,-0.965925826,0.258819045,2022-08-20,206.51474000000002,244.47379567395
6807.0,2022.0,8.0,20.0,19.5,25.0,0.75,-0.367628732,1.072310177,0.0,1000.4,97.5,0.0,40.19,0,-0.750537812,-0.660827506,-0.866025404,-0.5,-0.923879533,0.382683432,2022-08-20,272.38615000000004,244.47379567395
6808.0,2022.0,8.0,20.0,20.0,24.7,1.0,-1.385819299,0.574025149,0.0,1000.8,99.0,0.0,40.19,0,-0.750774756,-0.660558299,-0.866025404,-0.5,-0.866025404,0.5,2022-08-20,347.54145000000005,244.47379567395
6809.0,2022.0,8.0,20.0,20.5,24.5,0.75,-0.769446336,0.471788481,0.0,1000.7,99.0,0.0,24.73,0,-0.751011603,-0.660289007,-0.866025404,-0.5,-0.79335334,0.608761429,2022-08-20,347.54145000000005,244.47379567395
6810.0,2022.0,8.0,20.0,21.0,24.3,0.5,-0.153073373,0.369551813,0.0,1000.6,99.0,0.0,21.86,0,-0.751248354,-0.660019629,-0.866025404,-0.5,-0.707106781,0.707106781,2022-08-20,347.54145000000005,244.47379567395
6811.0,2022.0,8.0,20.0,21.5,24.05,0.5,-0.861834289,0.510056824,0.0,1000.45,99.5,0.0,21.18,0,-0.751485008,-0.659750167,-0.866025404,-0.5,-0.608761429,0.79335334,2022-08-20,347.54145000000005,244.47379567395
6812.0,2022.0,8.0,20.0,22.0,23.8,0.5,-1.570595205,0.650561835,0.0,1000.3,100.0,0.0,20.5,0,-0.751721565,-0.65948062,-0.866025404,-0.5,-0.5,0.866025404,2022-08-20,347.54145000000005,244.47379567395
6813.0,2022.0,8.0,20.0,22.5,23.8,0.5,-1.385819299,0.574025149,0.0,1000.25,99.5,0.0,20.01,0,-0.751958026,-0.659210989,-0.866025404,-0.5,-0.382683432,0.923879533,2022-08-20,347.54145000000005,244.47379567395
6814.0,2022.0,8.0,20.0,23.0,23.8,0.5,-1.201043392,0.497488462,0.0,1000.2,99.0,0.0,19.01,0,-0.75219439,-0.658941272,-0.866025404,-0.5,-0.258819045,0.965925826,2022-08-20,347.54145000000005,244.47379567395
6815.0,2022.0,8.0,20.0,23.5,23.65,0.75,-0.812653731,0.036612196,0.0,1000.1,99.5,0.0,17.42,0,-0.752430657,-0.658671471,-0.866025404,-0.5,-0.130526192,0.991444861,2022-08-20,347.54145000000005,244.47379567395
6816.0,2022.0,8.0,21.0,0.0,23.5,1.0,-0.424264069,-0.424264069,0.0,1000.0,100.0,0.0,12.0,0,-0.752666828,-0.658401585,-0.866025404,-0.5,-2.4503e-16,1.0,2022-08-21,0.0,0.0
6817.0,2022.0,8.0,21.0,0.5,23.55,0.5,-0.601040764,0.176776695,0.0,999.9,100.0,0.0,16.9,0,-0.752902901,-0.658131614,-0.866025404,-0.5,0.130526192,0.991444861,2022-08-21,0.0,0.0
6818.0,2022.0,8.0,21.0,1.0,23.6,0.0,-0.777817459,0.777817459,0.0,999.8,100.0,0.0,16.63,0,-0.753138878,-0.657861559,-0.866025404,-0.5,0.258819045,0.965925826,2022-08-21,0.0,0.0
6819.0,2022.0,8.0,21.0,1.5,23.55,0.0,-0.695055476,1.128012356,0.0,999.65,100.0,0.0,16.66,0,-0.753374758,-0.657591419,-0.866025404,-0.5,0.382683432,0.923879533,2022-08-21,0.0,0.0
6820.0,2022.0,8.0,21.0,2.0,23.5,0.0,-0.612293492,1.478207252,0.0,999.5,100.0,0.0,15.15,0,-0.753610541,-0.657321194,-0.866025404,-0.5,0.5,0.866025404,2022-08-21,0.0,0.0
6821.0,2022.0,8.0,21.0,2.5,23.45,0.0,-0.537116629,0.643432768,0.0,999.55,100.0,0.0,14.74,0,-0.753846227,-0.657050885,-0.866025404,-0.5,0.608761429,0.79335334,2022-08-21,0.0,0.0
6822.0,2022.0,8.0,21.0,3.0,23.4,0.0,-0.461939766,-0.191341716,0.0,999.6,100.0,0.0,15.15,0,-0.754081817,-0.656780491,-0.866025404,-0.5,0.707106781,0.707106781,2022-08-21,0.0,0.0
6823.0,2022.0,8.0,21.0,3.5,23.35,0.0,-0.646715673,0.076536687,0.0,999.55,100.0,0.0,15.0,0,-0.754317309,-0.656510013,-0.866025404,-0.5,0.79335334,0.608761429,2022-08-21,0.0,0.0
6824.0,2022.0,8.0,21.0,4.0,23.3,0.0,-0.831491579,0.344415089,0.0,999.5,100.0,0.0,15.56,0,-0.754552704,-0.656239451,-0.866025404,-0.5,0.866025404,0.5,2022-08-21,0.0,0.0
6825.0,2022.0,8.0,21.0,4.5,23.35,0.0,-0.167001558,0.772729241,0.0,999.7,100.0,0.0,16.66,0,-0.754788002,-0.655968804,-0.866025404,-0.5,0.923879533,0.382683432,2022-08-21,0.0,0.0
6826.0,2022.0,8.0,21.0,5.0,23.4,0.0,0.497488462,1.201043392,0.0,999.9,100.0,0.0,16.93,0,-0.755023203,-0.655698073,-0.866025404,-0.5,0.965925826,0.258819045,2022-08-21,0.0,0.0
6827.0,2022.0,8.0,21.0,5.5,23.65,0.0,0.248744231,1.150521696,8.333333335,1000.25,100.0,0.012119514,16.16,0,-0.755258307,-0.655427257,-0.866025404,-0.5,0.991444861,0.130526192,2022-08-21,0.0,0.19585134624
6828.0,2022.0,8.0,21.0,6.0,23.9,0.0,6.74e-17,1.1,16.66666667,1000.6,100.0,0.032702734,12.68,0,-0.755493314,-0.655156357,-0.866025404,-0.5,1.0,6.12574e-17,2022-08-21,0.0,0.61052201336
6829.0,2022.0,8.0,21.0,6.5,24.15,0.0,0.191341716,1.011939767,44.44444445,1000.75,100.0,0.091349263,15.15,0,-0.755728224,-0.654885373,-0.866025404,-0.5,0.991444861,-0.130526192,2022-08-21,0.0,1.99446334781
6830.0,2022.0,8.0,21.0,7.0,24.4,0.0,0.382683432,0.923879533,72.22222222,1000.9,100.0,0.139649251,14.0,0,-0.755963036,-0.654614305,-0.866025404,-0.5,0.965925826,-0.258819045,2022-08-21,0.0,3.94955286181
6831.0,2022.0,8.0,21.0,7.5,24.65,0.0,0.580250445,0.850848496,90.27777776,1001.15,98.0,0.181670837,15.0,0,-0.756197751,-0.654343152,-0.866025404,-0.5,0.923879533,-0.382683432,2022-08-21,0.0,6.67461541681
6832.0,2022.0,8.0,21.0,8.0,24.9,0.0,0.777817459,0.777817459,108.3333333,1001.4,96.0,0.213637562,12.0,0,-0.756432369,-0.654071915,-0.866025404,-0.5,0.866025404,-0.5,2022-08-21,0.0,9.23826616081
6833.0,2022.0,8.0,21.0,8.5,25.55,0.0,0.850848496,0.197567014,140.2777778,1001.65,93.5,0.25557013,11.21,0,-0.75666689,-0.653800594,-0.866025404,-0.5,0.79335334,-0.608761429,2022-08-21,0.0,12.10320731811
6834.0,2022.0,8.0,21.0,9.0,26.2,0.0,0.923879533,-0.382683432,172.2222222,1001.9,91.0,0.351672487,15.0,0,-0.756901314,-0.65352919,-0.866025404,-0.5,0.707106781,-0.707106781,2022-08-21,0.0,17.37829462311
6835.0,2022.0,8.0,21.0,9.5,26.35,0.0,0.576744796,0.085822144,216.6666667,1002.3,89.5,0.423133608,15.98,0,-0.75713564,-0.653257701,-0.866025404,-0.5,0.608761429,-0.79335334,2022-08-21,0.0,24.139969678950003
6836.0,2022.0,8.0,21.0,10.0,26.5,0.0,0.229610059,0.55432772,261.1111111,1002.7,88.0,0.500460425,17.16,0,-0.757369868,-0.652986127,-0.866025404,-0.5,0.5,-0.866025404,2022-08-21,16.93692,32.72787057195001
6837.0,2022.0,8.0,21.0,10.5,26.65,0.0,1.685400235,0.927725695,230.5555556,1002.8,84.0,0.396074403,16.01,0,-0.757603999,-0.65271447,-0.866025404,-0.5,0.382683432,-0.923879533,2022-08-21,16.93692,39.069021763980004
6838.0,2022.0,8.0,21.0,11.0,26.8,0.0,3.141190411,1.30112367,200.0,1002.9,80.0,0.38828158,16.58,0,-0.757838033,-0.65244273,-0.866025404,-0.5,0.258819045,-0.965925826,2022-08-21,16.93692,45.506730360380004
6839.0,2022.0,8.0,21.0,11.5,27.15,0.0,3.141190411,1.30112367,370.8333334,1002.55,76.5,0.705738204,17.7,0,-0.75807197,-0.652170905,-0.866025404,-0.5,0.130526192,-0.991444861,2022-08-21,64.83312000000001,57.998296571180006
6840.0,2022.0,8.0,21.0,12.0,27.5,0.0,3.141190411,1.30112367,541.6666667,1002.2,73.0,1.18997567,16.07,0,-0.758305808,-0.651898996,-0.866025404,-0.5,1.22515e-16,-1.0,2022-08-21,64.83312000000001,77.12120558808
6841.0,2022.0,8.0,21.0,12.5,28.1,0.0,3.141190411,1.30112367,654.1666667,1002.05,70.0,1.312926256,16.67,0,-0.75853955,-0.651627003,-0.866025404,-0.5,-0.130526192,-0.991444861,2022-08-21,106.55813,99.00768627560001
6842.0,2022.0,8.0,21.0,13.0,28.7,0.0,3.141190411,1.30112367,766.6666667,1001.9,67.0,1.63738951,16.3,0,-0.758773194,-0.651354927,-0.866025404,-0.5,-0.258819045,-0.965925826,2022-08-21,120.77173,125.69713528860001
6843.0,2022.0,8.0,21.0,13.5,28.25,0.0,3.170595206,0.650561835,586.1111111,1002.1,66.5,1.113320823,11.14,0,-0.75900674,-0.651082767,-0.866025404,-0.5,-0.382683432,-0.923879533,2022-08-21,120.77173,138.09952925682
6844.0,2022.0,8.0,21.0,14.0,27.8,0.0,3.2,0.0,405.5555556,1002.3,66.0,0.839293261,11.98,0,-0.759240188,-0.650810523,-0.866025404,-0.5,-0.5,-0.866025404,2022-08-21,120.77173,148.1542625236
6845.0,2022.0,8.0,21.0,14.5,27.55,0.0,2.9,0.0,352.7777778,1002.3,68.0,0.693598692,12.0,0,-0.759473539,-0.650538195,-0.866025404,-0.5,-0.608761429,-0.79335334,2022-08-21,120.77173,156.4774468276
6846.0,2022.0,8.0,21.0,15.0,27.3,0.0,2.6,0.0,300.0,1002.3,70.0,0.588690462,12.0,0,-0.759706792,-0.650265784,-0.866025404,-0.5,-0.707106781,-0.707106781,2022-08-21,120.77173,163.5417323716
6847.0,2022.0,8.0,21.0,15.5,27.4,0.0,2.65,0.0,311.1111111,1002.3,70.0,0.611801216,16.64,0,-0.759939948,-0.649993289,-0.866025404,-0.5,-0.79335334,-0.608761429,2022-08-21,130.95541,173.72210460584
6848.0,2022.0,8.0,21.0,16.0,27.5,0.0,2.7,0.0,322.2222222,1002.3,70.0,0.659637537,17.63,0,-0.760173006,-0.64972071,-0.866025404,-0.5,-0.866025404,-0.5,2022-08-21,142.59121,185.35151438315
6849.0,2022.0,8.0,21.0,16.5,26.95,0.0,2.643431346,0.535756806,252.7777777,1002.5,70.5,0.496035365,17.83,0,-0.760405966,-0.649448048,-0.866025404,-0.5,-0.923879533,-0.382683432,2022-08-21,151.43489,194.1958249411
6850.0,2022.0,8.0,21.0,17.0,26.4,0.0,2.586862691,1.071513611,183.3333333,1002.7,71.0,0.35735528,19.52,0,-0.760638828,-0.649175303,-0.866025404,-0.5,-0.965925826,-0.258819045,2022-08-21,158.40353,201.1714000067
6851.0,2022.0,8.0,21.0,17.5,26.15,0.0,2.217310878,0.918440238,125.0,1002.8,73.5,0.251085568,20.71,0,-0.760871592,-0.648902474,-0.866025404,-0.5,-0.991444861,-0.130526192,2022-08-21,163.60173999999998,206.37138211997998
6852.0,2022.0,8.0,21.0,18.0,25.9,0.0,1.847759065,0.765366865,66.66666667,1002.9,76.0,0.119822684,29.04,0,-0.761104259,-0.648629561,-0.866025404,-0.5,-1.0,-1.83772e-16,2022-08-21,167.08653999999999,209.85103286333998
6853.0,2022.0,8.0,21.0,18.5,25.45,0.0,1.41885428,0.87765818,36.11111111,1003.3,78.5,0.070265574,39.01,0,-0.761336827,-0.648356565,-0.866025404,-0.5,-0.991444861,0.130526192,2022-08-21,169.85625,212.59209290508
6854.0,2022.0,8.0,21.0,19.0,25.0,0.0,0.989949494,0.989949494,5.555555556,1003.7,81.0,0.004150371,39.7,0,-0.761569298,-0.648083486,-0.866025404,-0.5,-0.965925826,0.258819045,2022-08-21,249.41505,212.75686263378
6855.0,2022.0,8.0,21.0,19.5,24.8,0.0,1.060660172,1.060660172,2.777777778,1004.05,81.5,0.000948326,32.59,0,-0.761801671,-0.647810323,-0.866025404,-0.5,-0.923879533,0.382683432,2022-08-21,249.41505,212.78776857812
6856.0,2022.0,8.0,21.0,20.0,24.6,0.0,1.13137085,1.13137085,0.0,1004.4,82.0,0.0,39.97,0,-0.762033945,-0.647537077,-0.866025404,-0.5,-0.866025404,0.5,2022-08-21,329.35505,212.78776857812
6857.0,2022.0,8.0,21.0,20.5,24.7,0.0,1.443370981,0.929234686,0.0,1004.5,80.5,0.0,26.37,0,-0.762266122,-0.647263748,-0.866025404,-0.5,-0.79335334,0.608761429,2022-08-21,329.35505,212.78776857812
6858.0,2022.0,8.0,21.0,21.0,24.8,0.0,1.755371112,0.727098521,0.0,1004.6,79.0,0.0,24.01,0,-0.762498201,-0.646990335,-0.866025404,-0.5,-0.707106781,0.707106781,2022-08-21,329.35505,212.78776857812
6859.0,2022.0,8.0,21.0,21.5,24.45,0.0,1.202966474,1.148846863,0.0,1004.75,80.5,0.0,29.47,0,-0.762730182,-0.646716839,-0.866025404,-0.5,-0.608761429,0.79335334,2022-08-21,329.35505,212.78776857812
6860.0,2022.0,8.0,21.0,22.0,24.1,0.0,0.650561835,1.570595205,0.0,1004.9,82.0,0.0,24.02,0,-0.762962064,-0.64644326,-0.866025404,-0.5,-0.5,0.866025404,2022-08-21,329.35505,212.78776857812
6861.0,2022.0,8.0,21.0,22.5,24.05,0.0,0.961677021,1.421693706,0.0,1004.9,82.5,0.0,26.37,0,-0.763193849,-0.646169598,-0.866025404,-0.5,-0.382683432,0.923879533,2022-08-21,329.35505,212.78776857812
6862.0,2022.0,8.0,21.0,23.0,24.0,0.0,1.272792206,1.272792206,0.0,1004.9,83.0,0.0,25.0,0,-0.763425535,-0.645895853,-0.866025404,-0.5,-0.258819045,0.965925826,2022-08-21,329.35505,212.78776857812
6863.0,2022.0,8.0,21.0,23.5,23.95,0.0,1.336396103,0.636396103,0.0,1004.75,84.0,0.0,20.41,0,-0.763657123,-0.645622025,-0.866025404,-0.5,-0.130526192,0.991444861,2022-08-21,329.35505,212.78776857812
6864.0,2022.0,8.0,22.0,0.0,23.9,0.0,1.4,0.0,0.0,1004.6,85.0,0.0,19.62,0,-0.763888613,-0.645348113,-0.866025404,-0.5,-2.4503e-16,1.0,2022-08-22,0.0,0.0
6865.0,2022.0,8.0,22.0,0.5,23.6,0.0,1.65,0.0,0.0,1004.35,87.0,0.0,19.16,0,-0.764120004,-0.645074119,-0.866025404,-0.5,0.130526192,0.991444861,2022-08-22,0.0,0.0
6866.0,2022.0,8.0,22.0,1.0,23.3,0.0,1.9,0.0,0.0,1004.1,89.0,0.0,17.51,0,-0.764351298,-0.644800042,-0.866025404,-0.5,0.258819045,0.965925826,2022-08-22,0.0,0.0
6867.0,2022.0,8.0,22.0,1.5,23.2,0.0,2.058655439,0.459220119,0.0,1004.5,90.0,0.0,15.54,0,-0.764582493,-0.644525881,-0.866025404,-0.5,0.382683432,0.923879533,2022-08-22,0.0,0.0
6868.0,2022.0,8.0,22.0,2.0,23.1,0.0,2.217310878,0.918440238,0.0,1004.9,91.0,0.0,12.52,0,-0.764813589,-0.644251638,-0.866025404,-0.5,0.5,0.866025404,2022-08-22,0.0,0.0
6869.0,2022.0,8.0,22.0,2.5,23.05,0.0,1.957183577,1.307748257,0.0,1005.15,91.0,0.0,15.0,0,-0.765044588,-0.643977312,-0.866025404,-0.5,0.608761429,0.79335334,2022-08-22,0.0,0.0
6870.0,2022.0,8.0,22.0,3.0,23.0,0.0,1.697056275,1.697056275,0.0,1005.4,91.0,0.0,15.0,0,-0.765275488,-0.643702903,-0.866025404,-0.5,0.707106781,0.707106781,2022-08-22,0.0,0.0
6871.0,2022.0,8.0,22.0,3.5,23.0,0.0,1.250345741,1.818601647,0.0,1005.3,91.0,0.0,16.17,0,-0.765506289,-0.643428412,-0.866025404,-0.5,0.79335334,0.608761429,2022-08-22,0.0,0.0
6872.0,2022.0,8.0,22.0,4.0,23.0,0.0,0.803635208,1.940147018,0.0,1005.2,91.0,0.0,16.17,0,-0.765736992,-0.643153837,-0.866025404,-0.5,0.866025404,0.5,2022-08-22,0.0,0.0
6873.0,2022.0,8.0,22.0,4.5,23.15,0.0,0.765366865,1.847759065,0.0,1005.3,90.0,0.0,16.9,0,-0.765967597,-0.64287918,-0.866025404,-0.5,0.923879533,0.382683432,2022-08-22,0.0,0.0
6874.0,2022.0,8.0,22.0,5.0,23.3,0.0,0.727098521,1.755371112,0.0,1005.4,89.0,0.0,16.03,0,-0.766198103,-0.642604441,-0.866025404,-0.5,0.965925826,0.258819045,2022-08-22,0.0,0.0
6875.0,2022.0,8.0,22.0,5.5,23.55,0.0,0.363549261,2.027685556,9.72222222,1005.25,88.0,0.016152569,15.01,0,-0.76642851,-0.642329618,-0.866025404,-0.5,0.991444861,0.130526192,2022-08-22,0.0,0.24245006068999997
6876.0,2022.0,8.0,22.0,6.0,23.8,0.0,1.41e-16,2.3,19.44444444,1005.1,87.0,0.039645842,15.2,0,-0.766658819,-0.642054713,-0.866025404,-0.5,1.0,6.12574e-17,2022-08-22,0.0,0.8450668590899999
6877.0,2022.0,8.0,22.0,6.5,23.8,0.0,-0.306146746,1.889103626,25.0,1005.4,88.0,0.047960919,12.0,0,-0.76688903,-0.641779726,-0.866025404,-0.5,0.991444861,-0.130526192,2022-08-22,0.0,1.42059788709
6878.0,2022.0,8.0,22.0,7.0,23.8,0.0,-0.612293492,1.478207252,30.55555556,1005.7,89.0,0.060576305,12.0,0,-0.767119141,-0.641504655,-0.866025404,-0.5,0.965925826,-0.258819045,2022-08-22,0.0,2.14751354709
6879.0,2022.0,8.0,22.0,7.5,24.2,0.0,0.082761983,1.128012356,44.44444445,1005.9,87.0,0.086912132,15.34,0,-0.767349154,-0.641229503,-0.866025404,-0.5,0.923879533,-0.382683432,2022-08-22,0.0,3.48074565197
6880.0,2022.0,8.0,22.0,8.0,24.6,0.0,0.777817459,0.777817459,58.33333333,1006.1,85.0,0.121829871,17.82,0,-0.767579069,-0.640954268,-0.866025404,-0.5,0.866025404,-0.5,2022-08-22,0.0,5.65175395319
6881.0,2022.0,8.0,22.0,8.5,24.7,0.0,1.202081528,1.202081528,79.16666667,1006.4,83.5,0.157823646,17.28,0,-0.767808884,-0.64067895,-0.866025404,-0.5,0.79335334,-0.608761429,2022-08-22,0.0,8.37894655607
6882.0,2022.0,8.0,22.0,9.0,24.8,0.0,1.626345597,1.626345597,100.0,1006.7,82.0,0.210893384,20.01,0,-0.768038601,-0.64040355,-0.866025404,-0.5,0.707106781,-0.707106781,2022-08-22,0.0,12.59892316991
6883.0,2022.0,8.0,22.0,9.5,25.3,0.0,1.444600462,2.337574027,315.2777778,1006.4,79.5,0.630325289,20.38,0,-0.768268219,-0.640128068,-0.866025404,-0.5,0.608761429,-0.79335334,2022-08-22,0.0,25.444952559729998
6884.0,2022.0,8.0,22.0,10.0,25.8,0.0,1.262855327,3.048802457,530.5555556,1006.1,77.0,1.09697808,22.93,0,-0.768497739,-0.639852503,-0.866025404,-0.5,0.5,-0.866025404,2022-08-22,56.637100000000004,50.59865993413
6885.0,2022.0,8.0,22.0,10.5,26.85,0.0,1.303179106,2.196152671,543.0555556,1006.1,76.0,1.034892196,20.77,0,-0.768727159,-0.639576856,-0.866025404,-0.5,0.382683432,-0.923879533,2022-08-22,56.637100000000004,72.09337084505
6886.0,2022.0,8.0,22.0,11.0,27.9,0.0,1.343502884,1.343502884,555.5555556,1006.1,75.0,1.203659344,22.4,0,-0.76895648,-0.639301127,-0.866025404,-0.5,0.258819045,-0.965925826,2022-08-22,56.637100000000004,99.05534015065001
6887.0,2022.0,8.0,22.0,11.5,27.75,0.0,1.921751442,0.671751442,591.6666667,1005.75,74.5,1.092258867,21.16,0,-0.769185703,-0.639025316,-0.866025404,-0.5,0.130526192,-0.991444861,2022-08-22,56.637100000000004,122.16753777637001
6888.0,2022.0,8.0,22.0,12.0,27.6,0.0,2.5,0.0,627.7777778,1005.4,74.0,1.216713181,22.4,0,-0.769414827,-0.638749422,-0.866025404,-0.5,1.22515e-16,-1.0,2022-08-22,119.5139,149.42191303077
6889.0,2022.0,8.0,22.0,12.5,27.9,0.0,2.346015511,-1.096015511,584.7222223,1005.4,76.0,1.217172187,20.38,0,-0.769643852,-0.638473446,-0.866025404,-0.5,-0.130526192,-0.991444861,2022-08-22,119.5139,174.22788220183003
6890.0,2022.0,8.0,22.0,13.0,28.2,0.0,2.192031022,-2.192031022,541.6666667,1005.4,78.0,1.042027093,20.77,0,-0.769872777,-0.638197388,-0.866025404,-0.5,-0.258819045,-0.965925826,2022-08-22,119.5139,195.87078492344003
6891.0,2022.0,8.0,22.0,13.5,28.35,0.0,2.246015511,-1.096015511,562.5,1005.2,78.0,1.079142454,24.57,0,-0.770101604,-0.637921248,-0.866025404,-0.5,-0.382683432,-0.923879533,2022-08-22,146.02493,222.38531501822004
6892.0,2022.0,8.0,22.0,14.0,28.5,0.0,2.3,0.0,583.3333333,1005.0,78.0,1.176371105,31.9,0,-0.770330332,-0.637645026,-0.866025404,-0.5,-0.5,-0.866025404,2022-08-22,183.53933,259.91155326772
6893.0,2022.0,8.0,22.0,14.5,28.2,0.0,2.45,0.0,583.3333333,1004.8,77.5,1.18482203,39.0,0,-0.770558961,-0.637368722,-0.866025404,-0.5,-0.608761429,-0.79335334,2022-08-22,229.75433,306.11961243772004
6894.0,2022.0,8.0,22.0,15.0,27.9,0.0,2.6,0.0,583.3333333,1004.6,77.0,1.238094092,41.0,0,-0.77078749,-0.637092336,-0.866025404,-0.5,-0.707106781,-0.707106781,2022-08-22,315.52633000000003,356.88147020972
6895.0,2022.0,8.0,22.0,15.5,27.6,0.0,2.25,0.0,461.1111111,1004.7,78.0,0.85361191,40.0,0,-0.771015921,-0.636815868,-0.866025404,-0.5,-0.79335334,-0.608761429,2022-08-22,315.52633000000003,391.02594660972
6896.0,2022.0,8.0,22.0,16.0,27.3,0.0,1.9,0.0,338.8888889,1004.8,79.0,0.648969279,44.96,0,-0.771244252,-0.636539319,-0.866025404,-0.5,-0.866025404,-0.5,2022-08-22,345.11001000000005,420.20360539356
6897.0,2022.0,8.0,22.0,16.5,27.25,0.0,1.873879533,-0.382683433,288.8888889,1004.9,79.5,0.601359364,44.96,0,-0.771472484,-0.636262687,-0.866025404,-0.5,-0.923879533,-0.382683432,2022-08-22,371.72633,447.240722399
6898.0,2022.0,8.0,22.0,17.0,27.2,0.0,1.847759065,-0.765366865,238.8888889,1005.0,80.0,0.475327402,50.0,0,-0.771700617,-0.635985973,-0.866025404,-0.5,-0.965925826,-0.258819045,2022-08-22,495.47633,471.007092499
6899.0,2022.0,8.0,22.0,17.5,26.7,0.0,2.032534972,-0.841903552,165.2777778,1005.1,82.5,0.313827528,45.12,0,-0.77192865,-0.635709178,-0.866025404,-0.5,-0.991444861,-0.130526192,2022-08-22,495.47633,485.16699056236
6900.0,2022.0,8.0,22.0,18.0,26.2,0.0,2.217310878,-0.918440238,91.66666667,1005.2,85.0,0.185733084,46.59,0,-0.772156584,-0.635432301,-0.866025404,-0.5,-1.0,-1.83772e-16,2022-08-22,597.32207,493.82029494592
6901.0,2022.0,8.0,22.0,18.5,25.7,0.0,2.355892808,-0.975842753,47.22222222,1005.3,87.5,0.094338465,45.64,0,-0.772384419,-0.635155342,-0.866025404,-0.5,-0.991444861,0.130526192,2022-08-22,615.9431900000001,498.12590248852
6902.0,2022.0,8.0,22.0,19.0,25.2,0.0,2.494474738,-1.033245267,2.777777778,1005.4,90.0,0.000893205,45.01,0,-0.772612155,-0.634878302,-0.866025404,-0.5,-0.965925826,0.258819045,2022-08-22,615.9882000000001,498.16610564557
6903.0,2022.0,8.0,22.0,19.5,24.9,0.0,2.355892808,-0.975842753,1.388888889,1005.8,91.0,0.000230209,42.91,0,-0.772839791,-0.634601179,-0.866025404,-0.5,-0.923879533,0.382683432,2022-08-22,615.9882000000001,498.17598391376
6904.0,2022.0,8.0,22.0,20.0,24.6,0.0,2.217310878,-0.918440238,0.0,1006.2,92.0,0.0,32.0,0,-0.773067328,-0.634323976,-0.866025404,-0.5,-0.866025404,0.5,2022-08-22,615.9882000000001,498.17598391376
6905.0,2022.0,8.0,22.0,20.5,24.45,0.0,1.356142813,-0.211732745,0.0,1006.4,92.5,0.0,31.64,0,-0.773294766,-0.63404669,-0.866025404,-0.5,-0.79335334,0.608761429,2022-08-22,615.9882000000001,498.17598391376
6906.0,2022.0,8.0,22.0,21.0,24.3,0.0,0.494974747,0.494974747,0.0,1006.6,93.0,0.0,25.03,0,-0.773522104,-0.633769323,-0.866025404,-0.5,-0.707106781,0.707106781,2022-08-22,615.9882000000001,498.17598391376
6907.0,2022.0,8.0,22.0,21.5,24.2,0.0,0.894203046,-0.020391029,0.0,1006.4,93.5,0.0,28.0,0,-0.773749342,-0.633491875,-0.866025404,-0.5,-0.608761429,0.79335334,2022-08-22,615.9882000000001,498.17598391376
6908.0,2022.0,8.0,22.0,22.0,24.1,0.0,1.293431346,-0.535756805,0.0,1006.2,94.0,0.0,23.54,0,-0.773976481,-0.633214345,-0.866025404,-0.5,-0.5,0.866025404,2022-08-22,615.9882000000001,498.17598391376
6909.0,2022.0,8.0,22.0,22.5,23.9,0.0,1.496715673,-0.267878403,0.0,1005.95,96.0,0.0,23.6,0,-0.774203521,-0.632936734,-0.866025404,-0.5,-0.382683432,0.923879533,2022-08-22,615.9882000000001,498.17598391376
6910.0,2022.0,8.0,22.0,23.0,23.7,0.0,1.7,0.0,0.0,1005.7,98.0,0.0,22.4,0,-0.77443046,-0.632659041,-0.866025404,-0.5,-0.258819045,0.965925826,2022-08-22,615.9882000000001,498.17598391376
6911.0,2022.0,8.0,22.0,23.5,23.7,0.0,1.3,0.0,0.0,1005.45,98.5,0.0,20.09,0,-0.774657301,-0.632381267,-0.866025404,-0.5,-0.130526192,0.991444861,2022-08-22,615.9882000000001,498.17598391376
6912.0,2022.0,8.0,23.0,0.0,23.7,0.0,0.9,0.0,0.0,1005.2,99.0,0.0,19.0,0,-0.774884041,-0.632103411,-0.866025404,-0.5,-2.4503e-16,1.0,2022-08-23,0.0,0.0
6913.0,2022.0,8.0,23.0,0.5,23.65,0.0,0.7,0.0,0.0,1005.0,99.5,0.0,20.77,0,-0.775110682,-0.631825474,-0.866025404,-0.5,0.130526192,0.991444861,2022-08-23,0.0,0.0
6914.0,2022.0,8.0,23.0,1.0,23.6,0.0,0.5,0.0,0.0,1004.8,100.0,0.0,20.05,0,-0.775337224,-0.631547456,-0.866025404,-0.5,0.258819045,0.965925826,2022-08-23,0.0,0.0
6915.0,2022.0,8.0,23.0,1.5,23.7,0.0,0.345670858,-0.230969883,0.0,1004.8,100.0,0.0,17.83,0,-0.775563665,-0.631269357,-0.866025404,-0.5,0.382683432,0.923879533,2022-08-23,0.0,0.0
6916.0,2022.0,8.0,23.0,2.0,23.8,0.0,0.191341716,-0.461939766,0.0,1004.8,100.0,0.0,17.8,0,-0.775790007,-0.630991177,-0.866025404,-0.5,0.5,0.866025404,2022-08-23,0.0,0.0
6917.0,2022.0,8.0,23.0,2.5,23.85,0.0,0.326640741,-0.135299025,0.0,1004.7,100.0,0.0,17.65,0,-0.776016249,-0.630712915,-0.866025404,-0.5,0.608761429,0.79335334,2022-08-23,0.0,0.0
6918.0,2022.0,8.0,23.0,3.0,23.9,0.0,0.461939766,0.191341716,0.0,1004.6,100.0,0.0,17.65,0,-0.776242391,-0.630434572,-0.866025404,-0.5,0.707106781,0.707106781,2022-08-23,0.0,0.0
6919.0,2022.0,8.0,23.0,3.5,23.9,0.0,0.72594463,-0.399303889,0.0,1004.6,99.0,0.0,18.83,0,-0.776468434,-0.630156149,-0.866025404,-0.5,0.79335334,0.608761429,2022-08-23,0.0,0.0
6920.0,2022.0,8.0,23.0,4.0,23.9,0.0,0.989949494,-0.989949494,0.0,1004.6,98.0,0.0,18.76,0,-0.776694376,-0.629877644,-0.866025404,-0.5,0.866025404,0.5,2022-08-23,0.0,0.0
6921.0,2022.0,8.0,23.0,4.5,23.8,0.0,0.590645605,-0.72594463,0.0,1004.65,98.5,0.0,17.7,0,-0.776920219,-0.629599058,-0.866025404,-0.5,0.923879533,0.382683432,2022-08-23,0.0,0.0
6922.0,2022.0,8.0,23.0,5.0,23.7,0.0,0.191341716,-0.461939766,0.0,1004.7,99.0,0.0,19.0,0,-0.777145961,-0.629320391,-0.866025404,-0.5,0.965925826,0.258819045,2022-08-23,0.0,0.0
6923.0,2022.0,8.0,23.0,5.5,23.75,0.0,0.325280918,-0.785297603,9.72222222,1004.7,99.5,0.01516397,19.0,0,-0.777371604,-0.629041643,-0.866025404,-0.5,0.991444861,0.130526192,2022-08-23,0.0,0.28811543
6924.0,2022.0,8.0,23.0,6.0,23.8,0.0,0.459220119,-1.108655439,19.44444444,1004.7,100.0,0.038804143,19.0,0,-0.777597147,-0.628762815,-0.866025404,-0.5,1.0,6.12574e-17,2022-08-23,0.0,1.025394147
6925.0,2022.0,8.0,23.0,6.5,24.3,0.0,0.460579943,-0.649998578,72.22222222,1004.7,99.0,0.147815083,18.86,0,-0.77782259,-0.628483905,-0.866025404,-0.5,0.991444861,-0.130526192,2022-08-23,0.0,3.8131866123800005
6926.0,2022.0,8.0,23.0,7.0,24.8,0.0,0.461939766,-0.191341716,125.0,1004.7,98.0,0.257697417,17.7,0,-0.778047932,-0.628204915,-0.866025404,-0.5,0.965925826,-0.258819045,2022-08-23,0.0,8.37443089328
6927.0,2022.0,8.0,23.0,7.5,25.9,0.0,0.556250801,-0.880968461,191.6666667,1004.65,92.5,0.360075389,17.52,0,-0.778273175,-0.627925843,-0.866025404,-0.5,0.923879533,-0.382683432,2022-08-23,0.0,14.682951708560001
6928.0,2022.0,8.0,23.0,8.0,27.0,0.0,0.650561835,-1.570595205,258.3333333,1004.6,87.0,0.545114576,17.47,0,-0.778498318,-0.627646692,-0.866025404,-0.5,0.866025404,-0.5,2022-08-23,0.0,24.20610335128
6929.0,2022.0,8.0,23.0,8.5,27.35,0.0,-0.205049169,-1.315627689,262.5,1004.7,86.0,0.525627206,19.84,0,-0.77872336,-0.627367459,-0.866025404,-0.5,0.79335334,-0.608761429,2022-08-23,0.0,34.63454711832
6930.0,2022.0,8.0,23.0,9.0,27.7,0.0,-1.060660172,-1.060660172,266.6666667,1004.8,85.0,0.527242657,23.42,0,-0.778948302,-0.627088146,-0.866025404,-0.5,0.707106781,-0.707106781,2022-08-23,0.0,46.98257014526
6931.0,2022.0,8.0,23.0,9.5,28.2,0.0,-0.798208489,-1.177045759,284.7222223,1004.55,84.0,0.586344868,33.0,0,-0.779173144,-0.626808752,-0.866025404,-0.5,0.608761429,-0.79335334,2022-08-23,0.0,66.33195078925999
6932.0,2022.0,8.0,23.0,10.0,28.7,0.0,-0.535756805,-1.293431346,302.7777778,1004.3,83.0,0.630382998,36.0,0,-0.779397886,-0.626529277,-0.866025404,-0.5,0.5,-0.866025404,2022-08-23,94.67999999999999,89.02573871726
6933.0,2022.0,8.0,23.0,10.5,29.75,0.0,0.210475888,-1.801565088,401.3888889,1003.9,79.0,0.839034584,32.8,0,-0.779622528,-0.626249722,-0.866025404,-0.5,0.382683432,-0.923879533,2022-08-23,94.67999999999999,116.54607307245999
6934.0,2022.0,8.0,23.0,11.0,30.8,0.0,0.956708581,-2.309698831,500.0,1003.5,75.0,1.04685201,33.53,0,-0.779847069,-0.625970086,-0.866025404,-0.5,0.258819045,-0.965925826,2022-08-23,183.53449999999998,151.64702096776
6935.0,2022.0,8.0,23.0,11.5,31.2,0.0,-0.057402515,-2.448280761,470.8333334,1003.2,72.5,0.907232623,32.8,0,-0.78007151,-0.62569037,-0.866025404,-0.5,0.130526192,-0.991444861,2022-08-23,183.53449999999998,181.40425100215998
6936.0,2022.0,8.0,23.0,12.0,31.6,0.0,-1.071513611,-2.586862691,441.6666667,1002.9,70.0,0.868947275,26.59,0,-0.780295851,-0.625410573,-0.866025404,-0.5,1.22515e-16,-1.0,2022-08-23,183.53449999999998,204.50955904440997
6937.0,2022.0,8.0,23.0,12.5,32.0,0.0,-0.535756806,-3.293431346,480.5555556,1002.65,68.5,0.936946269,23.6,0,-0.780520091,-0.625130696,-0.866025404,-0.5,-0.130526192,-0.991444861,2022-08-23,183.53449999999998,226.62149099280998
6938.0,2022.0,8.0,23.0,13.0,32.4,0.0,-7.35e-16,-4.0,519.4444444,1002.4,67.0,1.047229625,23.54,0,-0.780744231,-0.624850738,-0.866025404,-0.5,-0.258819045,-0.965925826,2022-08-23,183.53449999999998,251.27327636530998
6939.0,2022.0,8.0,23.0,13.5,32.65,0.0,-6.34e-16,-3.45,613.8888889,1002.1,65.0,1.247990106,40.0,0,-0.780968271,-0.6245707,-0.866025404,-0.5,-0.382683432,-0.923879533,2022-08-23,233.4545,301.19288060531
6940.0,2022.0,8.0,23.0,14.0,32.9,0.0,-5.33e-16,-2.9,708.3333333,1001.8,63.0,1.380382234,41.02,0,-0.78119221,-0.624290582,-0.866025404,-0.5,-0.5,-0.866025404,2022-08-23,290.0621,357.81615984399
6941.0,2022.0,8.0,23.0,14.5,32.45,0.0,-0.727098522,-3.205371112,586.1111111,1001.6,63.5,1.297992825,42.25,0,-0.781416049,-0.624010384,-0.866025404,-0.5,-0.608761429,-0.79335334,2022-08-23,344.9026,412.65635670024
6942.0,2022.0,8.0,23.0,15.0,32.0,0.0,-1.454197043,-3.510742224,463.8888889,1001.4,64.0,0.90477902,45.12,0,-0.781639787,-0.623730105,-0.866025404,-0.5,-0.707106781,-0.707106781,2022-08-23,385.7362,453.47998608264
6943.0,2022.0,8.0,23.0,15.5,32.35,0.0,-0.727098522,-4.155371112,438.8888889,1001.35,63.0,0.84433842,50.12,0,-0.781863425,-0.623449746,-0.866025404,-0.5,-0.79335334,-0.608761429,2022-08-23,428.03748,495.79822769303996
6944.0,2022.0,8.0,23.0,16.0,32.7,0.0,-8.82e-16,-4.8,413.8888889,1001.3,62.0,0.896360936,54.52,0,-0.782086962,-0.623169306,-0.866025404,-0.5,-0.866025404,-0.5,2022-08-23,476.8874,544.66782592376
6945.0,2022.0,8.0,23.0,16.5,31.8,0.0,-7.08e-16,-3.85,347.2222222,1001.35,66.0,0.714528374,54.52,0,-0.782310398,-0.622888787,-0.866025404,-0.5,-0.923879533,-0.382683432,2022-08-23,515.8692,583.62391287424
6946.0,2022.0,8.0,23.0,17.0,30.9,0.0,-5.33e-16,-2.9,280.5555556,1001.4,70.0,0.546865348,58.27,0,-0.782533734,-0.622608188,-0.866025404,-0.5,-0.965925826,-0.258819045,2022-08-23,664.28289,615.4897567022
6947.0,2022.0,8.0,23.0,17.5,30.5,0.0,-0.59315932,-2.882013276,175.0,1001.5,72.5,0.339400417,55.0,0,-0.782756969,-0.622327508,-0.866025404,-0.5,-0.991444861,-0.130526192,2022-08-23,792.9278899999999,634.1567796372
6948.0,2022.0,8.0,23.0,18.0,30.1,0.0,-1.18631864,-2.864026551,69.44444444,1001.6,75.0,0.138316725,54.52,0,-0.782980104,-0.622046748,-0.866025404,-0.5,-1.0,-1.83772e-16,2022-08-23,792.9278899999999,641.6978074842
6949.0,2022.0,8.0,23.0,18.5,29.7,0.0,-0.59315932,-3.132013276,37.5,1001.7,78.0,0.077167811,54.0,0,-0.783203138,-0.621765909,-0.866025404,-0.5,-0.991444861,0.130526192,2022-08-23,792.9278899999999,645.8648692782
6950.0,2022.0,8.0,23.0,19.0,29.3,0.0,-6.25e-16,-3.4,5.555555556,1001.8,81.0,0.001029161,54.52,0,-0.783426071,-0.621484989,-0.866025404,-0.5,-0.965925826,0.258819045,2022-08-23,804.70421,645.92097913592
6951.0,2022.0,8.0,23.0,19.5,29.1,0.0,-6.25e-16,-3.4,2.777777778,1002.05,82.0,0.0,50.65,0,-0.783648903,-0.62120399,-0.866025404,-0.5,-0.923879533,0.382683432,2022-08-23,804.70421,645.92097913592
6952.0,2022.0,8.0,23.0,20.0,28.9,0.0,-6.25e-16,-3.4,0.0,1002.3,83.0,0.0,45.19,0,-0.783871635,-0.62092291,-0.866025404,-0.5,-0.866025404,0.5,2022-08-23,804.70421,645.92097913592
6953.0,2022.0,8.0,23.0,20.5,28.6,0.0,-0.516622634,-2.947237369,0.0,1002.4,84.5,0.0,35.0,0,-0.784094265,-0.620641751,-0.866025404,-0.5,-0.79335334,0.608761429,2022-08-23,804.70421,645.92097913592
6954.0,2022.0,8.0,23.0,21.0,28.3,0.0,-1.033245267,-2.494474738,0.0,1002.5,86.0,0.0,40.3,0,-0.784316795,-0.620360512,-0.866025404,-0.5,-0.707106781,0.707106781,2022-08-23,804.70421,645.92097913592
6955.0,2022.0,8.0,23.0,21.5,28.2,0.0,-0.516622634,-2.247237369,0.0,1002.45,86.5,0.0,24.52,0,-0.784539224,-0.620079193,-0.866025404,-0.5,-0.608761429,0.79335334,2022-08-23,804.70421,645.92097913592
6956.0,2022.0,8.0,23.0,22.0,28.1,0.0,-3.68e-16,-2.0,0.0,1002.4,87.0,0.0,23.37,0,-0.784761552,-0.619797795,-0.866025404,-0.5,-0.5,0.866025404,2022-08-23,804.70421,645.92097913592
6957.0,2022.0,8.0,23.0,22.5,27.95,0.0,-4.05e-16,-2.2,0.0,1002.2,88.5,0.0,23.54,0,-0.784983779,-0.619516316,-0.866025404,-0.5,-0.382683432,0.923879533,2022-08-23,804.70421,645.92097913592
6958.0,2022.0,8.0,23.0,23.0,27.8,0.0,-4.41e-16,-2.4,0.0,1002.0,90.0,0.0,22.86,0,-0.785205906,-0.619234758,-0.866025404,-0.5,-0.258819045,0.965925826,2022-08-23,804.70421,645.92097913592
6959.0,2022.0,8.0,23.0,23.5,27.55,0.0,0.420951775,-2.216267486,0.0,1001.85,91.5,0.0,20.41,0,-0.785427931,-0.618953121,-0.866025404,-0.5,-0.130526192,0.991444861,2022-08-23,804.70421,645.92097913592
6960.0,2022.0,8.0,24.0,0.0,27.3,0.0,0.841903551,-2.032534972,0.0,1001.7,93.0,0.0,19.99,0,-0.785649855,-0.618671403,-0.866025404,-0.5,-2.4503e-16,1.0,2022-08-24,0.0,0.0
6961.0,2022.0,8.0,24.0,0.5,27.4,0.0,0.420951775,-1.966267486,0.0,1001.55,93.0,0.0,20.77,0,-0.785871678,-0.618389606,-0.866025404,-0.5,0.130526192,0.991444861,2022-08-24,0.0,0.0
6962.0,2022.0,8.0,24.0,1.0,27.5,0.0,-3.49e-16,-1.9,0.0,1001.4,93.0,0.0,20.5,0,-0.7860934,-0.61810773,-0.866025404,-0.5,0.258819045,0.965925826,2022-08-24,0.0,0.0
6963.0,2022.0,8.0,24.0,1.5,27.0,0.0,0.831491579,-1.294415089,0.0,1001.25,93.5,0.0,20.38,0,-0.786315021,-0.617825774,-0.866025404,-0.5,0.382683432,0.923879533,2022-08-24,0.0,0.0
6964.0,2022.0,8.0,24.0,2.0,26.5,0.0,1.662983159,-0.688830178,0.0,1001.1,94.0,0.0,20.0,0,-0.786536541,-0.617543739,-0.866025404,-0.5,0.5,0.866025404,2022-08-24,0.0,0.0
6965.0,2022.0,8.0,24.0,2.5,26.2,0.0,1.247237369,-0.516622634,0.0,1001.15,94.5,0.0,19.84,0,-0.78675796,-0.617261624,-0.866025404,-0.5,0.608761429,0.79335334,2022-08-24,0.0,0.0
6966.0,2022.0,8.0,24.0,3.0,25.9,0.0,0.831491579,-0.344415089,0.0,1001.2,95.0,0.0,19.4,0,-0.786979277,-0.61697943,-0.866025404,-0.5,0.707106781,0.707106781,2022-08-24,0.0,0.0
6967.0,2022.0,8.0,24.0,3.5,26.1,0.0,0.96574579,-0.172207545,0.0,1001.45,95.5,0.0,19.84,0,-0.787200494,-0.616697156,-0.866025404,-0.5,0.79335334,0.608761429,2022-08-24,0.0,0.0
6968.0,2022.0,8.0,24.0,4.0,26.3,0.0,1.1,0.0,0.0,1001.7,96.0,0.0,19.84,0,-0.787421609,-0.616414804,-0.866025404,-0.5,0.866025404,0.5,2022-08-24,0.0,0.0
6969.0,2022.0,8.0,24.0,4.5,26.25,0.0,1.3,0.0,0.0,1001.8,96.0,0.0,20.0,0,-0.787642622,-0.616132372,-0.866025404,-0.5,0.923879533,0.382683432,2022-08-24,0.0,0.0
6970.0,2022.0,8.0,24.0,5.0,26.2,0.0,1.5,0.0,0.0,1001.9,96.0,0.0,19.99,0,-0.787863535,-0.61584986,-0.866025404,-0.5,0.965925826,0.258819045,2022-08-24,0.0,0.0
6971.0,2022.0,8.0,24.0,5.5,26.2,0.0,1.056146746,0.739103626,15.27777778,1002.1,96.0,0.031355909,20.05,0,-0.788084346,-0.61556727,-0.866025404,-0.5,0.991444861,0.130526192,2022-08-24,0.0,0.62868597545
6972.0,2022.0,8.0,24.0,6.0,26.2,0.0,0.612293492,1.478207252,30.55555556,1002.3,96.0,0.063202889,20.09,0,-0.788305056,-0.6152846,-0.866025404,-0.5,1.0,6.12574e-17,2022-08-24,0.0,1.89843201546
6973.0,2022.0,8.0,24.0,6.5,27.05,0.0,0.306146746,0.989103626,116.6666667,1002.4,92.5,0.256497276,20.05,0,-0.788525664,-0.615001851,-0.866025404,-0.5,0.991444861,-0.130526192,2022-08-24,0.0,7.04120239926
6974.0,2022.0,8.0,24.0,7.0,27.9,0.0,3.06e-17,0.5,202.7777778,1002.5,89.0,0.396904489,19.84,0,-0.788746171,-0.614719023,-0.866025404,-0.5,0.965925826,-0.258819045,2022-08-24,0.0,14.91578746102
6975.0,2022.0,8.0,24.0,7.5,28.1,0.0,0.287012575,0.94290965,222.2222223,1002.6,88.5,0.447239712,20.0,0,-0.788966577,-0.614436116,-0.866025404,-0.5,0.923879533,-0.382683432,2022-08-24,0.0,23.860581701020003
6976.0,2022.0,8.0,24.0,8.0,28.3,0.0,0.574025149,1.385819299,241.6666667,1002.7,88.0,0.458687295,19.99,0,-0.789186881,-0.61415313,-0.866025404,-0.5,0.866025404,-0.5,2022-08-24,0.0,33.02974072807
6977.0,2022.0,8.0,24.0,8.5,28.45,0.0,1.100185373,1.506082448,211.1111112,1003.0,87.0,0.429374854,17.28,0,-0.789407083,-0.613870065,-0.866025404,-0.5,0.79335334,-0.608761429,2022-08-24,0.0,40.44933820519
6978.0,2022.0,8.0,24.0,9.0,28.6,0.0,1.626345597,1.626345597,180.5555556,1003.3,86.0,0.374800653,20.38,0,-0.789627184,-0.613586921,-0.866025404,-0.5,0.707106781,-0.707106781,2022-08-24,0.0,48.08777551333
6979.0,2022.0,8.0,24.0,9.5,29.5,0.0,2.522349934,1.521137149,281.9444445,1003.25,74.5,0.538216996,23.37,0,-0.789847184,-0.613303698,-0.866025404,-0.5,0.608761429,-0.79335334,2022-08-24,0.0,60.66590670985
6980.0,2022.0,8.0,24.0,10.0,30.4,0.0,3.41835427,1.4159287,383.3333333,1003.2,63.0,0.734620273,24.01,0,-0.790067082,-0.613020396,-0.866025404,-0.5,0.5,-0.866025404,2022-08-24,17.81542,78.30413946458
6981.0,2022.0,8.0,24.0,10.5,30.25,0.0,3.41835427,1.4159287,525.0,1003.25,65.5,1.011576426,23.77,0,-0.790286878,-0.612737016,-0.866025404,-0.5,0.382683432,-0.923879533,2022-08-24,17.81542,102.3493111106
6982.0,2022.0,8.0,24.0,11.0,30.1,0.0,3.41835427,1.4159287,666.6666667,1003.3,68.0,1.339311309,25.0,0,-0.790506573,-0.612453556,-0.866025404,-0.5,0.258819045,-0.965925826,2022-08-24,51.29042,135.8320938356
6983.0,2022.0,8.0,24.0,11.5,30.45,0.0,3.709177135,0.70796435,779.1666667,1003.1,65.5,1.594028093,26.59,0,-0.790726166,-0.612170018,-0.866025404,-0.5,0.130526192,-0.991444861,2022-08-24,93.67488,178.21730082847
6984.0,2022.0,8.0,24.0,12.0,30.8,0.0,4.0,0.0,891.6666667,1002.9,63.0,1.878084294,35.0,0,-0.790945657,-0.611886401,-0.866025404,-0.5,1.22515e-16,-1.0,2022-08-24,208.57988,243.95025111847002
6985.0,2022.0,8.0,24.0,12.5,29.95,0.0,3.6,0.0,802.7777778,1003.0,64.5,1.404898958,25.0,0,-0.791165046,-0.611602706,-0.866025404,-0.5,-0.130526192,-0.991444861,2022-08-24,208.57988,279.07272506847005
6986.0,2022.0,8.0,24.0,13.0,29.1,0.0,3.2,0.0,713.8888889,1003.1,66.0,1.388064833,38.0,0,-0.791384334,-0.611318931,-0.866025404,-0.5,-0.258819045,-0.965925826,2022-08-24,261.32388000000003,331.8191887224701
6987.0,2022.0,8.0,24.0,13.5,28.75,0.0,3.45,0.0,497.2222222,1002.85,67.5,0.968392262,47.0,0,-0.79160352,-0.611035078,-0.866025404,-0.5,-0.382683432,-0.923879533,2022-08-24,306.81988,377.3336250364701
6988.0,2022.0,8.0,24.0,14.0,28.4,0.0,3.7,0.0,280.5555556,1002.6,69.0,0.599597601,50.0,0,-0.791822604,-0.610751147,-0.866025404,-0.5,-0.5,-0.866025404,2022-08-24,336.81988,407.3135050864701
6989.0,2022.0,8.0,24.0,14.5,28.0,0.0,3.651565089,0.746232693,297.2222222,1002.7,70.0,0.572856941,51.0,0,-0.792041587,-0.610467137,-0.866025404,-0.5,-0.608761429,-0.79335334,2022-08-24,366.04288,436.5292090774701
6990.0,2022.0,8.0,24.0,15.0,27.6,0.0,3.603130177,1.492465386,313.8888889,1002.8,71.0,0.575689732,52.0,0,-0.792260467,-0.610183048,-0.866025404,-0.5,-0.707106781,-0.707106781,2022-08-24,423.86688000000004,466.4650751414701
6991.0,2022.0,8.0,24.0,15.5,27.2,0.0,3.741712107,1.549867901,269.4444445,1002.9,68.5,0.535869522,48.0,0,-0.792479246,-0.609898881,-0.866025404,-0.5,-0.79335334,-0.608761429,2022-08-24,423.86688000000004,492.1868121974701
6992.0,2022.0,8.0,24.0,16.0,26.8,0.0,3.880294037,1.607270416,225.0,1003.0,66.0,0.426821418,55.21,0,-0.792697922,-0.609614636,-0.866025404,-0.5,-0.866025404,-0.5,2022-08-24,447.44155000000006,515.7516226852501
6993.0,2022.0,8.0,24.0,16.5,26.6,0.0,3.83410006,1.588136245,154.1666667,1003.2,67.5,0.327667201,55.22,0,-0.792916497,-0.609330312,-0.866025404,-0.5,-0.923879533,-0.382683432,2022-08-24,465.5537100000001,533.8454055244702
6994.0,2022.0,8.0,24.0,17.0,26.4,0.0,3.787906083,1.569002073,83.33333333,1003.4,69.0,0.158888815,57.39,0,-0.79313497,-0.60904591,-0.866025404,-0.5,-0.965925826,-0.258819045,2022-08-24,589.4587200000001,542.9640346173202
6995.0,2022.0,8.0,24.0,17.5,26.1,0.0,2.919257874,1.809805869,69.44444445,1003.75,69.5,0.133680087,55.22,0,-0.79335334,-0.608761429,-0.866025404,-0.5,-0.991444861,-0.130526192,2022-08-24,707.2982000000001,550.3458490214601
6996.0,2022.0,8.0,24.0,18.0,25.8,0.0,2.050609665,2.050609665,55.55555556,1004.1,70.0,0.118656525,55.21,0,-0.793571609,-0.60847687,-0.866025404,-0.5,-1.0,-1.83772e-16,2022-08-24,713.86819,556.8968757667102
6997.0,2022.0,8.0,24.0,18.5,25.55,0.0,2.050609665,2.050609665,29.16666667,1004.35,71.5,0.057043084,54.0,0,-0.793789776,-0.608192233,-0.866025404,-0.5,-0.991444861,0.130526192,2022-08-24,713.86819,559.9772023027102
6998.0,2022.0,8.0,24.0,19.0,25.3,0.0,2.050609665,2.050609665,2.777777778,1004.6,73.0,0.001002918,55.0,0,-0.79400784,-0.607907518,-0.866025404,-0.5,-0.965925826,0.258819045,2022-08-24,717.0581900000001,560.0323627927103
6999.0,2022.0,8.0,24.0,19.5,25.05,0.0,1.767766953,1.767766953,1.388888889,1005.1,72.0,0.000204135,50.12,0,-0.794225802,-0.607622724,-0.866025404,-0.5,-0.923879533,0.382683432,2022-08-24,717.0581900000001,560.0425940389102
7000.0,2022.0,8.0,24.0,20.0,24.8,0.0,1.48492424,1.48492424,0.0,1005.6,71.0,0.0,41.02,0,-0.794443663,-0.607337852,-0.866025404,-0.5,-0.866025404,0.5,2022-08-24,717.0581900000001,560.0425940389102
7001.0,2022.0,8.0,24.0,20.5,24.4,0.0,1.803122292,1.803122292,0.0,1005.55,76.5,0.0,41.0,0,-0.794661421,-0.607052902,-0.866025404,-0.5,-0.79335334,0.608761429,2022-08-24,717.0581900000001,560.0425940389102
7002.0,2022.0,8.0,24.0,21.0,24.0,0.0,2.121320344,2.121320344,0.0,1005.5,82.0,0.0,31.72,0,-0.794879077,-0.606767875,-0.866025404,-0.5,-0.707106781,0.707106781,2022-08-24,717.0581900000001,560.0425940389102
7003.0,2022.0,8.0,24.0,21.5,23.85,0.0,2.446479471,1.634685321,0.0,1005.3,81.5,0.0,29.99,0,-0.79509663,-0.606482769,-0.866025404,-0.5,-0.608761429,0.79335334,2022-08-24,717.0581900000001,560.0425940389102
7004.0,2022.0,8.0,24.0,22.0,23.7,0.0,2.771638598,1.148050297,0.0,1005.1,81.0,0.0,23.77,0,-0.795314082,-0.606197585,-0.866025404,-0.5,-0.5,0.866025404,2022-08-24,717.0581900000001,560.0425940389102
7005.0,2022.0,8.0,24.0,22.5,23.6,0.0,2.269702776,1.457908625,0.0,1005.1,80.0,0.0,23.6,0,-0.795531431,-0.605912323,-0.866025404,-0.5,-0.382683432,0.923879533,2022-08-24,717.0581900000001,560.0425940389102
7006.0,2022.0,8.0,24.0,23.0,23.5,0.0,1.767766953,1.767766953,0.0,1005.1,79.0,0.0,23.42,0,-0.795748677,-0.605626983,-0.866025404,-0.5,-0.258819045,0.965925826,2022-08-24,717.0581900000001,560.0425940389102
7007.0,2022.0,8.0,24.0,23.5,23.3,0.0,1.266566909,1.807763009,0.0,1005.05,79.5,0.0,21.0,0,-0.795965822,-0.605341565,-0.866025404,-0.5,-0.130526192,0.991444861,2022-08-24,717.0581900000001,560.0425940389102
7008.0,2022.0,8.0,25.0,0.0,23.1,0.0,0.765366865,1.847759065,0.0,1005.0,80.0,0.0,19.99,0,-0.796182864,-0.60505607,-0.866025404,-0.5,-2.4503e-16,1.0,2022-08-25,0.0,0.0
7009.0,2022.0,8.0,25.0,0.5,23.05,0.0,0.70796435,1.709177135,0.0,1005.0,79.0,0.0,20.41,0,-0.796399803,-0.604770496,-0.866025404,-0.5,0.130526192,0.991444861,2022-08-25,0.0,0.0
7010.0,2022.0,8.0,25.0,1.0,23.0,0.0,0.650561835,1.570595205,0.0,1005.0,78.0,0.0,20.09,0,-0.796616641,-0.604484845,-0.866025404,-0.5,0.258819045,0.965925826,2022-08-25,0.0,0.0
7011.0,2022.0,8.0,25.0,1.5,23.0,0.0,0.746232693,1.801565089,0.0,1004.65,77.5,0.0,20.09,0,-0.796833375,-0.604199116,-0.866025404,-0.5,0.382683432,0.923879533,2022-08-25,0.0,0.0
7012.0,2022.0,8.0,25.0,2.0,23.0,0.0,0.841903551,2.032534972,0.0,1004.3,77.0,0.0,20.01,0,-0.797050008,-0.603913309,-0.866025404,-0.5,0.5,0.866025404,2022-08-25,0.0,0.0
7013.0,2022.0,8.0,25.0,2.5,22.7,0.0,0.153073373,1.662983159,0.0,1004.5,79.0,0.0,20.0,0,-0.797266537,-0.603627425,-0.866025404,-0.5,0.608761429,0.79335334,2022-08-25,0.0,0.0
7014.0,2022.0,8.0,25.0,3.0,22.4,0.0,-0.535756805,1.293431346,0.0,1004.7,81.0,0.0,20.0,0,-0.797482965,-0.603341463,-0.866025404,-0.5,0.707106781,0.707106781,2022-08-25,0.0,0.0
7015.0,2022.0,8.0,25.0,3.5,22.45,0.0,-0.267878402,1.296715673,0.0,1004.65,79.5,0.0,20.0,0,-0.797699289,-0.603055424,-0.866025404,-0.5,0.79335334,0.608761429,2022-08-25,0.0,0.0
7016.0,2022.0,8.0,25.0,4.0,22.5,0.0,7.96e-17,1.3,0.0,1004.6,78.0,0.0,20.0,0,-0.797915511,-0.602769307,-0.866025404,-0.5,0.866025404,0.5,2022-08-25,0.0,0.0
7017.0,2022.0,8.0,25.0,4.5,22.15,0.0,0.210475888,1.158133743,0.0,1004.75,80.5,0.0,20.03,0,-0.798131631,-0.602483112,-0.866025404,-0.5,0.923879533,0.382683432,2022-08-25,0.0,0.0
7018.0,2022.0,8.0,25.0,5.0,21.8,0.0,0.420951776,1.016267486,0.0,1004.9,83.0,0.0,20.05,0,-0.798347647,-0.60219684,-0.866025404,-0.5,0.965925826,0.258819045,2022-08-25,0.0,0.0
7019.0,2022.0,8.0,25.0,5.5,21.9,0.0,0.459220119,1.108655439,4.166666667,1004.95,82.5,0.004973731,20.0,0,-0.798563562,-0.60191049,-0.866025404,-0.5,0.991444861,0.130526192,2022-08-25,0.0,0.09947462000000001
7020.0,2022.0,8.0,25.0,6.0,22.0,0.0,0.497488462,1.201043392,8.333333333,1005.0,82.0,0.014956491,19.62,0,-0.798779373,-0.601624063,-0.866025404,-0.5,1.0,6.12574e-17,2022-08-25,0.0,0.39292097342000004
7021.0,2022.0,8.0,25.0,6.5,22.85,0.0,0.554890977,1.339625322,45.83333333,1004.95,76.0,0.090085644,20.0,0,-0.798995082,-0.601337559,-0.866025404,-0.5,0.991444861,-0.130526192,2022-08-25,0.0,2.19463385342
7022.0,2022.0,8.0,25.0,7.0,23.7,0.0,0.612293492,1.478207252,83.33333333,1004.9,70.0,0.163697537,19.84,0,-0.799210687,-0.601050977,-0.866025404,-0.5,0.965925826,-0.258819045,2022-08-25,0.0,5.4423929875
7023.0,2022.0,8.0,25.0,7.5,24.25,0.0,0.784501037,1.893953042,155.5555556,1004.8,68.5,0.289025498,17.7,0,-0.799426191,-0.600764318,-0.866025404,-0.5,0.923879533,-0.382683432,2022-08-25,0.0,10.5581443021
7024.0,2022.0,8.0,25.0,8.0,24.8,0.0,0.956708581,2.309698831,227.7777778,1004.7,67.0,0.417436631,15.79,0,-0.799641591,-0.600477582,-0.866025404,-0.5,0.866025404,-0.5,2022-08-25,0.0,17.14946870559
7025.0,2022.0,8.0,25.0,8.5,25.05,0.0,0.899306066,2.171116902,256.9444445,1004.8,67.0,0.540583232,16.49,0,-0.799856888,-0.600190768,-0.866025404,-0.5,0.79335334,-0.608761429,2022-08-25,0.0,26.06368620127
7026.0,2022.0,8.0,25.0,9.0,25.3,0.0,0.841903551,2.032534972,286.1111111,1004.9,67.0,0.596711965,23.42,0,-0.800072083,-0.599903878,-0.866025404,-0.5,0.707106781,-0.707106781,2022-08-25,0.0,40.03868042157
7027.0,2022.0,8.0,25.0,9.5,25.6,0.0,0.688830178,1.662983159,351.3888889,1004.85,65.5,0.717412746,25.54,0,-0.800287174,-0.59961691,-0.866025404,-0.5,0.608761429,-0.79335334,2022-08-25,0.0,58.36140195441
7028.0,2022.0,8.0,25.0,10.0,25.9,0.0,0.535756805,1.293431346,416.6666667,1004.8,64.0,0.844665217,35.0,0,-0.800502163,-0.599329865,-0.866025404,-0.5,0.5,-0.866025404,2022-08-25,99.575,87.92468454941
7029.0,2022.0,8.0,25.0,10.5,26.65,0.0,1.367878403,0.646715673,433.3333334,1004.55,64.0,0.892211217,33.0,0,-0.800717049,-0.599042743,-0.866025404,-0.5,0.382683432,-0.923879533,2022-08-25,99.575,117.36765471041
7030.0,2022.0,8.0,25.0,11.0,27.4,0.0,2.2,0.0,450.0,1004.3,64.0,0.80215042,34.0,0,-0.800931832,-0.598755544,-0.866025404,-0.5,0.258819045,-0.965925826,2022-08-25,99.575,144.64076899040998
7031.0,2022.0,8.0,25.0,11.5,27.05,0.0,2.0,0.0,483.3333334,1004.25,65.0,1.043626893,34.0,0,-0.801146511,-0.598468267,-0.866025404,-0.5,0.130526192,-0.991444861,2022-08-25,99.711,180.12408335240997
7032.0,2022.0,8.0,25.0,12.0,26.7,0.0,1.8,0.0,516.6666667,1004.2,66.0,1.124225989,34.0,0,-0.801361088,-0.598180914,-0.866025404,-0.5,1.22515e-16,-1.0,2022-08-25,175.191,218.34776697840996
7033.0,2022.0,8.0,25.0,12.5,26.75,0.0,1.823879533,-0.382683433,425.0,1003.9,66.0,0.902469909,22.0,0,-0.801575562,-0.597893484,-0.866025404,-0.5,-0.130526192,-0.991444861,2022-08-25,175.191,238.20210497640997
7034.0,2022.0,8.0,25.0,13.0,26.8,0.0,1.847759065,-0.765366865,333.3333333,1003.6,66.0,0.624889512,22.6,0,-0.801789932,-0.597605977,-0.866025404,-0.5,-0.258819045,-0.965925826,2022-08-25,175.191,252.32460794760996
7035.0,2022.0,8.0,25.0,13.5,26.65,0.0,1.77240767,-1.23121157,326.3888889,1003.45,69.0,0.683627987,35.0,0,-0.8020042,-0.597318394,-0.866025404,-0.5,-0.382683432,-0.923879533,2022-08-25,199.131,276.25158749261
7036.0,2022.0,8.0,25.0,14.0,26.5,0.0,1.697056275,-1.697056275,319.4444444,1003.3,72.0,0.647436648,39.0,0,-0.802218364,-0.597030733,-0.866025404,-0.5,-0.5,-0.866025404,2022-08-25,224.364,301.50161676461
7037.0,2022.0,8.0,25.0,14.5,26.4,0.0,1.9109896,-1.288614085,263.8888889,1003.15,71.5,0.489278233,40.0,0,-0.802432425,-0.596742996,-0.866025404,-0.5,-0.608761429,-0.79335334,2022-08-25,243.924,321.07274608461
7038.0,2022.0,8.0,25.0,15.0,26.3,0.0,2.124922925,-0.880171894,208.3333333,1003.0,71.0,0.432863576,41.0,0,-0.802646383,-0.596455182,-0.866025404,-0.5,-0.707106781,-0.707106781,2022-08-25,273.731,338.82015270061
7039.0,2022.0,8.0,25.0,15.5,25.95,0.0,1.416014853,-0.086532557,158.3333333,1003.15,72.0,0.294436911,40.0,0,-0.802860238,-0.596167291,-0.866025404,-0.5,-0.79335334,-0.608761429,2022-08-25,273.731,350.59762914060997
7040.0,2022.0,8.0,25.0,16.0,25.6,0.0,0.707106781,0.707106781,108.3333333,1003.3,73.0,0.212016162,42.81,0,-0.803073989,-0.595879323,-0.866025404,-0.5,-0.866025404,-0.5,2022-08-25,282.80672,359.67404103583
7041.0,2022.0,8.0,25.0,16.5,25.55,0.0,1.253553391,0.353553391,72.22222221,1003.25,73.0,0.150444782,45.95,0,-0.803287637,-0.595591279,-0.866025404,-0.5,-0.923879533,-0.382683432,2022-08-25,289.97492,366.58697876873
7042.0,2022.0,8.0,25.0,17.0,25.5,0.0,1.8,0.0,36.11111111,1003.2,73.0,0.072720922,45.95,0,-0.803501182,-0.595303158,-0.866025404,-0.5,-0.965925826,-0.258819045,2022-08-25,325.40237,369.92850513463
7043.0,2022.0,8.0,25.0,17.5,25.15,0.0,1.8,0.0,23.61111111,1003.45,74.0,0.049527112,45.95,0,-0.803714624,-0.595014961,-0.866025404,-0.5,-0.991444861,-0.130526192,2022-08-25,396.44107,372.20427593103
7044.0,2022.0,8.0,25.0,18.0,24.8,0.0,1.8,0.0,11.11111111,1003.7,75.0,0.02149502,44.63,0,-0.803927962,-0.594726687,-0.866025404,-0.5,-1.0,-1.83772e-16,2022-08-25,396.44107,373.16359867363
7045.0,2022.0,8.0,25.0,18.5,24.6,0.0,1.8,0.0,5.555555555,1003.9,76.0,0.005202047,44.68,0,-0.804141197,-0.594438337,-0.866025404,-0.5,-0.991444861,0.130526192,2022-08-25,396.44107,373.39602613359
7046.0,2022.0,8.0,25.0,19.0,24.4,0.0,1.8,0.0,0.0,1004.1,77.0,0.0,44.19,0,-0.804354328,-0.59414991,-0.866025404,-0.5,-0.965925826,0.258819045,2022-08-25,396.44107,373.39602613359
7047.0,2022.0,8.0,25.0,19.5,24.25,0.0,1.500521696,0.248744231,0.0,1004.1,78.5,0.0,45.95,0,-0.804567356,-0.593861407,-0.866025404,-0.5,-0.923879533,0.382683432,2022-08-25,480.34577,373.39602613359
7048.0,2022.0,8.0,25.0,20.0,24.1,0.0,1.201043392,0.497488462,0.0,1004.1,80.0,0.0,38.0,0,-0.80478028,-0.593572827,-0.866025404,-0.5,-0.866025404,0.5,2022-08-25,480.34577,373.39602613359
7049.0,2022.0,8.0,25.0,20.5,23.95,0.0,0.777298392,0.425520927,0.0,1004.2,80.0,0.0,35.0,0,-0.804993101,-0.593284171,-0.866025404,-0.5,-0.79335334,0.608761429,2022-08-25,480.34577,373.39602613359
7050.0,2022.0,8.0,25.0,21.0,23.8,0.0,0.353553391,0.353553391,0.0,1004.3,80.0,0.0,32.0,0,-0.805205818,-0.592995439,-0.866025404,-0.5,-0.707106781,0.707106781,2022-08-25,480.34577,373.39602613359
7051.0,2022.0,8.0,25.0,21.5,23.7,0.0,0.707106782,0.707106782,0.0,1004.15,80.5,0.0,20.77,0,-0.805418432,-0.59270663,-0.866025404,-0.5,-0.608761429,0.79335334,2022-08-25,480.34577,373.39602613359
7052.0,2022.0,8.0,25.0,22.0,23.6,0.0,1.060660172,1.060660172,0.0,1004.0,81.0,0.0,20.05,0,-0.805630942,-0.592417745,-0.866025404,-0.5,-0.5,0.866025404,2022-08-25,480.34577,373.39602613359
7053.0,2022.0,8.0,25.0,22.5,23.45,0.0,0.807493946,0.645135116,0.0,1003.9,83.0,0.0,20.38,0,-0.805843349,-0.592128785,-0.866025404,-0.5,-0.382683432,0.923879533,2022-08-25,480.34577,373.39602613359
7054.0,2022.0,8.0,25.0,23.0,23.3,0.0,0.55432772,0.229610059,0.0,1003.8,85.0,0.0,20.0,0,-0.806055652,-0.591839747,-0.866025404,-0.5,-0.258819045,0.965925826,2022-08-25,480.34577,373.39602613359
7055.0,2022.0,8.0,25.0,23.5,23.55,0.0,0.923879533,-0.153073373,0.0,1003.4,82.5,0.0,19.57,0,-0.806267851,-0.591550634,-0.866025404,-0.5,-0.130526192,0.991444861,2022-08-25,480.34577,373.39602613359
7056.0,2022.0,8.0,26.0,0.0,23.8,0.0,1.293431346,-0.535756805,0.0,1003.0,80.0,0.0,16.94,0,-0.806479946,-0.591261445,-0.866025404,-0.5,-2.4503e-16,1.0,2022-08-26,0.0,0.0
7057.0,2022.0,8.0,26.0,0.5,23.75,0.0,1.346715673,-0.267878403,0.0,1002.65,81.0,0.0,19.84,0,-0.806691938,-0.59097218,-0.866025404,-0.5,0.130526192,0.991444861,2022-08-26,0.0,0.0
7058.0,2022.0,8.0,26.0,1.0,23.7,0.0,1.4,0.0,0.0,1002.3,82.0,0.0,19.52,0,-0.806903826,-0.590682838,-0.866025404,-0.5,0.258819045,0.965925826,2022-08-26,0.0,0.0
7059.0,2022.0,8.0,26.0,1.5,23.25,0.0,0.982842712,-0.282842713,0.0,1002.1,86.0,0.0,19.84,0,-0.80711561,-0.590393421,-0.866025404,-0.5,0.382683432,0.923879533,2022-08-26,0.0,0.0
7060.0,2022.0,8.0,26.0,2.0,22.8,0.0,0.565685425,-0.565685425,0.0,1001.9,90.0,0.0,20.0,0,-0.807327291,-0.590103928,-0.866025404,-0.5,0.5,0.866025404,2022-08-26,0.0,0.0
7061.0,2022.0,8.0,26.0,2.5,22.95,0.0,0.77781746,0.212132035,0.0,1001.7,88.5,0.0,20.0,0,-0.807538868,-0.589814358,-0.866025404,-0.5,0.608761429,0.79335334,2022-08-26,0.0,0.0
7062.0,2022.0,8.0,26.0,3.0,23.1,0.0,0.989949494,0.989949494,0.0,1001.5,87.0,0.0,20.0,0,-0.80775034,-0.589524713,-0.866025404,-0.5,0.707106781,0.707106781,2022-08-26,0.0,0.0
7063.0,2022.0,8.0,26.0,3.5,23.05,0.0,0.265364688,1.049302467,0.0,1001.6,88.5,0.0,20.0,0,-0.807961709,-0.589234993,-0.866025404,-0.5,0.79335334,0.608761429,2022-08-26,0.0,0.0
7064.0,2022.0,8.0,26.0,4.0,23.0,0.0,-0.459220119,1.108655439,0.0,1001.7,90.0,0.0,20.0,0,-0.808172974,-0.588945196,-0.866025404,-0.5,0.866025404,0.5,2022-08-26,0.0,0.0
7065.0,2022.0,8.0,26.0,4.5,22.95,0.0,0.093747777,0.688266921,0.0,1001.8,91.5,0.0,20.01,0,-0.808384135,-0.588655324,-0.866025404,-0.5,0.923879533,0.382683432,2022-08-26,0.0,0.0
7066.0,2022.0,8.0,26.0,5.0,22.9,0.0,0.646715673,0.267878403,0.0,1001.9,93.0,0.0,20.03,0,-0.808595192,-0.588365375,-0.866025404,-0.5,0.965925826,0.258819045,2022-08-26,0.0,0.0
7067.0,2022.0,8.0,26.0,5.5,22.9,0.0,0.57084521,-0.113548172,1.388888889,1002.25,95.0,0.000736332,20.0,0,-0.808806145,-0.588075352,-0.866025404,-0.5,0.991444861,0.130526192,2022-08-26,0.0,0.014726640000000001
7068.0,2022.0,8.0,26.0,6.0,22.9,0.0,0.494974747,-0.494974747,2.777777778,1002.6,97.0,0.002071106,19.0,0,-0.809016994,-0.587785252,-0.866025404,-0.5,1.0,6.12574e-17,2022-08-26,0.0,0.054077654
7069.0,2022.0,8.0,26.0,6.5,23.35,0.0,0.897487374,-0.247487374,48.61111111,1002.55,96.0,0.09615378,19.84,0,-0.809227739,-0.587495077,-0.866025404,-0.5,0.991444861,-0.130526192,2022-08-26,0.0,1.9617686492
7070.0,2022.0,8.0,26.0,7.0,23.8,0.0,1.3,0.0,94.44444444,1002.5,95.0,0.198563296,19.52,0,-0.80943838,-0.587204827,-0.866025404,-0.5,0.965925826,-0.258819045,2022-08-26,0.0,5.83772418712
7071.0,2022.0,8.0,26.0,7.5,24.2,0.0,1.389103626,0.306146746,115.2777778,1002.65,93.5,0.231465055,18.0,0,-0.809648917,-0.586914501,-0.866025404,-0.5,0.923879533,-0.382683432,2022-08-26,0.0,10.00409517712
7072.0,2022.0,8.0,26.0,8.0,24.6,0.0,1.478207252,0.612293492,136.1111111,1002.8,92.0,0.254366678,23.69,0,-0.80985935,-0.586624099,-0.866025404,-0.5,0.866025404,-0.5,2022-08-26,0.0,16.03004177894
7073.0,2022.0,8.0,26.0,8.5,25.1,0.0,1.616789182,0.669696007,162.5,1002.8,90.5,0.323901157,22.6,0,-0.810069678,-0.586333622,-0.866025404,-0.5,0.79335334,-0.608761429,2022-08-26,0.0,23.350207927139998
7074.0,2022.0,8.0,26.0,9.0,25.6,0.0,1.755371112,0.727098521,188.8888889,1002.8,89.0,0.350024995,31.0,0,-0.810279903,-0.58604307,-0.866025404,-0.5,0.707106781,-0.707106781,2022-08-26,0.0,34.200982772139994
7075.0,2022.0,8.0,26.0,9.5,25.85,0.0,1.801565088,0.746232693,223.6111111,1003.0,88.0,0.469648469,34.0,0,-0.810490023,-0.585752442,-0.866025404,-0.5,0.608761429,-0.79335334,2022-08-26,0.0,50.16903071813999
7076.0,2022.0,8.0,26.0,10.0,26.1,0.0,1.847759065,0.765366865,258.3333333,1003.2,87.0,0.503563992,35.0,0,-0.810700039,-0.585461739,-0.866025404,-0.5,0.5,-0.866025404,2022-08-26,74.165,67.79377043814
7077.0,2022.0,8.0,26.0,10.5,26.6,0.0,1.524920297,0.983724196,325.0,1003.1,85.5,0.664451788,33.0,0,-0.81090995,-0.58517096,-0.866025404,-0.5,0.382683432,-0.923879533,2022-08-26,74.165,89.72067944214001
7078.0,2022.0,8.0,26.0,11.0,27.1,0.0,1.202081528,1.202081528,391.6666667,1003.0,84.0,0.787201512,34.0,0,-0.811119757,-0.584880107,-0.866025404,-0.5,0.258819045,-0.965925826,2022-08-26,74.165,116.48553085014001
7079.0,2022.0,8.0,26.0,11.5,27.25,0.0,1.651040764,0.601040764,329.1666667,1002.85,83.5,0.623757944,34.0,0,-0.81132946,-0.584589178,-0.866025404,-0.5,0.130526192,-0.991444861,2022-08-26,74.165,137.69330094614
7080.0,2022.0,8.0,26.0,12.0,27.4,0.0,2.1,0.0,266.6666667,1002.7,83.0,0.588280595,34.0,0,-0.811539059,-0.584298174,-0.866025404,-0.5,1.22515e-16,-1.0,2022-08-26,74.165,157.69484117614
7081.0,2022.0,8.0,26.0,12.5,27.55,0.0,1.757106781,0.707106781,266.6666667,1002.55,83.0,0.524141198,28.0,0,-0.811748553,-0.584007094,-0.866025404,-0.5,-0.130526192,-0.991444861,2022-08-26,74.165,172.37079472014
7082.0,2022.0,8.0,26.0,13.0,27.7,0.0,1.414213562,1.414213562,266.6666667,1002.4,83.0,0.499896433,29.99,0,-0.811957943,-0.58371594,-0.866025404,-0.5,-0.258819045,-0.965925826,2022-08-26,74.165,187.36268874581
7083.0,2022.0,8.0,26.0,13.5,28.0,0.0,1.492404384,1.032387699,222.2222223,1002.3,83.5,0.39856629,35.0,0,-0.812167229,-0.583424711,-0.866025404,-0.5,-0.382683432,-0.923879533,2022-08-26,88.09500000000001,201.31250889581
7084.0,2022.0,8.0,26.0,14.0,28.3,0.0,1.570595205,0.650561835,177.7777778,1002.2,84.0,0.360704604,39.0,0,-0.812376409,-0.583133406,-0.866025404,-0.5,-0.5,-0.866025404,2022-08-26,102.174,215.37998845181
7085.0,2022.0,8.0,26.0,14.5,27.9,0.0,2.263504855,0.93757441,237.5,1002.3,84.0,0.459044506,39.0,0,-0.812585486,-0.582842027,-0.866025404,-0.5,-0.608761429,-0.79335334,2022-08-26,120.075,233.28272418581
7086.0,2022.0,8.0,26.0,15.0,27.5,0.0,2.956414504,1.224586984,297.2222222,1002.4,84.0,0.611749294,43.48,0,-0.812794458,-0.582550572,-0.866025404,-0.5,-0.707106781,-0.707106781,2022-08-26,146.77172000000002,259.88158348893
7087.0,2022.0,8.0,26.0,15.5,27.05,0.0,2.468156746,1.602242986,229.1666666,1002.4,86.0,0.428536323,43.48,0,-0.813003325,-0.582259043,-0.866025404,-0.5,-0.79335334,-0.608761429,2022-08-26,165.33768,278.51434281297
7088.0,2022.0,8.0,26.0,16.0,26.6,0.0,1.979898987,1.979898987,161.1111111,1002.4,88.0,0.298434695,55.37,0,-0.813212088,-0.581967439,-0.866025404,-0.5,-0.866025404,-0.5,2022-08-26,181.83794,295.03867187512003
7089.0,2022.0,8.0,26.0,16.5,26.05,0.0,2.190992886,1.487437956,113.8888889,1002.4,89.0,0.244626326,55.37,0,-0.813420747,-0.581675759,-0.866025404,-0.5,-0.923879533,-0.382683432,2022-08-26,195.68044,308.58363154574005
7090.0,2022.0,8.0,26.0,17.0,25.5,0.0,2.402086785,0.994976924,66.66666667,1002.4,90.0,0.13991906,55.37,0,-0.8136293,-0.581384006,-0.866025404,-0.5,-0.965925826,-0.258819045,2022-08-26,261.57074,316.33094989794006
7091.0,2022.0,8.0,26.0,17.5,25.1,0.0,2.679250644,1.109781954,61.11111112,1002.65,89.5,0.131450831,55.37,0,-0.813837749,-0.581092177,-0.866025404,-0.5,-0.991444861,-0.130526192,2022-08-26,374.02720999999997,323.60938241041003
7092.0,2022.0,8.0,26.0,18.0,24.7,0.0,2.956414504,1.224586984,55.55555556,1002.9,89.0,0.102144338,55.37,0,-0.814046094,-0.580800273,-0.866025404,-0.5,-1.0,-1.83772e-16,2022-08-26,437.53659999999996,329.26511440547006
7093.0,2022.0,8.0,26.0,18.5,24.5,0.0,2.679250644,1.109781954,29.16666667,1003.05,88.5,0.056245587,50.12,0,-0.814254333,-0.580508295,-0.866025404,-0.5,-0.991444861,0.130526192,2022-08-26,440.34331999999995,332.08414322591005
7094.0,2022.0,8.0,26.0,19.0,24.3,0.0,2.402086785,0.994976924,2.777777778,1003.2,88.0,0.001266747,47.0,0,-0.814462468,-0.580216243,-0.866025404,-0.5,-0.965925826,0.258819045,2022-08-26,440.39032,332.1436803349101
7095.0,2022.0,8.0,26.0,19.5,24.25,0.0,2.494474738,1.033245268,1.388888889,1003.6,88.5,0.000389163,43.48,0,-0.814670498,-0.579924115,-0.866025404,-0.5,-0.923879533,0.382683432,2022-08-26,440.39032,332.1606011421501
7096.0,2022.0,8.0,26.0,20.0,24.2,0.0,2.586862691,1.071513611,0.0,1004.0,89.0,0.0,43.48,0,-0.814878424,-0.579631913,-0.866025404,-0.5,-0.866025404,0.5,2022-08-26,440.39032,332.1606011421501
7097.0,2022.0,8.0,26.0,20.5,24.15,0.0,2.448280761,1.014111096,0.0,1004.1,90.5,0.0,35.0,0,-0.815086244,-0.579339637,-0.866025404,-0.5,-0.79335334,0.608761429,2022-08-26,440.39032,332.1606011421501
7098.0,2022.0,8.0,26.0,21.0,24.1,0.0,2.309698831,0.956708581,0.0,1004.2,92.0,0.0,32.0,0,-0.81529396,-0.579047286,-0.866025404,-0.5,-0.707106781,0.707106781,2022-08-26,440.39032,332.1606011421501
7099.0,2022.0,8.0,26.0,21.5,24.1,0.0,2.078728948,0.861037723,0.0,1004.05,91.5,0.0,23.6,0,-0.815501571,-0.57875486,-0.866025404,-0.5,-0.608761429,0.79335334,2022-08-26,440.39032,332.1606011421501
7100.0,2022.0,8.0,26.0,22.0,24.1,0.0,1.847759065,0.765366865,0.0,1003.9,91.0,0.0,20.41,0,-0.815709077,-0.57846236,-0.866025404,-0.5,-0.5,0.866025404,2022-08-26,440.39032,332.1606011421501
7101.0,2022.0,8.0,26.0,22.5,24.1,0.0,1.973879533,0.382683433,0.0,1003.85,91.0,0.0,20.38,0,-0.815916478,-0.578169786,-0.866025404,-0.5,-0.382683432,0.923879533,2022-08-26,440.39032,332.1606011421501
7102.0,2022.0,8.0,26.0,23.0,24.1,0.0,2.1,0.0,0.0,1003.8,91.0,0.0,20.0,0,-0.816123774,-0.577877137,-0.866025404,-0.5,-0.258819045,0.965925826,2022-08-26,440.39032,332.1606011421501
7103.0,2022.0,8.0,26.0,23.5,24.05,0.0,2.112461462,0.440085947,0.0,1003.8,92.0,0.0,19.84,0,-0.816330965,-0.577584414,-0.866025404,-0.5,-0.130526192,0.991444861,2022-08-26,440.39032,332.1606011421501
7104.0,2022.0,8.0,27.0,0.0,24.0,0.0,2.124922925,0.880171894,0.0,1003.8,93.0,0.0,17.51,0,-0.816538051,-0.577291617,-0.866025404,-0.5,-2.4503e-16,1.0,2022-08-27,0.0,0.0
7105.0,2022.0,8.0,27.0,0.5,23.95,0.0,2.309698832,0.956708581,0.0,1003.65,93.5,0.0,20.45,0,-0.816745033,-0.576998745,-0.866025404,-0.5,0.130526192,0.991444861,2022-08-27,0.0,0.0
7106.0,2022.0,8.0,27.0,1.0,23.9,0.0,2.494474738,1.033245267,0.0,1003.5,94.0,0.0,20.0,0,-0.816951909,-0.576705799,-0.866025404,-0.5,0.258819045,0.965925826,2022-08-27,0.0,0.0
7107.0,2022.0,8.0,27.0,1.5,23.95,0.0,2.032534972,0.841903551,0.0,1003.4,94.5,0.0,19.52,0,-0.81715868,-0.576412779,-0.866025404,-0.5,0.382683432,0.923879533,2022-08-27,0.0,0.0
7108.0,2022.0,8.0,27.0,2.0,24.0,0.0,1.570595205,0.650561835,0.0,1003.3,95.0,0.0,19.31,0,-0.817365346,-0.576119685,-0.866025404,-0.5,0.5,0.866025404,2022-08-27,0.0,0.0
7109.0,2022.0,8.0,27.0,2.5,23.95,0.0,1.801565089,0.746232693,0.0,1003.3,94.0,0.0,19.0,0,-0.817571907,-0.575826517,-0.866025404,-0.5,0.608761429,0.79335334,2022-08-27,0.0,0.0
7110.0,2022.0,8.0,27.0,3.0,23.9,0.0,2.032534972,0.841903551,0.0,1003.3,93.0,0.0,19.0,0,-0.817778362,-0.575533275,-0.866025404,-0.5,0.707106781,0.707106781,2022-08-27,0.0,0.0
7111.0,2022.0,8.0,27.0,3.5,23.85,0.0,2.171116902,0.899306066,0.0,1003.25,92.5,0.0,19.0,0,-0.817984713,-0.575239958,-0.866025404,-0.5,0.79335334,0.608761429,2022-08-27,0.0,0.0
7112.0,2022.0,8.0,27.0,4.0,23.8,0.0,2.309698831,0.956708581,0.0,1003.2,92.0,0.0,19.0,0,-0.818190958,-0.574946568,-0.866025404,-0.5,0.866025404,0.5,2022-08-27,0.0,0.0
7113.0,2022.0,8.0,27.0,4.5,23.6,0.0,2.038732892,1.362237767,0.0,1003.35,93.5,0.0,19.0,0,-0.818397098,-0.574653104,-0.866025404,-0.5,0.923879533,0.382683432,2022-08-27,0.0,0.0
7114.0,2022.0,8.0,27.0,5.0,23.4,0.0,1.767766953,1.767766953,0.0,1003.5,95.0,0.0,19.0,0,-0.818603133,-0.574359566,-0.866025404,-0.5,0.965925826,0.258819045,2022-08-27,0.0,0.0
7115.0,2022.0,8.0,27.0,5.5,23.25,1.25,1.669181079,1.209164394,2.777777778,1003.65,97.0,0.001749744,19.52,0,-0.818809062,-0.574065954,-0.866025404,-0.5,0.991444861,0.130526192,2022-08-27,0.03904,0.03415500288
7116.0,2022.0,8.0,27.0,6.0,23.1,2.5,1.570595205,0.650561835,5.555555556,1003.8,99.0,0.006183409,17.68,0,-0.819014887,-0.573772268,-0.866025404,-0.5,1.0,6.12574e-17,2022-08-27,0.14512,0.143477674
7117.0,2022.0,8.0,27.0,6.5,23.25,1.25,1.709177135,0.70796435,15.27777778,1003.75,99.5,0.030173445,17.47,0,-0.819220606,-0.573478508,-0.866025404,-0.5,0.991444861,-0.130526192,2022-08-27,0.6692199999999999,0.67060775815
7118.0,2022.0,8.0,27.0,7.0,23.4,0.0,1.847759065,0.765366865,25.0,1003.7,100.0,0.052609964,16.16,0,-0.819426219,-0.573184675,-0.866025404,-0.5,0.965925826,-0.258819045,2022-08-27,1.5257,1.52078477639
7119.0,2022.0,8.0,27.0,7.5,24.15,0.0,1.570595206,0.650561835,140.2777778,1003.75,98.0,0.291922655,12.21,0,-0.819631727,-0.572890768,-0.866025404,-0.5,0.923879533,-0.382683432,2022-08-27,1.5257,5.08516039394
7120.0,2022.0,8.0,27.0,8.0,24.9,0.0,1.293431346,0.535756805,255.5555556,1003.8,96.0,0.517672578,11.41,0,-0.81983713,-0.572596787,-0.866025404,-0.5,0.866025404,-0.5,2022-08-27,1.5257,10.99180450892
7121.0,2022.0,8.0,27.0,8.5,26.0,0.0,1.146715673,0.267878403,340.2777778,1003.75,93.0,0.663470093,10.0,0,-0.820042427,-0.572302733,-0.866025404,-0.5,0.79335334,-0.608761429,2022-08-27,1.5257,17.62650543892
7122.0,2022.0,8.0,27.0,9.0,27.1,0.0,1.0,0.0,425.0,1003.7,90.0,0.884881197,11.42,0,-0.820247619,-0.572008605,-0.866025404,-0.5,0.707106781,-0.707106781,2022-08-27,1.5257,27.73184870866
7123.0,2022.0,8.0,27.0,9.5,27.9,0.0,0.217157288,0.282842713,501.3888889,1003.6,86.0,1.094874572,13.53,0,-0.820452705,-0.571714403,-0.866025404,-0.5,0.608761429,-0.79335334,2022-08-27,1.5257,42.54550166782
7124.0,2022.0,8.0,27.0,10.0,28.7,0.0,-0.565685425,0.565685425,577.7777778,1003.5,82.0,1.052991731,18.0,0,-0.820657686,-0.571420128,-0.866025404,-0.5,0.5,-0.866025404,2022-08-27,56.4797,61.49935282582
7125.0,2022.0,8.0,27.0,10.5,29.85,0.0,0.042438205,-0.50245489,705.5555556,1003.1,77.5,1.392183103,15.0,0,-0.820862561,-0.571125779,-0.866025404,-0.5,0.382683432,-0.923879533,2022-08-27,56.4797,82.38209937082
7126.0,2022.0,8.0,27.0,11.0,31.0,0.0,0.650561835,-1.570595205,833.3333333,1002.7,73.0,1.641655293,15.43,0,-0.821067331,-0.570831357,-0.866025404,-0.5,0.258819045,-0.965925826,2022-08-27,64.00954,107.71284054181
7127.0,2022.0,8.0,27.0,11.5,31.6,0.0,0.784501037,-1.893953042,838.8888889,1002.45,68.0,1.768906246,15.43,0,-0.821271995,-0.570536862,-0.866025404,-0.5,0.130526192,-0.991444861,2022-08-27,91.28978000000001,135.00706391759
7128.0,2022.0,8.0,27.0,12.0,32.2,0.0,0.918440238,-2.217310878,844.4444444,1002.2,63.0,1.73146666,19.0,0,-0.821476553,-0.570242293,-0.866025404,-0.5,1.22515e-16,-1.0,2022-08-27,124.17878000000002,167.90493045758998
7129.0,2022.0,8.0,27.0,12.5,31.85,0.0,2.009220119,-1.108655439,822.2222222,1002.1,69.0,1.658233299,20.0,0,-0.821681006,-0.56994765,-0.866025404,-0.5,-0.130526192,-0.991444861,2022-08-27,157.33878,201.06959643758998
7130.0,2022.0,8.0,27.0,13.0,31.5,0.0,3.1,0.0,800.0,1002.0,75.0,1.689528214,20.0,0,-0.821885353,-0.569652935,-0.866025404,-0.5,-0.258819045,-0.965925826,2022-08-27,191.15878,234.86016071758996
7131.0,2022.0,8.0,27.0,13.5,31.2,0.0,3.05,0.0,751.3888889,1001.85,75.0,1.566844314,20.0,0,-0.822089595,-0.569358146,-0.866025404,-0.5,-0.382683432,-0.923879533,2022-08-27,222.47878,266.19704699758995
7132.0,2022.0,8.0,27.0,14.0,30.9,0.0,3.0,0.0,702.7777778,1001.7,75.0,1.482306202,21.0,0,-0.82229373,-0.569063284,-0.866025404,-0.5,-0.5,-0.866025404,2022-08-27,253.60078,297.32547723958993
7133.0,2022.0,8.0,27.0,14.5,30.35,0.0,2.885819299,-0.574025149,672.2222223,1001.65,75.5,1.413657601,24.0,0,-0.82249776,-0.568768349,-0.866025404,-0.5,-0.608761429,-0.79335334,2022-08-27,319.40878,331.2532596635899
7134.0,2022.0,8.0,27.0,15.0,29.8,0.0,2.771638598,-1.148050297,641.6666667,1001.6,76.0,1.327516463,23.0,0,-0.822701684,-0.568473341,-0.866025404,-0.5,-0.707106781,-0.707106781,2022-08-27,319.40878,361.7861383125899
7135.0,2022.0,8.0,27.0,15.5,29.5,0.0,3.035819299,-0.574025149,534.7222223,1001.7,78.0,1.037412501,40.0,0,-0.822905502,-0.568178259,-0.866025404,-0.5,-0.79335334,-0.608761429,2022-08-27,360.88878,403.2826383525899
7136.0,2022.0,8.0,27.0,16.0,29.2,0.0,3.3,0.0,427.7777778,1001.8,80.0,0.859834081,49.37,0,-0.823109215,-0.567883105,-0.866025404,-0.5,-0.866025404,-0.5,2022-08-27,403.44572,445.7326469315599
7137.0,2022.0,8.0,27.0,16.5,29.1,0.0,2.9,0.0,356.9444445,1001.75,81.0,0.723814166,49.37,0,-0.823312821,-0.567587877,-0.866025404,-0.5,-0.923879533,-0.382683432,2022-08-27,439.38707999999997,481.4673523069799
7138.0,2022.0,8.0,27.0,17.0,29.0,0.0,2.5,0.0,286.1111111,1001.7,82.0,0.562746526,49.37,0,-0.823516322,-0.567292576,-0.866025404,-0.5,-0.965925826,-0.258819045,2022-08-27,466.88617,509.2501482955999
7139.0,2022.0,8.0,27.0,17.5,28.5,0.0,2.25,0.0,170.8333333,1001.75,84.0,0.360573924,49.37,0,-0.823719717,-0.566997203,-0.866025404,-0.5,-0.991444861,-0.130526192,2022-08-27,484.70874,527.0516829234799
7140.0,2022.0,8.0,27.0,18.0,28.0,0.0,2.0,0.0,55.55555556,1001.8,86.0,0.117002106,50.12,0,-0.823923006,-0.566701756,-0.866025404,-0.5,-1.0,-1.83772e-16,2022-08-27,490.57277999999997,532.9158284761999
7141.0,2022.0,8.0,27.0,18.5,28.0,0.0,1.0,-0.95,29.16666667,1001.95,81.5,0.057050309,56.51,0,-0.824126189,-0.566406237,-0.866025404,-0.5,-0.991444861,0.130526192,2022-08-27,606.81385,536.1397414377899
7142.0,2022.0,8.0,27.0,19.0,28.0,0.0,-3.49e-16,-1.9,2.777777778,1002.1,77.0,0.0,56.51,0,-0.824329265,-0.566110645,-0.866025404,-0.5,-0.965925826,0.258819045,2022-08-27,719.83385,536.1397414377899
7143.0,2022.0,8.0,27.0,19.5,27.85,0.0,0.420951775,-1.966267486,1.388888889,1002.5,78.5,0.0,49.37,0,-0.824532236,-0.56581498,-0.866025404,-0.5,-0.923879533,0.382683432,2022-08-27,719.83385,536.1397414377899
7144.0,2022.0,8.0,27.0,20.0,27.7,0.0,0.841903551,-2.032534972,0.0,1002.9,80.0,0.0,49.37,0,-0.824735101,-0.565519242,-0.866025404,-0.5,-0.866025404,0.5,2022-08-27,719.83385,536.1397414377899
7145.0,2022.0,8.0,27.0,20.5,27.15,0.0,1.198769235,-1.794084946,0.0,1003.15,83.0,0.0,35.0,0,-0.82493786,-0.565223431,-0.866025404,-0.5,-0.79335334,0.608761429,2022-08-27,719.83385,536.1397414377899
7146.0,2022.0,8.0,27.0,21.0,26.6,0.0,1.555634919,-1.555634919,0.0,1003.4,86.0,0.0,28.0,0,-0.825140512,-0.564927548,-0.866025404,-0.5,-0.707106781,0.707106781,2022-08-27,719.83385,536.1397414377899
7147.0,2022.0,8.0,27.0,21.5,26.5,0.0,1.697056275,-1.697056275,0.0,1003.3,87.5,0.0,25.0,0,-0.825343059,-0.564631592,-0.866025404,-0.5,-0.608761429,0.79335334,2022-08-27,719.83385,536.1397414377899
7148.0,2022.0,8.0,27.0,22.0,26.4,0.0,1.838477631,-1.838477631,0.0,1003.2,89.0,0.0,23.04,0,-0.825545499,-0.564335564,-0.866025404,-0.5,-0.5,0.866025404,2022-08-27,719.83385,536.1397414377899
7149.0,2022.0,8.0,27.0,22.5,26.45,0.0,1.569238815,-0.919238816,0.0,1003.35,89.0,0.0,20.84,0,-0.825747834,-0.564039463,-0.866025404,-0.5,-0.382683432,0.923879533,2022-08-27,719.83385,536.1397414377899
7150.0,2022.0,8.0,27.0,23.0,26.5,0.0,1.3,0.0,0.0,1003.5,89.0,0.0,20.45,0,-0.825950061,-0.563743289,-0.866025404,-0.5,-0.258819045,0.965925826,2022-08-27,719.83385,536.1397414377899
7151.0,2022.0,8.0,27.0,23.5,26.25,0.0,1.321751442,-0.671751442,0.0,1003.4,90.0,0.0,20.0,0,-0.826152183,-0.563447043,-0.866025404,-0.5,-0.130526192,0.991444861,2022-08-27,719.83385,536.1397414377899
7152.0,2022.0,8.0,28.0,0.0,26.0,0.0,1.343502884,-1.343502884,0.0,1003.3,91.0,0.0,18.03,0,-0.826354199,-0.563150724,-0.866025404,-0.5,-2.4503e-16,1.0,2022-08-28,0.0,0.0
7153.0,2022.0,8.0,28.0,0.5,25.65,0.0,0.919238816,-0.919238816,0.0,1003.25,93.0,0.0,17.84,0,-0.826556108,-0.562854333,-0.866025404,-0.5,0.130526192,0.991444861,2022-08-28,0.0,0.0
7154.0,2022.0,8.0,28.0,1.0,25.3,0.0,0.494974747,-0.494974747,0.0,1003.2,95.0,0.0,17.37,0,-0.826757911,-0.56255787,-0.866025404,-0.5,0.258819045,0.965925826,2022-08-28,0.0,0.0
7155.0,2022.0,8.0,28.0,1.5,25.65,0.0,0.848528138,-0.848528138,0.0,1003.1,94.5,0.0,16.94,0,-0.826959607,-0.562261334,-0.866025404,-0.5,0.382683432,0.923879533,2022-08-28,0.0,0.0
7156.0,2022.0,8.0,28.0,2.0,26.0,0.0,1.202081528,-1.202081528,0.0,1003.0,94.0,0.0,15.0,0,-0.827161198,-0.561964726,-0.866025404,-0.5,0.5,0.866025404,2022-08-28,0.0,0.0
7157.0,2022.0,8.0,28.0,2.5,25.75,0.0,0.601040764,-0.951040764,0.0,1003.25,96.0,0.0,16.72,0,-0.827362681,-0.561668046,-0.866025404,-0.5,0.608761429,0.79335334,2022-08-28,0.0,0.0
7158.0,2022.0,8.0,28.0,3.0,25.5,0.0,-1.29e-16,-0.7,0.0,1003.5,98.0,0.0,17.25,0,-0.827564059,-0.561371293,-0.866025404,-0.5,0.707106781,0.707106781,2022-08-28,0.0,0.0
7159.0,2022.0,8.0,28.0,3.5,25.1,0.0,-0.494974747,0.144974747,0.0,1003.85,94.0,0.0,17.77,0,-0.82776533,-0.561074468,-0.866025404,-0.5,0.79335334,0.608761429,2022-08-28,0.0,0.0
7160.0,2022.0,8.0,28.0,4.0,24.7,0.0,-0.989949494,0.989949494,0.0,1004.2,90.0,0.0,17.77,0,-0.827966494,-0.560777571,-0.866025404,-0.5,0.866025404,0.5,2022-08-28,0.0,0.0
7161.0,2022.0,8.0,28.0,4.5,24.5,0.0,-1.28027235,0.820255665,0.0,1004.7,89.5,0.0,17.3,0,-0.828167552,-0.560480602,-0.866025404,-0.5,0.923879533,0.382683432,2022-08-28,0.0,0.0
7162.0,2022.0,8.0,28.0,5.0,24.3,0.0,-1.570595205,0.650561835,0.0,1005.2,89.0,0.0,17.41,0,-0.828368504,-0.560183561,-0.866025404,-0.5,0.965925826,0.258819045,2022-08-28,0.0,0.0
7163.0,2022.0,8.0,28.0,5.5,24.0,1.5,-0.325678195,0.784900326,1.388888889,1005.55,94.0,0.000485544,17.47,0,-0.828569349,-0.559886448,-0.866025404,-0.5,0.991444861,0.130526192,2022-08-28,0.0,0.00848245368
7164.0,2022.0,8.0,28.0,6.0,23.7,3.0,0.919238816,0.919238816,2.777777778,1005.9,99.0,0.002025672,15.43,0,-0.828770087,-0.559589262,-0.866025404,-0.5,1.0,6.12574e-17,2022-08-28,0.0,0.039738572640000004
7165.0,2022.0,8.0,28.0,6.5,23.1,4.75,1.484924241,1.484924241,6.944444444,1006.3,98.5,0.009414542,17.0,0,-0.828970719,-0.559292005,-0.866025404,-0.5,0.991444861,-0.130526192,2022-08-28,0.0,0.19978578664
7166.0,2022.0,8.0,28.0,7.0,22.5,6.5,2.050609665,2.050609665,11.11111111,1006.7,98.0,0.021721734,15.99,0,-0.829171244,-0.558994676,-0.866025404,-0.5,0.965925826,-0.258819045,2022-08-28,0.0,0.5471163133
7167.0,2022.0,8.0,28.0,7.5,22.25,4.0,2.121320344,2.121320344,26.38888889,1006.8,97.5,0.053609016,16.0,0,-0.829371663,-0.558697275,-0.866025404,-0.5,0.923879533,-0.382683432,2022-08-28,0.0,1.4048605693
7168.0,2022.0,8.0,28.0,8.0,22.0,1.5,2.192031022,2.192031022,41.66666667,1006.9,97.0,0.085137617,5.0,0,-0.829571975,-0.558399802,-0.866025404,-0.5,0.866025404,-0.5,2022-08-28,0.0,1.8305486543
7169.0,2022.0,8.0,28.0,8.5,21.9,7.25,2.050609666,2.050609666,38.88888889,1007.75,98.0,0.080524778,4.65,0,-0.82977218,-0.558102257,-0.866025404,-0.5,0.79335334,-0.608761429,2022-08-28,0.0,2.204988872
7170.0,2022.0,8.0,28.0,9.0,21.8,13.0,1.909188309,1.909188309,36.11111111,1008.6,99.0,0.077595789,11.47,0,-0.829972278,-0.557804641,-0.866025404,-0.5,0.707106781,-0.707106781,2022-08-28,0.0,3.09501257183
7171.0,2022.0,8.0,28.0,9.5,21.9,8.25,0.954594155,1.654594154,55.55555556,1008.95,99.0,0.100338128,11.49,0,-0.83017227,-0.557506953,-0.866025404,-0.5,0.608761429,-0.79335334,2022-08-28,0.0,4.24789766255
7172.0,2022.0,8.0,28.0,10.0,22.0,3.5,8.58e-17,1.4,75.0,1009.3,99.0,0.157205352,11.49,0,-0.830372155,-0.557209193,-0.866025404,-0.5,0.5,-0.866025404,2022-08-28,0.0,6.054187157029999
7173.0,2022.0,8.0,28.0,10.5,22.05,2.5,1.096015511,1.796015511,125.0,1009.05,97.0,0.239946408,13.15,0,-0.830571933,-0.556911361,-0.866025404,-0.5,0.382683432,-0.923879533,2022-08-28,0.0,9.20948242223
7174.0,2022.0,8.0,28.0,11.0,22.1,1.5,2.192031022,2.192031022,175.0,1008.8,95.0,0.363374628,12.78,0,-0.830771604,-0.556613458,-0.866025404,-0.5,0.258819045,-0.965925826,2022-08-28,0.0,13.853410168069999
7175.0,2022.0,8.0,28.0,11.5,21.75,0.75,2.015254327,2.015254327,138.8888889,1009.2,95.0,0.294292962,11.49,0,-0.830971169,-0.556315483,-0.866025404,-0.5,0.130526192,-0.991444861,2022-08-28,0.0,17.23483630145
7176.0,2022.0,8.0,28.0,12.0,21.4,0.0,1.838477631,1.838477631,102.7777778,1009.6,95.0,0.228345604,12.78,0,-0.831170626,-0.556017437,-0.866025404,-0.5,1.22515e-16,-1.0,2022-08-28,0.0,20.15309312057
7177.0,2022.0,8.0,28.0,12.5,21.4,0.0,1.889312325,1.32105642,112.5,1009.65,95.0,0.237231617,15.28,0,-0.831369977,-0.555719319,-0.866025404,-0.5,-0.130526192,-0.991444861,2022-08-28,0.0,23.77799222833
7178.0,2022.0,8.0,28.0,13.0,21.4,0.0,1.940147018,0.803635208,122.2222222,1009.7,95.0,0.234257293,15.43,0,-0.831569221,-0.555421129,-0.866025404,-0.5,-0.258819045,-0.965925826,2022-08-28,0.0,27.39258225932
7179.0,2022.0,8.0,28.0,13.5,21.3,0.0,2.124922925,0.880171895,125.0,1009.6,94.0,0.251860543,17.1,0,-0.831768358,-0.555122869,-0.866025404,-0.5,-0.382683432,-0.923879533,2022-08-28,0.0,31.699397544620002
7180.0,2022.0,8.0,28.0,14.0,21.2,0.0,2.309698831,0.956708581,127.7777778,1009.5,93.0,0.237836217,17.77,0,-0.831967387,-0.554824536,-0.866025404,-0.5,-0.5,-0.866025404,2022-08-28,0.0,35.92574712071
7181.0,2022.0,8.0,28.0,14.5,21.3,0.0,1.932666875,1.25617175,120.8333334,1009.8,93.5,0.236493383,15.0,0,-0.83216631,-0.554526133,-0.866025404,-0.5,-0.608761429,-0.79335334,2022-08-28,0.0,39.47314786571
7182.0,2022.0,8.0,28.0,15.0,21.4,0.0,1.555634919,1.555634919,113.8888889,1010.1,94.0,0.234410113,11.47,0,-0.832365126,-0.554227658,-0.866025404,-0.5,-0.707106781,-0.707106781,2022-08-28,0.0,42.16183186182
7183.0,2022.0,8.0,28.0,15.5,21.5,0.0,1.484924241,1.484924241,90.27777779,1010.15,93.0,0.197261469,6.0,0,-0.832563835,-0.553929112,-0.866025404,-0.5,-0.79335334,-0.608761429,2022-08-28,0.0,43.345400675819995
7184.0,2022.0,8.0,28.0,16.0,21.6,0.0,1.414213562,1.414213562,66.66666667,1010.2,92.0,0.141962912,11.47,0,-0.832762436,-0.553630494,-0.866025404,-0.5,-0.866025404,-0.5,2022-08-28,0.0,44.97371527646
7185.0,2022.0,8.0,28.0,16.5,21.85,0.0,1.81576222,1.1663269,122.2222222,1010.35,90.0,0.230294641,16.6,0,-0.832960931,-0.553331806,-0.866025404,-0.5,-0.923879533,-0.382683432,2022-08-28,0.0,48.79660631706
7186.0,2022.0,8.0,28.0,17.0,22.1,0.0,2.217310878,0.918440238,177.7777778,1010.5,88.0,0.353324138,19.91,0,-0.833159318,-0.553033046,-0.866025404,-0.5,-0.965925826,-0.258819045,2022-08-28,1.31406,55.831289904639995
7187.0,2022.0,8.0,28.0,17.5,21.8,0.0,1.780406881,1.130971561,123.6111111,1010.8,89.0,0.252712835,20.16,0,-0.833357599,-0.552734215,-0.866025404,-0.5,-0.991444861,-0.130526192,2022-08-28,6.414540000000001,60.92598065823999
7188.0,2022.0,8.0,28.0,18.0,21.5,0.0,1.343502884,1.343502884,69.44444444,1011.1,90.0,0.124667878,23.68,0,-0.833555772,-0.552435313,-0.866025404,-0.5,-1.0,-1.83772e-16,2022-08-28,9.37454,63.87811600927999
7189.0,2022.0,8.0,28.0,18.5,21.35,0.0,1.826600858,1.150105733,36.11111111,1011.55,90.0,0.068292956,31.36,0,-0.833753838,-0.55213634,-0.866025404,-0.5,-0.991444861,0.130526192,2022-08-28,11.50702,66.01978310944
7190.0,2022.0,8.0,28.0,19.0,21.2,0.0,2.309698831,0.956708581,2.777777778,1012.0,90.0,0.002474021,31.7,0,-0.833951796,-0.551837296,-0.866025404,-0.5,-0.965925826,0.258819045,2022-08-28,74.97042,66.09820957514
7191.0,2022.0,8.0,28.0,19.5,21.05,0.0,2.003377553,1.326882428,1.388888889,1012.55,91.0,0.001001766,32.64,0,-0.834149648,-0.551538181,-0.866025404,-0.5,-0.923879533,0.382683432,2022-08-28,140.28306,66.13090721738
7192.0,2022.0,8.0,28.0,20.0,20.9,0.0,1.697056275,1.697056275,0.0,1013.1,92.0,0.0,26.16,0,-0.834347392,-0.551238995,-0.866025404,-0.5,-0.866025404,0.5,2022-08-28,140.28306,66.13090721738
7193.0,2022.0,8.0,28.0,20.5,21.0,0.0,1.732411614,1.732411614,0.0,1013.5,90.5,0.0,23.5,0,-0.834545029,-0.550939738,-0.866025404,-0.5,-0.79335334,0.608761429,2022-08-28,140.28306,66.13090721738
7194.0,2022.0,8.0,28.0,21.0,21.1,0.0,1.767766953,1.767766953,0.0,1013.9,89.0,0.0,20.84,0,-0.834742558,-0.55064041,-0.866025404,-0.5,-0.707106781,0.707106781,2022-08-28,140.28306,66.13090721738
7195.0,2022.0,8.0,28.0,21.5,20.95,0.0,1.53059915,1.151761879,0.0,1014.15,90.0,0.0,20.45,0,-0.83493998,-0.550341012,-0.866025404,-0.5,-0.608761429,0.79335334,2022-08-28,140.28306,66.13090721738
7196.0,2022.0,8.0,28.0,22.0,20.8,0.0,1.293431346,0.535756805,0.0,1014.4,91.0,0.0,20.12,0,-0.835137295,-0.550041543,-0.866025404,-0.5,-0.5,0.866025404,2022-08-28,140.28306,66.13090721738
7197.0,2022.0,8.0,28.0,22.5,20.55,0.0,1.283111776,0.904274506,0.0,1014.5,92.5,0.0,20.84,0,-0.835334502,-0.549742003,-0.866025404,-0.5,-0.382683432,0.923879533,2022-08-28,140.28306,66.13090721738
7198.0,2022.0,8.0,28.0,23.0,20.3,0.0,1.272792206,1.272792206,0.0,1014.6,94.0,0.0,20.12,0,-0.835531602,-0.549442392,-0.866025404,-0.5,-0.258819045,0.965925826,2022-08-28,140.28306,66.13090721738
7199.0,2022.0,8.0,28.0,23.5,20.2,0.0,1.514081659,0.999945364,0.0,1014.4,95.0,0.0,19.62,0,-0.835728595,-0.54914271,-0.866025404,-0.5,-0.130526192,0.991444861,2022-08-28,140.28306,66.13090721738
7200.0,2022.0,8.0,29.0,0.0,20.1,0.0,1.755371112,0.727098521,0.0,1014.2,96.0,0.0,15.0,0,-0.835925479,-0.548842958,-0.866025404,-0.5,-2.4503e-16,1.0,2022-08-29,0.0,0.0
7201.0,2022.0,8.0,29.0,0.5,19.85,0.0,1.584792337,1.070656042,0.0,1014.3,97.0,0.0,19.57,0,-0.836122257,-0.548543136,-0.866025404,-0.5,0.130526192,0.991444861,2022-08-29,0.0,0.0
7202.0,2022.0,8.0,29.0,1.0,19.6,0.0,1.414213562,1.414213562,0.0,1014.4,98.0,0.0,16.94,0,-0.836318927,-0.548243242,-0.866025404,-0.5,0.258819045,0.965925826,2022-08-29,0.0,0.0
7203.0,2022.0,8.0,29.0,1.5,19.55,0.0,1.13137085,1.13137085,0.0,1014.65,98.0,0.0,16.94,0,-0.836515489,-0.547943279,-0.866025404,-0.5,0.382683432,0.923879533,2022-08-29,0.0,0.0
7204.0,2022.0,8.0,29.0,2.0,19.5,0.0,0.848528137,0.848528137,0.0,1014.9,98.0,0.0,17.18,0,-0.836711944,-0.547643245,-0.866025404,-0.5,0.5,0.866025404,2022-08-29,0.0,0.0
7205.0,2022.0,8.0,29.0,2.5,19.7,0.0,1.060660172,1.060660172,0.0,1015.1,97.5,0.0,17.77,0,-0.836908291,-0.54734314,-0.866025404,-0.5,0.608761429,0.79335334,2022-08-29,0.0,0.0
7206.0,2022.0,8.0,29.0,3.0,19.9,0.0,1.272792206,1.272792206,0.0,1015.3,97.0,0.0,18.01,0,-0.83710453,-0.547042965,-0.866025404,-0.5,0.707106781,0.707106781,2022-08-29,0.0,0.0
7207.0,2022.0,8.0,29.0,3.5,19.85,0.0,1.237436867,1.237436867,0.0,1015.5,97.0,0.0,18.98,0,-0.837300662,-0.546742719,-0.866025404,-0.5,0.79335334,0.608761429,2022-08-29,0.0,0.0
7208.0,2022.0,8.0,29.0,4.0,19.8,0.0,1.202081528,1.202081528,0.0,1015.7,97.0,0.0,19.0,0,-0.837496686,-0.546442404,-0.866025404,-0.5,0.866025404,0.5,2022-08-29,0.0,0.0
7209.0,2022.0,8.0,29.0,4.5,19.65,0.0,1.060660172,1.060660172,0.0,1015.95,97.0,0.0,19.0,0,-0.837692603,-0.546142018,-0.866025404,-0.5,0.923879533,0.382683432,2022-08-29,0.0,0.0
7210.0,2022.0,8.0,29.0,5.0,19.5,0.0,0.919238816,0.919238816,0.0,1016.2,97.0,0.0,19.14,0,-0.837888411,-0.545841562,-0.866025404,-0.5,0.965925826,0.258819045,2022-08-29,0.0,0.0
7211.0,2022.0,8.0,29.0,5.5,19.55,0.0,0.784900326,1.244917011,18.05555556,1016.5,96.5,0.039244561,19.0,0,-0.838084112,-0.545541035,-0.866025404,-0.5,0.991444861,0.130526192,2022-08-29,0.0,0.7456466589999999
7212.0,2022.0,8.0,29.0,6.0,19.6,0.0,0.650561835,1.570595205,36.11111111,1016.8,96.0,0.07274701,19.0,0,-0.838279705,-0.545240439,-0.866025404,-0.5,1.0,6.12574e-17,2022-08-29,0.0,2.127839849
7213.0,2022.0,8.0,29.0,6.5,20.3,0.0,0.841903551,2.032534972,118.0555556,1016.75,92.0,0.25051233,18.33,0,-0.838475191,-0.544939772,-0.866025404,-0.5,0.991444861,-0.130526192,2022-08-29,0.0,6.719730857899999
7214.0,2022.0,8.0,29.0,7.0,21.0,0.0,1.033245267,2.494474738,200.0,1016.7,88.0,0.436331532,16.28,0,-0.838670568,-0.544639035,-0.866025404,-0.5,0.965925826,-0.258819045,2022-08-29,0.0,13.82320819886
7215.0,2022.0,8.0,29.0,7.5,21.65,0.0,0.918440238,2.217310878,301.3888889,1016.85,81.5,0.606586125,17.84,0,-0.838865838,-0.544338228,-0.866025404,-0.5,0.923879533,-0.382683432,2022-08-29,0.0,24.64470466886
7216.0,2022.0,8.0,29.0,8.0,22.3,0.0,0.803635208,1.940147018,402.7777778,1017.0,75.0,0.770033151,19.32,0,-0.839060999,-0.544037351,-0.866025404,-0.5,0.866025404,-0.5,2022-08-29,0.0,39.52174514618
7217.0,2022.0,8.0,29.0,8.5,23.1,0.0,0.765366865,1.847759065,497.2222222,1016.8,72.0,1.004725985,17.64,0,-0.839256053,-0.543736404,-0.866025404,-0.5,0.79335334,-0.608761429,2022-08-29,0.0,57.24511152158
7218.0,2022.0,8.0,29.0,9.0,23.9,0.0,0.727098521,1.755371112,591.6666667,1016.6,69.0,1.232373379,20.16,0,-0.839450999,-0.543435388,-0.866025404,-0.5,0.707106781,-0.707106781,2022-08-29,8.326080000000001,82.08975884222
7219.0,2022.0,8.0,29.0,9.5,24.45,0.0,1.212077398,1.726213694,665.2777778,1016.7,66.0,1.271068333,22.92,0,-0.839645837,-0.543134301,-0.866025404,-0.5,0.608761429,-0.79335334,2022-08-29,83.29740000000001,111.22264503458
7220.0,2022.0,8.0,29.0,10.0,25.0,0.0,1.697056275,1.697056275,738.8888889,1016.8,63.0,1.571503675,24.6,0,-0.839840567,-0.542833145,-0.866025404,-0.5,0.5,-0.866025404,2022-08-29,171.16860000000003,149.88163543958
7221.0,2022.0,8.0,29.0,10.5,25.65,0.0,2.448528138,0.848528138,791.6666667,1016.75,54.5,1.633039783,22.0,0,-0.840035188,-0.542531918,-0.866025404,-0.5,0.382683432,-0.923879533,2022-08-29,207.0946,185.80851066558
7222.0,2022.0,8.0,29.0,11.0,26.3,0.0,3.2,0.0,844.4444444,1016.7,46.0,1.667142555,21.89,0,-0.840229702,-0.542230622,-0.866025404,-0.5,0.258819045,-0.965925826,2022-08-29,208.53934,222.30226119453
7223.0,2022.0,8.0,29.0,11.5,26.15,0.0,3.2,0.0,855.5555556,1016.6,45.0,1.788282592,21.89,0,-0.840424108,-0.541929256,-0.866025404,-0.5,0.130526192,-0.991444861,2022-08-29,282.72455,261.44776713340997
7224.0,2022.0,8.0,29.0,12.0,26.0,0.0,3.2,0.0,866.6666667,1016.5,44.0,1.842288824,20.48,0,-0.840618406,-0.541627821,-0.866025404,-0.5,1.22515e-16,-1.0,2022-08-29,291.28519,299.17784224892995
7225.0,2022.0,8.0,29.0,12.5,25.8,0.0,3.078207252,0.612293492,729.1666667,1016.35,47.0,1.464813897,19.99,0,-0.840812595,-0.541326315,-0.866025404,-0.5,-0.130526192,-0.991444861,2022-08-29,291.28519,328.45947204995997
7226.0,2022.0,8.0,29.0,13.0,25.6,0.0,2.956414504,1.224586984,591.6666667,1016.2,50.0,1.111121982,19.99,0,-0.841006677,-0.541024741,-0.866025404,-0.5,-0.258819045,-0.965925826,2022-08-29,291.28519,350.67080047013997
7227.0,2022.0,8.0,29.0,13.5,25.5,0.0,2.928207252,0.612293492,594.4444445,1015.85,50.5,1.199163136,23.61,0,-0.84120065,-0.540723096,-0.866025404,-0.5,-0.382683432,-0.923879533,2022-08-29,319.59358,378.98304211109996
7228.0,2022.0,8.0,29.0,14.0,25.4,0.0,2.9,0.0,597.2222222,1015.5,51.0,1.18095551,25.44,0,-0.841394515,-0.540421382,-0.866025404,-0.5,-0.5,-0.866025404,2022-08-29,349.63822,409.0265502855
7229.0,2022.0,8.0,29.0,14.5,25.15,0.0,2.45,0.0,484.7222222,1015.4,53.0,1.029629072,33.87,0,-0.841588272,-0.540119599,-0.866025404,-0.5,-0.608761429,-0.79335334,2022-08-29,384.93075999999996,443.90008695413997
7230.0,2022.0,8.0,29.0,15.0,24.9,0.0,2.0,0.0,372.2222222,1015.3,55.0,0.767189501,33.87,0,-0.84178192,-0.539817746,-0.866025404,-0.5,-0.707106781,-0.707106781,2022-08-29,429.43593999999996,469.88479535300996
7231.0,2022.0,8.0,29.0,15.5,24.45,0.0,1.83149158,0.344415089,269.4444445,1015.5,60.5,0.558632835,32.0,0,-0.841975461,-0.539515823,-0.866025404,-0.5,-0.79335334,-0.608761429,2022-08-29,429.43593999999996,487.76104607301
7232.0,2022.0,8.0,29.0,16.0,24.0,0.0,1.662983159,0.688830178,166.6666667,1015.7,66.0,0.345254788,39.4,0,-0.842168893,-0.539213832,-0.866025404,-0.5,-0.866025404,-0.5,2022-08-29,443.02894,501.36408472021
7233.0,2022.0,8.0,29.0,16.5,23.65,0.0,2.23149158,0.344415089,126.3888889,1015.75,67.0,0.250656784,47.96,0,-0.842362216,-0.538911771,-0.866025404,-0.5,-0.923879533,-0.382683432,2022-08-29,455.0669,513.38558408085
7234.0,2022.0,8.0,29.0,17.0,23.3,0.0,2.8,0.0,86.11111111,1015.8,68.0,0.167751881,50.18,0,-0.842555432,-0.53860964,-0.866025404,-0.5,-0.965925826,-0.258819045,2022-08-29,563.85714,521.80337346943
7235.0,2022.0,8.0,29.0,17.5,22.8,0.0,2.001040764,0.601040764,55.55555556,1015.95,70.0,0.119992413,49.49,0,-0.842748539,-0.53830744,-0.866025404,-0.5,-0.991444861,-0.130526192,2022-08-29,563.85714,527.7417979887999
7236.0,2022.0,8.0,29.0,18.0,22.3,0.0,1.202081528,1.202081528,25.0,1016.1,72.0,0.050373279,50.12,0,-0.842941537,-0.538005172,-0.866025404,-0.5,-1.0,-1.83772e-16,2022-08-29,666.6031399999999,530.2665067322799
7237.0,2022.0,8.0,29.0,18.5,22.3,0.0,1.272792206,1.272792206,12.5,1016.35,74.0,0.023740686,50.0,0,-0.843134428,-0.537702833,-0.866025404,-0.5,-0.991444861,0.130526192,2022-08-29,673.80314,531.45354103228
7238.0,2022.0,8.0,29.0,19.0,22.3,0.0,1.343502884,1.343502884,0.0,1016.6,76.0,0.0,48.45,0,-0.843327209,-0.537400426,-0.866025404,-0.5,-0.965925826,0.258819045,2022-08-29,673.80314,531.45354103228
7239.0,2022.0,8.0,29.0,19.5,20.8,0.0,1.721751442,0.671751442,0.0,1016.8,81.5,0.0,39.4,0,-0.843519883,-0.53709795,-0.866025404,-0.5,-0.923879533,0.382683432,2022-08-29,673.80314,531.45354103228
7240.0,2022.0,8.0,29.0,20.0,19.3,0.0,2.1,0.0,0.0,1017.0,87.0,0.0,41.0,0,-0.843712447,-0.536795404,-0.866025404,-0.5,-0.866025404,0.5,2022-08-29,673.80314,531.45354103228
7241.0,2022.0,8.0,29.0,20.5,19.7,0.0,1.79246212,0.74246212,0.0,1016.95,89.0,0.0,36.83,0,-0.843904904,-0.53649279,-0.866025404,-0.5,-0.79335334,0.608761429,2022-08-29,673.80314,531.45354103228
7242.0,2022.0,8.0,29.0,21.0,20.1,0.0,1.48492424,1.48492424,0.0,1016.9,91.0,0.0,25.0,0,-0.844097251,-0.536190106,-0.866025404,-0.5,-0.707106781,0.707106781,2022-08-29,673.80314,531.45354103228
7243.0,2022.0,8.0,29.0,21.5,19.8,0.0,1.220816411,1.897311536,0.0,1016.55,84.5,0.0,22.87,0,-0.844289491,-0.535887354,-0.866025404,-0.5,-0.608761429,0.79335334,2022-08-29,673.80314,531.45354103228
7244.0,2022.0,8.0,29.0,22.0,19.5,0.0,0.956708581,2.309698831,0.0,1016.2,78.0,0.0,20.42,0,-0.844481621,-0.535584532,-0.866025404,-0.5,-0.5,0.866025404,2022-08-29,673.80314,531.45354103228
7245.0,2022.0,8.0,29.0,22.5,19.65,0.0,1.150105733,1.826600858,0.0,1016.15,78.0,0.0,20.45,0,-0.844673643,-0.535281642,-0.866025404,-0.5,-0.382683432,0.923879533,2022-08-29,673.80314,531.45354103228
7246.0,2022.0,8.0,29.0,23.0,19.8,0.0,1.343502884,1.343502884,0.0,1016.1,78.0,0.0,20.0,0,-0.844865557,-0.534978683,-0.866025404,-0.5,-0.258819045,0.965925826,2022-08-29,673.80314,531.45354103228
7247.0,2022.0,8.0,29.0,23.5,19.6,0.0,0.163617699,0.88222733,0.0,1015.8,81.0,0.0,19.63,0,-0.845057361,-0.534675655,-0.866025404,-0.5,-0.130526192,0.991444861,2022-08-29,673.80314,531.45354103228
7248.0,2022.0,8.0,30.0,0.0,19.4,0.0,-1.016267486,0.420951776,0.0,1015.5,84.0,0.0,16.92,0,-0.845249057,-0.534372558,-0.866025404,-0.5,-2.4503e-16,1.0,2022-08-30,0.0,0.0
7249.0,2022.0,8.0,30.0,0.5,19.65,0.0,-1.201043393,0.497488463,0.0,1015.25,86.5,0.0,18.16,0,-0.845440645,-0.534069393,-0.866025404,-0.5,0.130526192,0.991444861,2022-08-30,0.0,0.0
7250.0,2022.0,8.0,30.0,1.0,19.9,0.0,-1.385819299,0.574025149,0.0,1015.0,89.0,0.0,17.5,0,-0.845632123,-0.533766159,-0.866025404,-0.5,0.258819045,0.965925826,2022-08-30,0.0,0.0
7251.0,2022.0,8.0,30.0,1.5,19.8,0.0,-0.979922224,0.979922224,0.0,1014.7,88.0,0.0,18.0,0,-0.845823493,-0.533462856,-0.866025404,-0.5,0.382683432,0.923879533,2022-08-30,0.0,0.0
7252.0,2022.0,8.0,30.0,2.0,19.7,0.0,-0.574025149,1.385819299,0.0,1014.4,87.0,0.0,17.58,0,-0.846014754,-0.533159485,-0.866025404,-0.5,0.5,0.866025404,2022-08-30,0.0,0.0
7253.0,2022.0,8.0,30.0,2.5,19.85,0.0,-1.029474695,1.43537177,0.0,1014.25,86.5,0.0,17.77,0,-0.846205906,-0.532856045,-0.866025404,-0.5,0.608761429,0.79335334,2022-08-30,0.0,0.0
7254.0,2022.0,8.0,30.0,3.0,20.0,0.0,-1.48492424,1.48492424,0.0,1014.1,86.0,0.0,19.0,0,-0.84639695,-0.532552536,-0.866025404,-0.5,0.707106781,0.707106781,2022-08-30,0.0,0.0
7255.0,2022.0,8.0,30.0,3.5,19.8,0.0,-1.343502884,1.343502884,0.0,1014.05,87.5,0.0,19.49,0,-0.846587884,-0.532248959,-0.866025404,-0.5,0.79335334,0.608761429,2022-08-30,0.0,0.0
7256.0,2022.0,8.0,30.0,4.0,19.6,0.0,-1.202081528,1.202081528,0.0,1014.0,89.0,0.0,19.63,0,-0.84677871,-0.531945314,-0.866025404,-0.5,0.866025404,0.5,2022-08-30,0.0,0.0
7257.0,2022.0,8.0,30.0,4.5,19.4,0.0,-1.293950414,0.888053339,0.0,1014.05,92.0,0.0,19.91,0,-0.846969426,-0.5316416,-0.866025404,-0.5,0.923879533,0.382683432,2022-08-30,0.0,0.0
7258.0,2022.0,8.0,30.0,5.0,19.2,0.0,-1.385819299,0.574025149,0.0,1014.1,95.0,0.0,19.99,0,-0.847160034,-0.531337818,-0.866025404,-0.5,0.965925826,0.258819045,2022-08-30,0.0,0.0
7259.0,2022.0,8.0,30.0,5.5,19.3,0.0,-0.975752362,0.569855287,4.166666667,1014.25,93.5,0.005929342,19.99,0,-0.847350533,-0.531033967,-0.866025404,-0.5,0.991444861,0.130526192,2022-08-30,0.0,0.11852754657999999
7260.0,2022.0,8.0,30.0,6.0,19.4,0.0,-0.565685425,0.565685425,8.333333333,1014.4,92.0,0.017131479,19.99,0,-0.847540923,-0.530730048,-0.866025404,-0.5,1.0,6.12574e-17,2022-08-30,0.0,0.46098581179
7261.0,2022.0,8.0,30.0,6.5,19.85,0.0,-0.671751442,0.671751442,52.77777778,1014.2,90.5,0.105024577,19.99,0,-0.847731204,-0.530426061,-0.866025404,-0.5,0.991444861,-0.130526192,2022-08-30,0.0,2.5604271060199997
7262.0,2022.0,8.0,30.0,7.0,20.3,0.0,-0.777817459,0.777817459,97.22222222,1014.0,89.0,0.194274177,19.53,0,-0.847921376,-0.530122006,-0.866025404,-0.5,0.965925826,-0.258819045,2022-08-30,0.0,6.35460178283
7263.0,2022.0,8.0,30.0,7.5,20.9,0.0,-0.601040764,0.601040764,138.8888889,1014.05,85.5,0.283780911,19.62,0,-0.848111438,-0.529817882,-0.866025404,-0.5,0.923879533,-0.382683432,2022-08-30,0.0,11.92238325665
7264.0,2022.0,8.0,30.0,8.0,21.5,0.0,-0.424264069,0.424264069,180.5555556,1014.1,82.0,0.389472906,19.99,0,-0.848301392,-0.52951369,-0.866025404,-0.5,0.866025404,-0.5,2022-08-30,0.0,19.70794664759
7265.0,2022.0,8.0,30.0,8.5,21.95,0.0,-0.212132034,0.862132035,190.2777778,1013.95,81.5,0.356354783,19.0,0,-0.848491237,-0.529209431,-0.866025404,-0.5,0.79335334,-0.608761429,2022-08-30,0.0,26.47868752459
7266.0,2022.0,8.0,30.0,9.0,22.4,0.0,7.96e-17,1.3,200.0,1013.8,81.0,0.419104351,25.0,0,-0.848680972,-0.528905103,-0.866025404,-0.5,0.707106781,-0.707106781,2022-08-30,0.0,36.95629629959
7267.0,2022.0,8.0,30.0,9.5,22.95,0.0,0.38890873,1.03890873,323.6111111,1013.7,79.5,0.649284171,30.0,0,-0.848870598,-0.528600707,-0.866025404,-0.5,0.608761429,-0.79335334,2022-08-30,0.0,56.43482142959
7268.0,2022.0,8.0,30.0,10.0,23.5,0.0,0.777817459,0.777817459,447.2222222,1013.6,78.0,0.885987068,32.0,0,-0.849060115,-0.528296243,-0.866025404,-0.5,0.5,-0.866025404,2022-08-30,2.848,84.78640760559
7269.0,2022.0,8.0,30.0,10.5,23.8,0.0,0.656787132,1.035624402,411.1111111,1013.3,78.0,0.783424516,31.0,0,-0.849249523,-0.527991711,-0.866025404,-0.5,0.382683432,-0.923879533,2022-08-30,2.848,109.07256760159
7270.0,2022.0,8.0,30.0,11.0,24.1,0.0,0.535756805,1.293431346,375.0,1013.0,78.0,0.732223613,32.0,0,-0.849438822,-0.527687112,-0.866025404,-0.5,0.258819045,-0.965925826,2022-08-30,26.24,132.50372321759
7271.0,2022.0,8.0,30.0,11.5,24.0,0.0,1.191757935,0.26403224,379.1666667,1012.7,79.0,0.781325525,33.0,0,-0.849628011,-0.527382444,-0.866025404,-0.5,0.130526192,-0.991444861,2022-08-30,52.013,158.28746554258998
7272.0,2022.0,8.0,30.0,12.0,23.9,0.0,1.847759065,-0.765366865,383.3333333,1012.4,80.0,0.773656002,34.0,0,-0.849817092,-0.527077709,-0.866025404,-0.5,1.22515e-16,-1.0,2022-08-30,130.383,184.59176961058998
7273.0,2022.0,8.0,30.0,12.5,23.7,0.0,1.923879533,-0.382683433,388.8888889,1012.2,83.0,0.779110032,20.84,0,-0.850006062,-0.526772905,-0.866025404,-0.5,-0.130526192,-0.991444861,2022-08-30,130.383,200.82842267746997
7274.0,2022.0,8.0,30.0,13.0,23.5,0.0,2.0,0.0,394.4444444,1012.0,86.0,0.751536231,25.0,0,-0.850194924,-0.526468034,-0.866025404,-0.5,-0.258819045,-0.965925826,2022-08-30,130.383,219.61682845246997
7275.0,2022.0,8.0,30.0,13.5,23.1,0.0,2.016267486,-0.420951776,318.0555556,1011.7,91.0,0.619069237,41.0,0,-0.850383676,-0.526163096,-0.866025404,-0.5,-0.382683432,-0.923879533,2022-08-30,155.762,244.99866716946997
7276.0,2022.0,8.0,30.0,14.0,22.7,0.0,2.032534972,-0.841903551,241.6666667,1011.4,96.0,0.440706459,43.0,0,-0.850572319,-0.52585809,-0.866025404,-0.5,-0.5,-0.866025404,2022-08-30,174.725,263.94904490646996
7277.0,2022.0,8.0,30.0,14.5,23.05,0.0,2.448280762,0.172207545,259.7222223,1011.05,92.5,0.51115385,50.0,0,-0.850760852,-0.525553016,-0.866025404,-0.5,-0.608761429,-0.79335334,2022-08-30,200.275,289.50673740646994
7278.0,2022.0,8.0,30.0,15.0,23.4,0.0,2.864026551,1.18631864,277.7777778,1010.7,89.0,0.587028447,53.49,0,-0.850949276,-0.525247874,-0.866025404,-0.5,-0.707106781,-0.707106781,2022-08-30,231.67363,320.90688903649993
7279.0,2022.0,8.0,30.0,15.5,23.3,0.0,2.263504855,0.937574409,190.2777778,1010.65,89.5,0.407537663,53.73,0,-0.851137591,-0.524942665,-0.866025404,-0.5,-0.79335334,-0.608761429,2022-08-30,253.59547,342.80388766948994
7280.0,2022.0,8.0,30.0,16.0,23.2,0.0,1.662983159,0.688830178,102.7777778,1010.6,90.0,0.200088863,53.73,0,-0.851325796,-0.524637388,-0.866025404,-0.5,-0.866025404,-0.5,2022-08-30,264.44893,353.55466227847995
7281.0,2022.0,8.0,30.0,16.5,22.9,0.0,1.570595206,0.650561835,77.77777779,1010.55,91.5,0.162469516,53.73,0,-0.851513892,-0.524332044,-0.866025404,-0.5,-0.923879533,-0.382683432,2022-08-30,273.42184000000003,362.28414937315995
7282.0,2022.0,8.0,30.0,17.0,22.6,0.0,1.478207252,0.612293492,52.77777778,1010.5,93.0,0.113232834,54.0,0,-0.851701878,-0.524026633,-0.866025404,-0.5,-0.965925826,-0.258819045,2022-08-30,387.52384000000006,368.39872240916
7283.0,2022.0,8.0,30.0,17.5,22.3,0.75,1.524401229,0.631427664,33.33333334,1010.55,95.0,0.062387412,53.73,0,-0.851889754,-0.523721154,-0.866025404,-0.5,-0.991444861,-0.130526192,2022-08-30,390.1028800000001,371.75079805592
7284.0,2022.0,8.0,30.0,18.0,22.0,1.5,1.570595205,0.650561835,13.88888889,1010.6,97.0,0.026343959,53.73,0,-0.852077521,-0.523415607,-0.866025404,-0.5,-1.0,-1.83772e-16,2022-08-30,423.2005600000001,373.16625897298997
7285.0,2022.0,8.0,30.0,18.5,21.85,4.25,1.616789182,0.669696006,6.944444445,1010.85,98.0,0.010761669,53.73,0,-0.852265178,-0.523109994,-0.866025404,-0.5,-0.991444861,0.130526192,2022-08-30,499.92700000000013,373.74448344836
7286.0,2022.0,8.0,30.0,19.0,21.7,7.0,1.662983159,0.688830178,0.0,1011.1,99.0,0.0,50.0,0,-0.852452726,-0.522804313,-0.866025404,-0.5,-0.965925826,0.258819045,2022-08-30,499.92700000000013,373.74448344836
7287.0,2022.0,8.0,30.0,19.5,21.65,3.5,1.114334292,0.627257802,0.0,1011.2,99.0,0.0,47.06,0,-0.852640164,-0.522498565,-0.866025404,-0.5,-0.923879533,0.382683432,2022-08-30,499.92700000000013,373.74448344836
7288.0,2022.0,8.0,30.0,20.0,21.6,0.0,0.565685425,0.565685425,0.0,1011.3,99.0,0.0,36.83,0,-0.852827493,-0.522192749,-0.866025404,-0.5,-0.866025404,0.5,2022-08-30,499.92700000000013,373.74448344836
7289.0,2022.0,8.0,30.0,20.5,21.6,0.0,1.206722245,0.665526145,0.0,1011.2,99.0,0.0,36.83,0,-0.853014712,-0.521886867,-0.866025404,-0.5,-0.79335334,0.608761429,2022-08-30,499.92700000000013,373.74448344836
7290.0,2022.0,8.0,30.0,21.0,21.6,0.0,1.847759065,0.765366865,0.0,1011.1,99.0,0.0,25.44,0,-0.853201821,-0.521580917,-0.866025404,-0.5,-0.707106781,0.707106781,2022-08-30,499.92700000000013,373.74448344836
7291.0,2022.0,8.0,30.0,21.5,21.55,0.5,1.709177135,0.70796435,0.0,1010.85,99.5,0.0,23.68,0,-0.85338882,-0.521274901,-0.866025404,-0.5,-0.608761429,0.79335334,2022-08-30,499.92700000000013,373.74448344836
7292.0,2022.0,8.0,30.0,22.0,21.5,1.0,1.570595205,0.650561835,0.0,1010.6,100.0,0.0,20.48,0,-0.85357571,-0.520968817,-0.866025404,-0.5,-0.5,0.866025404,2022-08-30,499.92700000000013,373.74448344836
7293.0,2022.0,8.0,30.0,22.5,21.55,0.5,1.478207252,0.612293492,0.0,1010.45,100.0,0.0,20.21,0,-0.853762489,-0.520662666,-0.866025404,-0.5,-0.382683432,0.923879533,2022-08-30,499.92700000000013,373.74448344836
7294.0,2022.0,8.0,30.0,23.0,21.6,0.0,1.385819299,0.574025149,0.0,1010.3,100.0,0.0,19.99,0,-0.853949159,-0.520356448,-0.866025404,-0.5,-0.258819045,0.965925826,2022-08-30,499.92700000000013,373.74448344836
7295.0,2022.0,8.0,30.0,23.5,21.6,0.25,0.826848851,0.610370411,0.0,1010.25,100.0,0.0,19.52,0,-0.854135719,-0.520050164,-0.866025404,-0.5,-0.130526192,0.991444861,2022-08-30,499.92700000000013,373.74448344836
7296.0,2022.0,8.0,31.0,0.0,21.6,0.5,0.267878403,0.646715673,0.0,1010.2,100.0,0.0,12.0,0,-0.85432217,-0.519743812,-0.866025404,-0.5,-2.4503e-16,1.0,2022-08-31,0.0,0.0
7297.0,2022.0,8.0,31.0,0.5,21.65,0.25,0.364909085,0.227686978,0.0,1010.0,100.0,0.0,19.99,0,-0.85450851,-0.519437394,-0.866025404,-0.5,0.130526192,0.991444861,2022-08-31,0.0,0.0
7298.0,2022.0,8.0,31.0,1.0,21.7,0.0,0.461939766,-0.191341716,0.0,1009.8,100.0,0.0,19.99,0,-0.854694741,-0.519130909,-0.866025404,-0.5,0.258819045,0.965925826,2022-08-31,0.0,0.0
7299.0,2022.0,8.0,31.0,1.5,21.75,0.0,0.630969883,-0.095670858,0.0,1009.7,100.0,0.0,19.0,0,-0.854880861,-0.518824357,-0.866025404,-0.5,0.382683432,0.923879533,2022-08-31,0.0,0.0
7300.0,2022.0,8.0,31.0,2.0,21.8,0.0,0.8,0.0,0.0,1009.6,100.0,0.0,19.0,0,-0.855066872,-0.518517738,-0.866025404,-0.5,0.5,0.866025404,2022-08-31,0.0,0.0
7301.0,2022.0,8.0,31.0,2.5,21.8,0.0,0.4,0.0,0.0,1009.4,100.0,0.0,19.0,0,-0.855252773,-0.518211053,-0.866025404,-0.5,0.608761429,0.79335334,2022-08-31,0.0,0.0
7302.0,2022.0,8.0,31.0,3.0,21.8,0.0,0.0,0.0,0.0,1009.2,100.0,0.0,19.52,0,-0.855438563,-0.517904301,-0.866025404,-0.5,0.707106781,0.707106781,2022-08-31,0.0,0.0
7303.0,2022.0,8.0,31.0,3.5,21.8,0.0,0.6,0.0,0.0,1008.95,100.0,0.0,19.63,0,-0.855624244,-0.517597482,-0.866025404,-0.5,0.79335334,0.608761429,2022-08-31,0.0,0.0
7304.0,2022.0,8.0,31.0,4.0,21.8,0.0,1.2,0.0,0.0,1008.7,100.0,0.0,19.99,0,-0.855809814,-0.517290597,-0.866025404,-0.5,0.866025404,0.5,2022-08-31,0.0,0.0
7305.0,2022.0,8.0,31.0,4.5,21.8,0.0,0.733939201,0.323357837,0.0,1008.85,100.0,0.0,20.16,0,-0.855995275,-0.516983645,-0.866025404,-0.5,0.923879533,0.382683432,2022-08-31,0.0,0.0
7306.0,2022.0,8.0,31.0,5.0,21.8,0.0,0.267878403,0.646715673,0.0,1009.0,100.0,0.0,20.16,0,-0.856180625,-0.516676627,-0.866025404,-0.5,0.965925826,0.258819045,2022-08-31,0.0,0.0
7307.0,2022.0,8.0,31.0,5.5,22.0,0.0,0.595878968,0.514699553,5.555555555,1009.05,100.0,0.007891697,20.16,0,-0.856365866,-0.516369542,-0.866025404,-0.5,0.991444861,0.130526192,2022-08-31,0.0,0.15909661152
7308.0,2022.0,8.0,31.0,6.0,22.2,0.0,0.923879533,0.382683432,11.11111111,1009.1,100.0,0.022650875,20.16,0,-0.856550996,-0.516062391,-0.866025404,-0.5,1.0,6.12574e-17,2022-08-31,0.0,0.6157382515200001
7309.0,2022.0,8.0,31.0,6.5,22.35,0.0,1.201043393,-0.11480503,30.55555556,1008.95,100.0,0.058463519,20.12,0,-0.856736016,-0.515755174,-0.866025404,-0.5,0.991444861,-0.130526192,2022-08-31,0.0,1.7920242538000002
7310.0,2022.0,8.0,31.0,7.0,22.5,0.0,1.478207252,-0.612293492,50.0,1008.8,100.0,0.09726095,20.16,0,-0.856920926,-0.51544789,-0.866025404,-0.5,0.965925826,-0.258819045,2022-08-31,0.0,3.7528050058
7311.0,2022.0,8.0,31.0,7.5,22.9,0.0,0.951235661,-0.518278781,93.05555555,1008.75,99.5,0.196990964,20.16,0,-0.857105725,-0.51514054,-0.866025404,-0.5,0.923879533,-0.382683432,2022-08-31,0.0,7.72414284004
7312.0,2022.0,8.0,31.0,8.0,23.3,0.0,0.424264069,-0.424264069,136.1111111,1008.7,99.0,0.304326764,20.0,0,-0.857290415,-0.514833123,-0.866025404,-0.5,0.866025404,-0.5,2022-08-31,0.0,13.81067812004
7313.0,2022.0,8.0,31.0,8.5,24.0,0.0,0.636396103,-0.636396103,177.7777777,1008.65,97.5,0.337861952,19.99,0,-0.857474994,-0.514525641,-0.866025404,-0.5,0.79335334,-0.608761429,2022-08-31,0.0,20.56453854052
7314.0,2022.0,8.0,31.0,9.0,24.7,0.0,0.848528137,-0.848528137,219.4444444,1008.6,96.0,0.418111316,25.0,0,-0.857659463,-0.514218092,-0.866025404,-0.5,0.707106781,-0.707106781,2022-08-31,0.0,31.01732144052
7315.0,2022.0,8.0,31.0,9.5,25.95,0.0,-0.176776695,-1.025304832,286.1111111,1008.45,92.5,0.507505761,30.0,0,-0.857843821,-0.513910477,-0.866025404,-0.5,0.608761429,-0.79335334,2022-08-31,0.0,46.24249427052
7316.0,2022.0,8.0,31.0,10.0,27.2,0.0,-1.202081528,-1.202081528,352.7777778,1008.3,89.0,0.756252497,32.0,0,-0.858028069,-0.513602796,-0.866025404,-0.5,0.5,-0.866025404,2022-08-31,0.032,70.44257417451999
7317.0,2022.0,8.0,31.0,10.5,27.85,0.0,-1.732411614,-1.732411614,455.5555556,1007.9,86.0,0.951082221,31.0,0,-0.858212207,-0.513295049,-0.866025404,-0.5,0.382683432,-0.923879533,2022-08-31,0.032,99.92612302551998
7318.0,2022.0,8.0,31.0,11.0,28.5,0.0,-2.2627417,-2.2627417,558.3333333,1007.5,83.0,1.03284931,32.0,0,-0.858396235,-0.512987236,-0.866025404,-0.5,0.258819045,-0.965925826,2022-08-31,22.112000000000002,132.97730094551997
7319.0,2022.0,8.0,31.0,11.5,29.8,0.0,-2.107213603,-3.487263658,626.3888889,1007.2,77.0,1.205457379,33.53,0,-0.858580152,-0.512679357,-0.866025404,-0.5,0.130526192,-0.991444861,2022-08-31,95.40858,173.39628686338997
7320.0,2022.0,8.0,31.0,12.0,31.1,0.0,-1.951685505,-4.711785616,694.4444444,1006.9,71.0,1.47076701,35.0,0,-0.858763958,-0.512371412,-0.866025404,-0.5,1.22515e-16,-1.0,2022-08-31,216.89358,224.87313221338997
7321.0,2022.0,8.0,31.0,12.5,31.45,0.0,-1.989953849,-4.804173569,718.0555556,1006.55,71.0,1.487226464,27.0,0,-0.858947654,-0.512063401,-0.866025404,-0.5,-0.130526192,-0.991444861,2022-08-31,216.89358,265.02824674139
7322.0,2022.0,8.0,31.0,13.0,31.8,0.0,-2.028222192,-4.896561522,741.6666667,1006.2,71.0,1.493697702,30.0,0,-0.85913124,-0.511755325,-0.866025404,-0.5,-0.258819045,-0.965925826,2022-08-31,216.89358,309.83917780138995
7323.0,2022.0,8.0,31.0,13.5,31.45,0.0,-1.014111096,-5.198280761,691.6666667,1006.0,69.5,1.38505903,41.0,0,-0.859314715,-0.511447182,-0.866025404,-0.5,-0.382683432,-0.923879533,2022-08-31,273.67858,366.62659803138996
7324.0,2022.0,8.0,31.0,14.0,31.1,0.0,-1.01e-15,-5.5,641.6666667,1005.8,68.0,1.185096725,45.0,0,-0.85949808,-0.511138974,-0.866025404,-0.5,-0.5,-0.866025404,2022-08-31,327.00358,419.95595065639
7325.0,2022.0,8.0,31.0,14.5,31.05,0.0,-1.04e-15,-5.65,554.1666667,1005.5,68.0,1.105061299,45.0,0,-0.859681334,-0.5108307,-0.866025404,-0.5,-0.608761429,-0.79335334,2022-08-31,376.72858,469.68370911139
7326.0,2022.0,8.0,31.0,15.0,31.0,0.0,-1.07e-15,-5.8,466.6666667,1005.2,68.0,0.959961908,49.41,0,-0.859864478,-0.51052236,-0.866025404,-0.5,-0.707106781,-0.707106781,2022-08-31,424.16218000000003,517.11542698567
7327.0,2022.0,8.0,31.0,15.5,30.9,0.0,-1.14e-15,-6.2,477.7777778,1005.15,67.5,0.979620494,53.53,0,-0.860047511,-0.510213954,-0.866025404,-0.5,-0.79335334,-0.608761429,2022-08-31,476.62158000000005,569.55451202949
7328.0,2022.0,8.0,31.0,16.0,30.8,0.0,-1.21e-15,-6.6,488.8888889,1005.1,67.0,0.878682599,53.53,0,-0.860230433,-0.509905483,-0.866025404,-0.5,-0.866025404,-0.5,2022-08-31,523.8885700000001,616.59039155396
7329.0,2022.0,8.0,31.0,16.5,30.25,0.0,-1.12e-15,-6.1,379.1666667,1005.1,69.0,0.744820946,53.53,0,-0.860413245,-0.509596947,-0.866025404,-0.5,-0.923879533,-0.382683432,2022-08-31,564.2501900000001,656.46065679334
7330.0,2022.0,8.0,31.0,17.0,29.7,0.0,-1.03e-15,-5.6,269.4444444,1005.1,71.0,0.48214119,54.32,0,-0.860595946,-0.509288345,-0.866025404,-0.5,-0.965925826,-0.258819045,2022-08-31,699.0724300000002,682.65056623414
7331.0,2022.0,8.0,31.0,17.5,29.15,0.0,-9.65e-16,-5.25,163.8888889,1005.2,73.5,0.33819345,53.53,0,-0.860778536,-0.508979677,-0.866025404,-0.5,-0.991444861,-0.130526192,2022-08-31,699.2330200000001,700.75406161264
7332.0,2022.0,8.0,31.0,18.0,28.6,0.0,-9e-16,-4.9,58.33333333,1005.3,76.0,0.119376328,53.53,0,-0.860961016,-0.508670944,-0.866025404,-0.5,-1.0,-1.83772e-16,2022-08-31,699.3936100000001,707.14427645048
7333.0,2022.0,8.0,31.0,18.5,28.2,0.0,-0.82276938,-4.436340995,29.16666667,1005.65,78.0,0.061417149,53.53,0,-0.861143385,-0.508362145,-0.866025404,-0.5,-0.991444861,0.130526192,2022-08-31,699.5542,710.43193643645
7334.0,2022.0,8.0,31.0,19.0,27.8,0.0,-1.645538759,-3.97268199,0.0,1006.0,80.0,0.0,53.53,0,-0.861325643,-0.508053281,-0.866025404,-0.5,-0.965925826,0.258819045,2022-08-31,699.71479,710.43193643645
7335.0,2022.0,8.0,31.0,19.5,27.7,0.0,-0.82276938,-4.236340995,0.0,1006.25,81.5,0.0,53.53,0,-0.86150779,-0.507744352,-0.866025404,-0.5,-0.923879533,0.382683432,2022-08-31,699.87538,710.43193643645
7336.0,2022.0,8.0,31.0,20.0,27.6,0.0,-8.27e-16,-4.5,0.0,1006.5,83.0,0.0,53.53,0,-0.861689827,-0.507435358,-0.866025404,-0.5,-0.866025404,0.5,2022-08-31,751.21065,710.43193643645
7337.0,2022.0,8.0,31.0,20.5,27.4,0.0,-0.841903551,-4.282534972,0.0,1006.6,85.0,0.0,50.12,0,-0.861871753,-0.507126298,-0.866025404,-0.5,-0.79335334,0.608761429,2022-08-31,751.21065,710.43193643645
7338.0,2022.0,8.0,31.0,21.0,27.2,0.0,-1.683807102,-4.065069943,0.0,1006.7,87.0,0.0,53.53,0,-0.862053568,-0.506817173,-0.866025404,-0.5,-0.707106781,0.707106781,2022-08-31,833.16508,710.43193643645
7339.0,2022.0,8.0,31.0,21.5,27.15,0.0,-1.549867901,-3.741712107,0.0,1006.8,88.0,0.0,39.01,0,-0.862235272,-0.506507982,-0.866025404,-0.5,-0.608761429,0.79335334,2022-08-31,833.16508,710.43193643645
7340.0,2022.0,8.0,31.0,22.0,27.1,0.0,-1.4159287,-3.41835427,0.0,1006.9,89.0,0.0,36.83,0,-0.862416865,-0.506198727,-0.866025404,-0.5,-0.5,0.866025404,2022-08-31,833.16508,710.43193643645
7341.0,2022.0,8.0,31.0,22.5,27.0,0.0,-0.70796435,-3.659177135,0.0,1006.85,89.0,0.0,27.0,0,-0.862598347,-0.505889406,-0.866025404,-0.5,-0.382683432,0.923879533,2022-08-31,833.16508,710.43193643645
7342.0,2022.0,8.0,31.0,23.0,26.9,0.0,-7.17e-16,-3.9,0.0,1006.8,89.0,0.0,25.0,0,-0.862779718,-0.505580021,-0.866025404,-0.5,-0.258819045,0.965925826,2022-08-31,833.16508,710.43193643645
7343.0,2022.0,8.0,31.0,23.5,27.0,0.0,-6.9e-16,-3.75,0.0,1006.75,89.0,0.0,20.48,0,-0.862960979,-0.50527057,-0.866025404,-0.5,-0.130526192,0.991444861,2022-08-31,833.16508,710.43193643645
