Unnamed: 0,year,month,day,hour,temperature,total precipitation,u-component of wind,v-component of wind,radiation flux,pressure,relative humidity,PVout,price,imbalance,yearSin,yearCos,monthSin,monthCos,hourSin,hourCos,date,CumRev_Optimal,CumRev_Baseline
13200.0,2023.0,1.0,1.0,0.0,-1.6,0.0,-1.385819299,0.574025149,0.0,1017.7,99.0,0.0,25.02,0,-2.4503e-16,1.0,-2.4503e-16,1.0,-2.4503e-16,1.0,2023-01-01,0.0,0.0
13201.0,2023.0,1.0,1.0,0.5,-1.9,0.0,-1.081818379,0.675921304,0.0,1017.6,99.5,0.0,24.9,0,0.000358629,0.999999936,0.5,0.866025404,0.130526192,0.991444861,2023-01-01,0.0,0.0
13202.0,2023.0,1.0,1.0,1.0,-2.2,0.0,-0.777817459,0.777817459,0.0,1017.5,100.0,0.0,23.66,0,0.000717259,0.999999743,0.5,0.866025404,0.258819045,0.965925826,2023-01-01,0.0,0.0
13203.0,2023.0,1.0,1.0,1.5,-2.35,0.0,-1.08890873,0.38890873,0.0,1017.5,99.0,0.0,23.3,0,0.001075888,0.999999421,0.5,0.866025404,0.382683432,0.923879533,2023-01-01,0.0,0.0
13204.0,2023.0,1.0,1.0,2.0,-2.5,0.0,-1.4,1.72e-16,0.0,1017.5,98.0,0.0,23.54,0,0.001434517,0.999998971,0.5,0.866025404,0.5,0.866025404,2023-01-01,0.0,0.0
13205.0,2023.0,1.0,1.0,2.5,-2.8,0.0,-1.124264069,-0.424264068,0.0,1017.4,97.5,0.0,22.05,0,0.001793146,0.999998392,0.5,0.866025404,0.608761429,0.79335334,2023-01-01,0.0,0.0
13206.0,2023.0,1.0,1.0,3.0,-3.1,0.0,-0.848528137,-0.848528137,0.0,1017.3,97.0,0.0,23.0,0,0.002151774,0.999997685,0.5,0.866025404,0.707106781,0.707106781,2023-01-01,0.0,0.0
13207.0,2023.0,1.0,1.0,3.5,-2.5,0.0,-1.272792206,0.424264069,0.0,1017.4,96.5,0.0,22.05,0,0.002510402,0.999996849,0.5,0.866025404,0.79335334,0.608761429,2023-01-01,0.0,0.0
13208.0,2023.0,1.0,1.0,4.0,-1.9,0.0,-1.697056275,1.697056275,0.0,1017.5,96.0,0.0,22.72,0,0.00286903,0.999995884,0.5,0.866025404,0.866025404,0.5,2023-01-01,0.0,0.0
13209.0,2023.0,1.0,1.0,4.5,-2.55,0.0,-1.698528137,0.848528138,0.0,1017.45,97.0,0.0,21.95,0,0.003227658,0.999994791,0.5,0.866025404,0.923879533,0.382683432,2023-01-01,0.0,0.0
13210.0,2023.0,1.0,1.0,5.0,-3.2,0.0,-1.7,2.08e-16,0.0,1017.4,98.0,0.0,21.86,0,0.003586285,0.999993569,0.5,0.866025404,0.965925826,0.258819045,2023-01-01,0.0,0.0
13211.0,2023.0,1.0,1.0,5.5,-3.25,0.0,-1.681491579,-0.344415089,0.0,1017.55,98.0,0.0,21.79,0,0.003944912,0.999992219,0.5,0.866025404,0.991444861,0.130526192,2023-01-01,0.0,0.0
13212.0,2023.0,1.0,1.0,6.0,-3.3,0.0,-1.662983159,-0.688830178,0.0,1017.7,98.0,0.0,21.35,0,0.004303538,0.99999074,0.5,0.866025404,1.0,6.12574e-17,2023-01-01,0.0,0.0
13213.0,2023.0,1.0,1.0,6.5,-3.25,0.0,-1.847759066,0.076536687,0.0,1017.9,98.5,0.0,21.86,0,0.004662164,0.999989132,0.5,0.866025404,0.991444861,-0.130526192,2023-01-01,0.0,0.0
13214.0,2023.0,1.0,1.0,7.0,-3.2,0.0,-2.032534972,0.841903551,0.0,1018.1,99.0,0.0,22.97,0,0.005020789,0.999987396,0.5,0.866025404,0.965925826,-0.258819045,2023-01-01,0.0,0.0
13215.0,2023.0,1.0,1.0,7.5,-1.9,0.0,-2.216267486,0.420951776,37.5,1018.0,95.5,0.076521249,24.2,0,0.005379414,0.999985531,0.5,0.866025404,0.923879533,-0.382683432,2023-01-01,1.8634,1.8518142257999999
13216.0,2023.0,1.0,1.0,8.0,-0.6,0.0,-2.4,2.94e-16,75.0,1017.9,92.0,0.15198325,23.0,0,0.005738037,0.999983537,0.5,0.866025404,0.866025404,-0.5,2023-01-01,5.3594,5.3474289758
13217.0,2023.0,1.0,1.0,8.5,1.2,0.0,-2.4,2.94e-16,155.5555556,1017.95,83.0,0.324657421,21.35,0,0.00609666,0.999981415,0.5,0.866025404,0.79335334,-0.608761429,2023-01-01,12.29815,12.27886491415
13218.0,2023.0,1.0,1.0,9.0,3.0,0.0,-2.4,2.94e-16,236.1111111,1018.0,74.0,0.485293574,17.51,0,0.006455283,0.999979164,0.5,0.866025404,0.707106781,-0.707106781,2023-01-01,20.7905,20.776355394890004
13219.0,2023.0,1.0,1.0,9.5,4.6,0.0,-2.25,2.76e-16,308.3333334,1017.7,67.0,0.594981539,16.96,0,0.006813904,0.999976785,0.5,0.866025404,0.608761429,-0.79335334,2023-01-01,30.881700000000002,30.867242296330005
13220.0,2023.0,1.0,1.0,10.0,6.2,0.0,-2.1,2.57e-16,380.5555556,1017.4,60.0,0.789486669,8.01,0,0.007172524,0.999974277,0.5,0.866025404,0.5,-0.866025404,2023-01-01,37.20159,37.19103051502
13221.0,2023.0,1.0,1.0,10.5,7.35,0.0,-1.696715673,0.267878403,431.9444445,1016.75,54.5,0.806652336,5.0,0,0.007531144,0.999971641,0.5,0.866025404,0.382683432,-0.923879533,2023-01-01,41.23659000000001,41.224292195020006
13222.0,2023.0,1.0,1.0,11.0,8.5,0.0,-1.293431346,0.535756805,483.3333333,1016.1,49.0,0.89275895,0.02,0,0.007889763,0.999968875,0.5,0.866025404,0.258819045,-0.965925826,2023-01-01,41.236610000000006,41.24214737402001
13223.0,2023.0,1.0,1.0,11.5,9.7,0.0,-2.246715673,0.267878403,504.1666667,1015.55,43.0,0.979132998,0.02,0,0.00824838,0.999965982,0.5,0.866025404,0.130526192,-0.991444861,2023-01-01,41.236630000000005,41.26173003398001
13224.0,2023.0,1.0,1.0,12.0,10.9,0.0,-3.2,3.92e-16,525.0,1015.0,37.0,1.065185016,0.02,0,0.008606997,0.999962959,0.5,0.866025404,1.22515e-16,-1.0,2023-01-01,41.236650000000004,41.283033734300005
13225.0,2023.0,1.0,1.0,12.5,11.45,0.0,-2.893431346,-0.535756805,518.0555556,1014.35,32.0,1.059030609,0.02,0,0.008965612,0.999959808,0.5,0.866025404,-0.130526192,-0.991444861,2023-01-01,41.236670000000004,41.30421434648
13226.0,2023.0,1.0,1.0,13.0,12.0,0.0,-2.586862691,-1.071513611,511.1111111,1013.7,27.0,1.012577514,0.02,0,0.009324227,0.999956528,0.5,0.866025404,-0.258819045,-0.965925826,2023-01-01,41.25679,41.32446589676
13227.0,2023.0,1.0,1.0,13.5,12.25,0.0,-2.771638598,-1.148050298,473.6111111,1013.4,27.5,0.885848645,0.02,0,0.00968284,0.99995312,0.5,0.866025404,-0.382683432,-0.923879533,2023-01-01,41.27449,41.34218286966
13228.0,2023.0,1.0,1.0,14.0,12.5,0.0,-2.956414504,-1.224586984,436.1111111,1013.1,28.0,0.925511336,0.03,0,0.010041452,0.999949583,0.5,0.866025404,-0.5,-0.866025404,2023-01-01,41.32414,41.36994820974
13229.0,2023.0,1.0,1.0,14.5,12.45,0.0,-2.574222763,-1.708309003,372.2222222,1013.1,27.0,0.728967622,0.02,0,0.010400062,0.999945918,0.5,0.866025404,-0.608761429,-0.79335334,2023-01-01,41.32414,41.384527562180004
13230.0,2023.0,1.0,1.0,15.0,12.4,0.0,-2.192031022,-2.192031022,308.3333333,1013.1,26.0,0.56960018,2.0,0,0.010758671,0.999942124,0.5,0.866025404,-0.707106781,-0.707106781,2023-01-01,42.46414,42.52372792218
13231.0,2023.0,1.0,1.0,15.5,11.9,0.0,-1.727443175,-2.62041674,227.7777777,1013.05,26.5,0.475632794,10.0,0,0.011117279,0.999938201,0.5,0.866025404,-0.79335334,-0.608761429,2023-01-01,47.22414,47.28005586218
13232.0,2023.0,1.0,1.0,16.0,11.4,0.0,-1.262855327,-3.048802457,147.2222222,1013.0,27.0,0.294871434,12.83,0,0.011475886,0.99993415,0.5,0.866025404,-0.866025404,-0.5,2023-01-01,51.00899,51.0632563604
13233.0,2023.0,1.0,1.0,16.5,10.3,0.0,-1.167184469,-2.817832574,83.33333332,1012.9,32.0,0.16866826,17.25,0,0.011834491,0.99992997,0.5,0.866025404,-0.923879533,-0.382683432,2023-01-01,53.92424,53.972783845399995
13234.0,2023.0,1.0,1.0,17.0,9.2,0.0,-1.071513611,-2.586862691,19.44444444,1012.8,37.0,0.039145469,21.35,0,0.012193094,0.999925661,0.5,0.866025404,-0.965925826,-0.258819045,2023-01-01,54.75689,54.80853960854999
13235.0,2023.0,1.0,1.0,17.5,8.15,0.0,-0.535756806,-2.693431345,9.72222222,1012.95,43.0,0.020489375,23.0,0,0.012551696,0.999921224,0.5,0.866025404,-0.991444861,-0.130526192,2023-01-01,55.21689,55.27979523354999
13236.0,2023.0,1.0,1.0,18.0,7.1,0.0,-5.15e-16,-2.8,0.0,1013.1,49.0,0.0,23.08,0,0.012910296,0.999916659,0.5,0.866025404,-1.0,-1.83772e-16,2023-01-01,101.37689,55.27979523354999
13237.0,2023.0,1.0,1.0,18.5,5.5,0.0,-0.210475888,-1.908133743,0.0,1013.25,57.5,0.0,23.03,0,0.013268895,0.999911964,0.5,0.866025404,-0.991444861,0.130526192,2023-01-01,101.37689,55.27979523354999
13238.0,2023.0,1.0,1.0,19.0,3.9,0.0,-0.420951776,-1.016267486,0.0,1013.4,66.0,0.0,23.06,0,0.013627492,0.999907141,0.5,0.866025404,-0.965925826,0.258819045,2023-01-01,101.37689,55.27979523354999
13239.0,2023.0,1.0,1.0,19.5,3.2,0.0,-0.457963262,-0.755621117,0.0,1013.45,70.5,0.0,23.09,0,0.013986087,0.99990219,0.5,0.866025404,-0.923879533,0.382683432,2023-01-01,147.55689,55.27979523354999
13240.0,2023.0,1.0,1.0,20.0,2.5,0.0,-0.494974747,-0.494974747,0.0,1013.5,75.0,0.0,22.47,0,0.01434468,0.99989711,0.5,0.866025404,-0.866025404,0.5,2023-01-01,147.55689,55.27979523354999
13241.0,2023.0,1.0,1.0,20.5,2.0,0.0,-0.940397023,0.039525201,0.0,1013.6,77.5,0.0,22.48,0,0.014703271,0.999891901,0.5,0.866025404,-0.79335334,0.608761429,2023-01-01,147.55689,55.27979523354999
13242.0,2023.0,1.0,1.0,21.0,1.5,0.0,-1.385819299,0.574025149,0.0,1013.7,80.0,0.0,22.31,0,0.015061861,0.999886564,0.5,0.866025404,-0.707106781,0.707106781,2023-01-01,147.55689,55.27979523354999
13243.0,2023.0,1.0,1.0,21.5,2.1,0.0,-1.190398112,1.488055967,0.0,1013.55,80.5,0.0,23.0,0,0.015420449,0.999881098,0.5,0.866025404,-0.608761429,0.79335334,2023-01-01,147.55689,55.27979523354999
13244.0,2023.0,1.0,1.0,22.0,2.7,0.0,-0.994976924,2.402086785,0.0,1013.4,81.0,0.0,22.86,0,0.015779034,0.999875503,0.5,0.866025404,-0.5,0.866025404,2023-01-01,147.55689,55.27979523354999
13245.0,2023.0,1.0,1.0,22.5,2.1,0.0,-0.108579733,1.589952122,0.0,1013.2,80.5,0.0,22.77,0,0.016137618,0.99986978,0.5,0.866025404,-0.382683432,0.923879533,2023-01-01,147.55689,55.27979523354999
13246.0,2023.0,1.0,1.0,23.0,1.5,0.0,0.777817459,0.777817459,0.0,1013.0,80.0,0.0,21.86,0,0.016496199,0.999863928,0.5,0.866025404,-0.258819045,0.965925826,2023-01-01,147.55689,55.27979523354999
13247.0,2023.0,1.0,1.0,23.5,0.65,0.0,0.599384617,0.897042473,0.0,1012.85,84.0,0.0,21.86,0,0.016854779,0.999857948,0.5,0.866025404,-0.130526192,0.991444861,2023-01-01,147.55689,55.27979523354999
13248.0,2023.0,1.0,2.0,0.0,-0.2,0.0,0.420951776,1.016267486,0.0,1012.7,88.0,0.0,21.35,0,0.017213356,0.999851839,0.5,0.866025404,-2.4503e-16,1.0,2023-01-02,0.0,0.0
13249.0,2023.0,1.0,2.0,0.5,-0.45,0.0,-0.436239785,0.240255341,0.0,1013.05,89.0,0.0,20.56,0,0.017571931,0.999845602,0.5,0.866025404,0.130526192,0.991444861,2023-01-02,0.0,0.0
13250.0,2023.0,1.0,2.0,1.0,-0.7,0.0,-1.293431346,-0.535756805,0.0,1013.4,90.0,0.0,20.0,0,0.017930504,0.999839236,0.5,0.866025404,0.258819045,0.965925826,2023-01-02,0.0,0.0
13251.0,2023.0,1.0,2.0,1.5,-1.05,0.0,-1.14169042,0.227096344,0.0,1013.5,91.0,0.0,18.0,0,0.018289074,0.999832741,0.5,0.866025404,0.382683432,0.923879533,2023-01-02,0.0,0.0
13252.0,2023.0,1.0,2.0,2.0,-1.4,0.0,-0.989949494,0.989949494,0.0,1013.6,92.0,0.0,21.29,0,0.018647643,0.999826118,0.5,0.866025404,0.5,0.866025404,2023-01-02,0.0,0.0
13253.0,2023.0,1.0,2.0,2.5,-1.5,0.0,-0.380169717,0.217810887,0.0,1013.8,92.5,0.0,20.01,0,0.019006208,0.999819366,0.5,0.866025404,0.608761429,0.79335334,2023-01-02,0.0,0.0
13254.0,2023.0,1.0,2.0,3.0,-1.6,0.0,0.229610059,-0.55432772,0.0,1014.0,93.0,0.0,21.29,0,0.019364772,0.999812485,0.5,0.866025404,0.707106781,0.707106781,2023-01-02,0.0,0.0
13255.0,2023.0,1.0,2.0,3.5,-1.85,0.0,0.114805029,-0.97716386,0.0,1014.2,93.5,0.0,21.3,0,0.019723332,0.999805476,0.5,0.866025404,0.79335334,0.608761429,2023-01-02,0.0,0.0
13256.0,2023.0,1.0,2.0,4.0,-2.1,0.0,-2.57e-16,-1.4,0.0,1014.4,94.0,0.0,20.01,0,0.020081891,0.999798338,0.5,0.866025404,0.866025404,0.5,2023-01-02,0.0,0.0
13257.0,2023.0,1.0,2.0,4.5,-2.25,0.0,-1.84e-16,-1.0,0.0,1014.55,94.5,0.0,21.29,0,0.020440446,0.999791072,0.5,0.866025404,0.923879533,0.382683432,2023-01-02,0.0,0.0
13258.0,2023.0,1.0,2.0,5.0,-2.4,0.0,-1.1e-16,-0.6,0.0,1014.7,95.0,0.0,19.97,0,0.020798999,0.999783677,0.5,0.866025404,0.965925826,0.258819045,2023-01-02,0.0,0.0
13259.0,2023.0,1.0,2.0,5.5,-2.6,0.0,-0.27716386,-0.41480503,0.0,1015.25,95.5,0.0,19.97,0,0.02115755,0.999776154,0.5,0.866025404,0.991444861,0.130526192,2023-01-02,0.0,0.0
13260.0,2023.0,1.0,2.0,6.0,-2.8,0.0,-0.55432772,-0.229610059,0.0,1015.8,96.0,0.0,18.0,0,0.021516097,0.999768502,0.5,0.866025404,1.0,6.12574e-17,2023-01-02,0.0,0.0
13261.0,2023.0,1.0,2.0,6.5,-2.9,0.0,-0.62716386,-0.114805029,1.388888889,1015.95,96.0,0.002639776,18.1,0,0.021874642,0.999760721,0.5,0.866025404,0.991444861,-0.130526192,2023-01-02,0.0,0.047779945600000005
13262.0,2023.0,1.0,2.0,7.0,-3.0,0.0,-0.7,8.58e-17,2.777777778,1016.1,96.0,0.005716241,21.29,0,0.022233184,0.999752812,0.5,0.866025404,0.965925826,-0.258819045,2023-01-02,0.0,0.16947871649000001
13263.0,2023.0,1.0,2.0,7.5,-1.85,0.0,-0.668198052,-0.318198051,38.88888889,1016.3,91.5,0.085330988,21.3,0,0.022591724,0.999744774,0.5,0.866025404,0.923879533,-0.382683432,2023-01-02,0.0,1.98702876089
13264.0,2023.0,1.0,2.0,8.0,-0.7,0.0,-0.636396103,-0.636396103,75.0,1016.5,87.0,0.14873082,21.79,0,0.02295026,0.999736608,0.5,0.866025404,0.866025404,-0.5,2023-01-02,5.294969999999999,5.22787332869
13265.0,2023.0,1.0,2.0,8.5,1.35,0.0,-0.318198052,-1.068198052,154.1666667,1016.6,77.0,0.315996551,21.65,0,0.023308793,0.999728313,0.5,0.866025404,0.79335334,-0.608761429,2023-01-02,12.13637,12.069198657840001
13266.0,2023.0,1.0,2.0,9.0,3.4,0.0,-2.76e-16,-1.5,233.3333333,1016.7,67.0,0.42370418,20.02,0,0.023667324,0.99971989,0.5,0.866025404,0.707106781,-0.707106781,2023-01-02,20.62485,20.55175634144
13267.0,2023.0,1.0,2.0,9.5,4.65,0.0,-0.401817604,-1.720073509,306.9444445,1016.6,62.0,0.564005477,17.11,0,0.024025851,0.999711338,0.5,0.866025404,0.608761429,-0.79335334,2023-01-02,20.62485,30.201890052910002
13268.0,2023.0,1.0,2.0,10.0,5.9,0.0,-0.803635208,-1.940147018,380.5555556,1016.5,57.0,0.689994438,13.35,0,0.024384375,0.999702657,0.5,0.866025404,0.5,-0.866025404,2023-01-02,20.62485,39.41331580021
13269.0,2023.0,1.0,2.0,10.5,6.85,0.0,-1.556667019,-0.491719218,430.5555556,1016.05,50.0,0.814734154,17.8,0,0.024742896,0.999693848,0.5,0.866025404,0.382683432,-0.923879533,2023-01-02,57.453050000000005,53.91558374141
13270.0,2023.0,1.0,2.0,11.0,7.8,0.0,-2.309698831,0.956708581,480.5555556,1015.6,43.0,0.922492401,17.65,0,0.025101414,0.99968491,0.5,0.866025404,0.258819045,-0.965925826,2023-01-02,73.72635,70.19757461906
13271.0,2023.0,1.0,2.0,11.5,8.75,0.0,-2.569062978,1.892567853,501.3888889,1014.95,39.5,1.017809163,17.01,0,0.025459929,0.999675843,0.5,0.866025404,0.130526192,-0.991444861,2023-01-02,91.04253,87.51050848169001
13272.0,2023.0,1.0,2.0,12.0,9.7,0.0,-2.828427125,2.828427125,522.2222222,1014.3,36.0,1.080196033,16.45,0,0.02581844,0.999666649,0.5,0.866025404,1.22515e-16,-1.0,2023-01-02,104.35058,105.27973322454001
13273.0,2023.0,1.0,2.0,12.5,10.0,0.0,-2.934493142,2.934493142,512.5,1014.0,31.5,0.986506162,16.2,0,0.026176948,0.999657325,0.5,0.866025404,-0.130526192,-0.991444861,2023-01-02,104.35058,121.26113304894001
13274.0,2023.0,1.0,2.0,13.0,10.3,0.0,-3.040559159,3.040559159,502.7777778,1013.7,27.0,0.975482878,16.21,0,0.026535453,0.999647873,0.5,0.866025404,-0.258819045,-0.965925826,2023-01-02,104.35058,137.07371050132002
13275.0,2023.0,1.0,2.0,13.5,10.35,0.0,-3.691396481,2.419585645,466.6666667,1013.65,26.0,0.939756156,11.73,0,0.026893954,0.999638292,0.5,0.866025404,-0.382683432,-0.923879533,2023-01-02,104.35058,148.0970502112
13276.0,2023.0,1.0,2.0,14.0,10.4,0.0,-4.342233803,1.798612132,430.5555556,1013.6,25.0,0.827081302,12.19,0,0.027252452,0.999628583,0.5,0.866025404,-0.5,-0.866025404,2023-01-02,104.35058,158.17917128258
13277.0,2023.0,1.0,2.0,14.5,10.05,0.0,-4.080305211,2.808494375,370.8333334,1013.85,25.0,0.692140219,17.7,0,0.027610947,0.999618745,0.5,0.866025404,-0.608761429,-0.79335334,2023-01-02,116.59898,170.43005315888
13278.0,2023.0,1.0,2.0,15.0,9.7,0.0,-3.818376618,3.818376618,311.1111111,1014.1,25.0,0.606655938,19.81,0,0.027969437,0.999608779,0.5,0.866025404,-0.707106781,-0.707106781,2023-01-02,136.13164,182.44790729066
13279.0,2023.0,1.0,2.0,15.5,8.95,0.0,-2.559750144,3.479783515,202.7777778,1014.3,26.5,0.379006728,18.11,0,0.028327924,0.999598684,0.5,0.866025404,-0.79335334,-0.608761429,2023-01-02,136.13164,189.31171913474
13280.0,2023.0,1.0,2.0,16.0,8.2,0.0,-1.30112367,3.141190411,94.44444444,1014.5,28.0,0.192397623,19.83,0,0.028686408,0.99958846,0.5,0.866025404,-0.866025404,-0.5,2023-01-02,139.939,193.12696399883
13281.0,2023.0,1.0,2.0,16.5,7.4,0.0,-1.746577346,2.666610717,54.16666667,1014.75,31.0,0.100262516,19.83,0,0.029044888,0.999578108,0.5,0.866025404,-0.923879533,-0.382683432,2023-01-02,141.922,195.11516969111
13282.0,2023.0,1.0,2.0,17.0,6.6,0.0,-2.192031022,2.192031022,13.88888889,1015.0,34.0,0.030013292,21.91,0,0.029403364,0.999567628,0.5,0.866025404,-0.965925826,-0.258819045,2023-01-02,142.5793,195.77276091883
13283.0,2023.0,1.0,2.0,17.5,5.9,0.0,-2.085965005,2.085965005,6.944444445,1015.35,35.5,0.013104036,22.81,0,0.029761836,0.999557018,0.5,0.866025404,-0.991444861,-0.130526192,2023-01-02,142.87582999999998,196.07166397998998
13284.0,2023.0,1.0,2.0,18.0,5.2,0.0,-1.979898987,1.979898987,0.0,1015.7,37.0,0.0,21.95,0,0.030120305,0.999546281,0.5,0.866025404,-1.0,-1.83772e-16,2023-01-02,142.87582999999998,196.07166397998998
13285.0,2023.0,1.0,2.0,18.5,4.85,0.0,-1.767766953,1.767766953,0.0,1015.75,38.0,0.0,22.59,0,0.030478769,0.999535414,0.5,0.866025404,-0.991444861,0.130526192,2023-01-02,142.87582999999998,196.07166397998998
13286.0,2023.0,1.0,2.0,19.0,4.5,0.0,-1.555634919,1.555634919,0.0,1015.8,39.0,0.0,22.81,0,0.03083723,0.99952442,0.5,0.866025404,-0.965925826,0.258819045,2023-01-02,142.87582999999998,196.07166397998998
13287.0,2023.0,1.0,2.0,19.5,2.8,0.0,-1.343502884,1.343502884,0.0,1015.9,46.0,0.0,22.81,0,0.031195687,0.999513296,0.5,0.866025404,-0.923879533,0.382683432,2023-01-02,142.87582999999998,196.07166397998998
13288.0,2023.0,1.0,2.0,20.0,1.1,0.0,-1.13137085,1.13137085,0.0,1016.0,53.0,0.0,23.01,0,0.03155414,0.999502044,0.5,0.866025404,-0.866025404,0.5,2023-01-02,142.87582999999998,196.07166397998998
13289.0,2023.0,1.0,2.0,20.5,1.35,0.0,-1.397177005,0.910100514,0.0,1016.4,51.0,0.0,23.01,0,0.031912588,0.999490664,0.5,0.866025404,-0.79335334,0.608761429,2023-01-02,142.87582999999998,196.07166397998998
13290.0,2023.0,1.0,2.0,21.0,1.6,0.0,-1.662983159,0.688830178,0.0,1016.8,49.0,0.0,23.01,0,0.032271033,0.999479155,0.5,0.866025404,-0.707106781,0.707106781,2023-01-02,142.87582999999998,196.07166397998998
13291.0,2023.0,1.0,2.0,21.5,1.8,0.0,-1.503243021,1.016166531,0.0,1016.65,48.0,0.0,22.91,0,0.032629473,0.999467517,0.5,0.866025404,-0.608761429,0.79335334,2023-01-02,142.87582999999998,196.07166397998998
13292.0,2023.0,1.0,2.0,22.0,2.0,0.0,-1.343502884,1.343502884,0.0,1016.5,47.0,0.0,23.07,0,0.03298791,0.999455751,0.5,0.866025404,-0.5,0.866025404,2023-01-02,145.20589999999999,196.07166397998998
13293.0,2023.0,1.0,2.0,22.5,2.3,0.0,-1.688018928,1.092703218,0.0,1016.35,47.0,0.0,23.06,0,0.033346342,0.999443856,0.5,0.866025404,-0.382683432,0.923879533,2023-01-02,145.20589999999999,196.07166397998998
13294.0,2023.0,1.0,2.0,23.0,2.6,0.0,-2.032534972,0.841903551,0.0,1016.2,47.0,0.0,23.07,0,0.033704769,0.999431833,0.5,0.866025404,-0.258819045,0.965925826,2023-01-02,189.29267,196.07166397998998
13295.0,2023.0,1.0,2.0,23.5,2.7,0.0,-2.182993675,1.587677965,0.0,1016.15,47.5,0.0,23.07,0,0.034063193,0.999419681,0.5,0.866025404,-0.130526192,0.991444861,2023-01-02,235.15582999999998,196.07166397998998
13296.0,2023.0,1.0,3.0,0.0,2.8,0.0,-2.333452378,2.333452378,0.0,1016.1,48.0,0.0,22.45,0,0.034421612,0.999407401,0.5,0.866025404,-2.4503e-16,1.0,2023-01-03,0.0,0.0
13297.0,2023.0,1.0,3.0,0.5,2.4,0.0,-2.460157535,1.702482995,0.0,1016.25,49.5,0.0,22.71,0,0.034780026,0.999394992,0.5,0.866025404,0.130526192,0.991444861,2023-01-03,0.0,0.0
13298.0,2023.0,1.0,3.0,1.0,2.0,0.0,-2.586862691,1.071513611,0.0,1016.4,51.0,0.0,21.86,0,0.035138436,0.999382454,0.5,0.866025404,0.258819045,0.965925826,2023-01-03,0.0,0.0
13299.0,2023.0,1.0,3.0,1.5,2.35,0.0,-2.318736178,1.561061638,0.0,1016.1,49.0,0.0,21.86,0,0.035496842,0.999369789,0.5,0.866025404,0.382683432,0.923879533,2023-01-03,0.0,0.0
13300.0,2023.0,1.0,3.0,2.0,2.7,0.0,-2.050609665,2.050609665,0.0,1015.8,47.0,0.0,21.86,0,0.035855243,0.999356994,0.5,0.866025404,0.5,0.866025404,2023-01-03,0.0,0.0
13301.0,2023.0,1.0,3.0,2.5,2.4,0.0,-2.474873734,2.474873734,0.0,1015.6,49.0,0.0,21.79,0,0.036213639,0.999344071,0.5,0.866025404,0.608761429,0.79335334,2023-01-03,0.0,0.0
13302.0,2023.0,1.0,3.0,3.0,2.1,0.0,-2.899137803,2.899137803,0.0,1015.4,51.0,0.0,21.86,0,0.036572031,0.99933102,0.5,0.866025404,0.707106781,0.707106781,2023-01-03,0.0,0.0
13303.0,2023.0,1.0,3.0,3.5,2.05,0.0,-2.927776154,2.061862394,0.0,1015.35,51.0,0.0,21.92,0,0.036930418,0.999317839,0.5,0.866025404,0.79335334,0.608761429,2023-01-03,0.0,0.0
13304.0,2023.0,1.0,3.0,4.0,2.0,0.0,-2.956414504,1.224586984,0.0,1015.3,51.0,0.0,21.79,0,0.0372888,0.999304531,0.5,0.866025404,0.866025404,0.5,2023-01-03,0.0,0.0
13305.0,2023.0,1.0,3.0,4.5,1.7,0.0,-3.028207252,0.612293492,0.0,1015.3,51.0,0.0,21.92,0,0.037647178,0.999291094,0.5,0.866025404,0.923879533,0.382683432,2023-01-03,0.0,0.0
13306.0,2023.0,1.0,3.0,5.0,1.4,0.0,-3.1,3.8e-16,0.0,1015.3,51.0,0.0,21.79,0,0.03800555,0.999277528,0.5,0.866025404,0.965925826,0.258819045,2023-01-03,0.0,0.0
13307.0,2023.0,1.0,3.0,5.5,1.35,0.0,-3.120595206,0.650561835,0.0,1015.35,51.0,0.0,21.95,0,0.038363918,0.999263834,0.5,0.866025404,0.991444861,0.130526192,2023-01-03,0.0,0.0
13308.0,2023.0,1.0,3.0,6.0,1.3,0.0,-3.141190411,1.30112367,0.0,1015.4,51.0,0.0,21.95,0,0.038722281,0.999250011,0.5,0.866025404,1.0,6.12574e-17,2023-01-03,0.0,0.0
13309.0,2023.0,1.0,3.0,6.5,2.1,0.0,-2.843387412,1.923354041,0.0,1015.35,46.5,0.0,21.86,0,0.039080639,0.99923606,0.5,0.866025404,0.991444861,-0.130526192,2023-01-03,0.0,0.0
13310.0,2023.0,1.0,3.0,7.0,2.9,0.0,-2.545584412,2.545584412,0.0,1015.3,42.0,0.0,22.54,0,0.039438992,0.99922198,0.5,0.866025404,0.965925826,-0.258819045,2023-01-03,0.0,0.0
13311.0,2023.0,1.0,3.0,7.5,3.1,0.0,-2.222792206,1.272792206,38.88888889,1015.6,44.0,0.072538616,22.98,0,0.039797339,0.999207772,0.5,0.866025404,0.923879533,-0.382683432,2023-01-03,0.0,1.66693739568
13312.0,2023.0,1.0,3.0,8.0,3.3,0.0,-1.9,2.33e-16,77.77777778,1015.9,46.0,0.159512205,23.28,0,0.040155682,0.999193435,0.5,0.866025404,0.866025404,-0.5,2023-01-03,5.42424,5.38038152808
13313.0,2023.0,1.0,3.0,8.5,4.15,0.0,-1.966267486,0.420951776,159.7222222,1016.1,44.5,0.323514369,22.84,0,0.040514019,0.99917897,0.5,0.866025404,0.79335334,-0.608761429,2023-01-03,12.8244,12.76944971604
13314.0,2023.0,1.0,3.0,9.0,5.0,0.0,-2.032534972,0.841903551,241.6666667,1016.3,43.0,0.430984472,21.35,0,0.040872352,0.999164376,0.5,0.866025404,0.707106781,-0.707106781,2023-01-03,22.02625,21.97096819324
13315.0,2023.0,1.0,3.0,9.5,6.55,0.0,-2.725444621,1.128916126,315.2777778,1016.2,38.0,0.598599862,17.21,0,0.041230679,0.999149654,0.5,0.866025404,0.608761429,-0.79335334,2023-01-03,32.33504,32.27287181826
13316.0,2023.0,1.0,3.0,10.0,8.1,0.0,-3.41835427,1.4159287,388.8888889,1016.1,33.0,0.736820764,13.35,0,0.041589,0.999134803,0.5,0.866025404,0.5,-0.866025404,2023-01-03,42.173989999999996,42.10942901766
13317.0,2023.0,1.0,3.0,10.5,8.85,0.0,-3.603130177,1.492465387,440.2777778,1015.8,30.0,0.841264617,12.46,0,0.041947317,0.999119824,0.5,0.866025404,0.382683432,-0.923879533,2023-01-03,52.65285,52.59158614548
13318.0,2023.0,1.0,3.0,11.0,9.6,0.0,-3.787906083,1.569002073,491.6666667,1015.5,27.0,1.006364508,10.0,0,0.042305628,0.999104716,0.5,0.866025404,0.258819045,-0.965925826,2023-01-03,62.71285,62.65523122548
13319.0,2023.0,1.0,3.0,11.5,9.85,0.0,-3.69551813,1.53073373,515.2777778,1014.9,27.0,0.948622828,1.88,0,0.042663933,0.99908948,0.5,0.866025404,0.130526192,-0.991444861,2023-01-03,64.49697,64.43864214212
13320.0,2023.0,1.0,3.0,12.0,10.1,0.0,-3.603130177,1.492465386,538.8888889,1014.3,27.0,1.045918609,1.0,0,0.043022233,0.999074115,0.5,0.866025404,1.22515e-16,-1.0,2023-01-03,64.55197000000001,65.48456075112
13321.0,2023.0,1.0,3.0,12.5,10.25,0.0,-3.926488014,1.626404588,529.1666667,1013.65,26.0,1.070889024,0.03,0,0.043380527,0.999058622,0.5,0.866025404,-0.130526192,-0.991444861,2023-01-03,64.55197000000001,65.51668742184
13322.0,2023.0,1.0,3.0,13.0,10.4,0.0,-4.24984585,1.760343789,519.4444444,1013.0,25.0,1.027046314,1.0,0,0.043738816,0.999043,0.5,0.866025404,-0.258819045,-0.965925826,2023-01-03,64.61297000000002,66.54373373584001
13323.0,2023.0,1.0,3.0,13.5,10.45,0.0,-4.203651873,1.741209618,481.9444444,1012.75,24.5,1.032912048,1.0,0,0.0440971,0.99902725,0.5,0.866025404,-0.382683432,-0.923879533,2023-01-03,64.67397000000003,67.57664578384001
13324.0,2023.0,1.0,3.0,14.0,10.5,0.0,-4.157457896,1.722075446,444.4444444,1012.5,24.0,0.9159886,2.44,0,0.044455377,0.999011371,0.5,0.866025404,-0.5,-0.866025404,2023-01-03,68.69021000000002,69.81165796784
13325.0,2023.0,1.0,3.0,14.5,10.35,0.0,-3.880294037,1.607270416,380.5555556,1012.5,24.5,0.730174483,1.82,0,0.044813649,0.998995364,0.5,0.866025404,-0.608761429,-0.79335334,2023-01-03,68.69021000000002,71.14057552690001
13326.0,2023.0,1.0,3.0,15.0,10.2,0.0,-3.603130177,1.492465386,316.6666667,1012.5,25.0,0.690189522,5.0,0,0.045171915,0.998979228,0.5,0.866025404,-0.707106781,-0.707106781,2023-01-03,72.14021000000002,74.59152313690001
13327.0,2023.0,1.0,3.0,15.5,9.6,0.0,-3.741712107,1.549867901,237.5,1012.55,25.0,0.444663604,15.02,0,0.045530176,0.998962964,0.5,0.866025404,-0.79335334,-0.608761429,2023-01-03,78.82411000000002,81.27037046898
13328.0,2023.0,1.0,3.0,16.0,9.0,0.0,-3.880294037,1.607270416,158.3333333,1012.6,25.0,0.294455502,17.5,0,0.04588843,0.998946571,0.5,0.866025404,-0.866025404,-0.5,2023-01-03,83.96911000000001,86.42334175398
13329.0,2023.0,1.0,3.0,16.5,8.05,0.0,-2.753319817,1.616808007,90.27777776,1012.85,27.5,0.184862578,18.21,0,0.046246679,0.99893005,0.5,0.866025404,-0.923879533,-0.382683432,2023-01-03,87.33796000000001,89.78968929935999
13330.0,2023.0,1.0,3.0,17.0,7.1,0.0,-1.626345597,1.626345597,22.22222222,1013.1,30.0,0.050124296,23.08,0,0.046604921,0.9989134,0.5,0.866025404,-0.965925826,-0.258819045,2023-01-03,88.49196,90.94655805103999
13331.0,2023.0,1.0,3.0,17.5,5.8,0.0,-1.291527089,1.968022214,11.11111111,1013.3,35.0,0.020833203,23.51,0,0.046963158,0.998896622,0.5,0.866025404,-0.991444861,-0.130526192,2023-01-03,88.98567,91.43634665356998
13332.0,2023.0,1.0,3.0,18.0,4.5,0.0,-0.956708581,2.309698831,0.0,1013.5,40.0,0.0,23.08,0,0.047321388,0.998879716,0.5,0.866025404,-1.0,-1.83772e-16,2023-01-03,88.98567,91.43634665356998
13333.0,2023.0,1.0,3.0,18.5,3.65,0.0,-1.03268201,0.925239356,0.0,1013.9,41.5,0.0,23.99,0,0.047679613,0.998862681,0.5,0.866025404,-0.991444861,0.130526192,2023-01-03,88.98567,91.43634665356998
13334.0,2023.0,1.0,3.0,19.0,2.8,0.0,-1.108655439,-0.459220119,0.0,1014.3,43.0,0.0,24.1,0,0.048037831,0.998845517,0.5,0.866025404,-0.965925826,0.258819045,2023-01-03,137.18567000000002,91.43634665356998
13335.0,2023.0,1.0,3.0,19.5,2.7,0.0,-0.879608637,-1.014907662,0.0,1014.4,46.5,0.0,24.13,0,0.048396043,0.998828225,0.5,0.866025404,-0.923879533,0.382683432,2023-01-03,185.44567,91.43634665356998
13336.0,2023.0,1.0,3.0,20.0,2.6,0.0,-0.650561835,-1.570595205,0.0,1014.5,50.0,0.0,23.83,0,0.048754249,0.998810804,0.5,0.866025404,-0.866025404,0.5,2023-01-03,185.44567,91.43634665356998
13337.0,2023.0,1.0,3.0,20.5,1.45,0.0,-1.11057852,-0.460016685,0.0,1014.55,55.0,0.0,23.77,0,0.049112449,0.998793256,0.5,0.866025404,-0.79335334,0.608761429,2023-01-03,185.44567,91.43634665356998
13338.0,2023.0,1.0,3.0,21.0,0.3,0.0,-1.570595205,0.650561835,0.0,1014.6,60.0,0.0,23.26,0,0.049470642,0.998775578,0.5,0.866025404,-0.707106781,0.707106781,2023-01-03,185.44567,91.43634665356998
13339.0,2023.0,1.0,3.0,21.5,0.7,0.0,-1.315627689,0.855611004,0.0,1014.5,58.0,0.0,23.01,0,0.049828829,0.998757772,0.5,0.866025404,-0.608761429,0.79335334,2023-01-03,185.44567,91.43634665356998
13340.0,2023.0,1.0,3.0,22.0,1.1,0.0,-1.060660172,1.060660172,0.0,1014.4,56.0,0.0,21.95,0,0.05018701,0.998739838,0.5,0.866025404,-0.5,0.866025404,2023-01-03,185.44567,91.43634665356998
13341.0,2023.0,1.0,3.0,22.5,0.25,0.0,-1.038463829,0.740805974,0.0,1014.4,62.0,0.0,21.86,0,0.050545184,0.998721775,0.5,0.866025404,-0.382683432,0.923879533,2023-01-03,185.44567,91.43634665356998
13342.0,2023.0,1.0,3.0,23.0,-0.6,0.0,-1.016267486,0.420951776,0.0,1014.4,68.0,0.0,21.29,0,0.050903352,0.998703584,0.5,0.866025404,-0.258819045,0.965925826,2023-01-03,185.44567,91.43634665356998
13343.0,2023.0,1.0,3.0,23.5,-0.9,0.0,-0.508133743,0.860475888,0.0,1014.25,70.5,0.0,21.35,0,0.051261513,0.998685264,0.5,0.866025404,-0.130526192,0.991444861,2023-01-03,185.44567,91.43634665356998
13344.0,2023.0,1.0,4.0,0.0,-1.2,0.0,7.96e-17,1.3,0.0,1014.1,73.0,0.0,19.85,0,0.051619667,0.998666816,0.5,0.866025404,-2.4503e-16,1.0,2023-01-04,0.0,0.0
13345.0,2023.0,1.0,4.0,0.5,-1.75,0.0,-9.8e-17,-0.1,0.0,1014.15,75.5,0.0,21.79,0,0.051977815,0.99864824,0.5,0.866025404,0.130526192,0.991444861,2023-01-04,0.0,0.0
13346.0,2023.0,1.0,4.0,1.0,-2.3,0.0,-2.76e-16,-1.5,0.0,1014.2,78.0,0.0,20.71,0,0.052335956,0.998629535,0.5,0.866025404,0.258819045,0.965925826,2023-01-04,0.0,0.0
13347.0,2023.0,1.0,4.0,1.5,-2.75,0.0,-0.267878403,-1.396715673,0.0,1014.25,79.5,0.0,19.83,0,0.052694091,0.998610701,0.5,0.866025404,0.382683432,0.923879533,2023-01-04,0.0,0.0
13348.0,2023.0,1.0,4.0,2.0,-3.2,0.0,-0.535756805,-1.293431346,0.0,1014.3,81.0,0.0,21.29,0,0.053052218,0.998591739,0.5,0.866025404,0.5,0.866025404,2023-01-04,0.0,0.0
13349.0,2023.0,1.0,4.0,2.5,-3.3,0.0,-1.010340523,0.095746447,0.0,1014.15,83.5,0.0,19.83,0,0.053410339,0.998572649,0.5,0.866025404,0.608761429,0.79335334,2023-01-04,0.0,0.0
13350.0,2023.0,1.0,4.0,3.0,-3.4,0.0,-1.48492424,1.48492424,0.0,1014.0,86.0,0.0,19.97,0,0.053768453,0.99855343,0.5,0.866025404,0.707106781,0.707106781,2023-01-04,0.0,0.0
13351.0,2023.0,1.0,4.0,3.5,-0.85,0.0,-1.488694813,2.544027209,0.0,1013.7,72.5,0.0,19.83,0,0.05412656,0.998534083,0.5,0.866025404,0.79335334,0.608761429,2023-01-04,0.0,0.0
13352.0,2023.0,1.0,4.0,4.0,1.7,0.0,-1.492465386,3.603130177,0.0,1013.4,59.0,0.0,19.83,0,0.05448466,0.998514608,0.5,0.866025404,0.866025404,0.5,2023-01-04,0.0,0.0
13353.0,2023.0,1.0,4.0,4.5,0.4,0.0,-1.453339474,2.50867187,0.0,1013.45,65.0,0.0,18.0,0,0.054842753,0.998495004,0.5,0.866025404,0.923879533,0.382683432,2023-01-04,0.0,0.0
13354.0,2023.0,1.0,4.0,5.0,-0.9,0.0,-1.414213562,1.414213562,0.0,1013.5,71.0,0.0,19.83,0,0.055200839,0.998475271,0.5,0.866025404,0.965925826,0.258819045,2023-01-04,0.0,0.0
13355.0,2023.0,1.0,4.0,5.5,0.0,0.0,-1.723374267,1.128058557,0.0,1013.9,66.5,0.0,21.29,0,0.055558918,0.99845541,0.5,0.866025404,0.991444861,0.130526192,2023-01-04,0.0,0.0
13356.0,2023.0,1.0,4.0,6.0,0.9,0.0,-2.032534972,0.841903551,0.0,1014.3,62.0,0.0,19.83,0,0.05591699,0.998435421,0.5,0.866025404,1.0,6.12574e-17,2023-01-04,0.0,0.0
13357.0,2023.0,1.0,4.0,6.5,0.65,0.0,-1.758729606,1.163413896,0.0,1014.6,63.5,0.0,21.35,0,0.056275055,0.998415303,0.5,0.866025404,0.991444861,-0.130526192,2023-01-04,0.0,0.0
13358.0,2023.0,1.0,4.0,7.0,0.4,0.0,-1.48492424,1.48492424,0.0,1014.9,65.0,0.0,22.32,0,0.056633112,0.998395057,0.5,0.866025404,0.965925826,-0.258819045,2023-01-04,0.0,0.0
13359.0,2023.0,1.0,4.0,7.5,1.05,0.0,-1.414213562,1.414213562,38.88888889,1014.95,64.5,0.075886668,24.49,0,0.056991162,0.998374683,0.5,0.866025404,0.923879533,-0.382683432,2023-01-04,0.0,1.85846449932
13360.0,2023.0,1.0,4.0,8.0,1.7,0.0,-1.343502884,1.343502884,77.77777778,1015.0,64.0,0.164858322,25.25,0,0.057349205,0.99835418,0.5,0.866025404,0.866025404,-0.5,2023-01-04,6.085249999999999,6.0211371298200005
13361.0,2023.0,1.0,4.0,8.5,3.0,0.0,-1.457049045,0.99703236,158.3333333,1015.05,58.5,0.304179022,23.0,0,0.05770724,0.998333549,0.5,0.866025404,0.79335334,-0.608761429,2023-01-04,13.07725,13.017254635820002
13362.0,2023.0,1.0,4.0,9.0,4.3,0.0,-1.570595205,0.650561835,238.8888889,1015.1,53.0,0.469453732,21.92,0,0.058065268,0.998312789,0.5,0.866025404,0.707106781,-0.707106781,2023-01-04,23.35773,23.307680441260004
13363.0,2023.0,1.0,4.0,9.5,5.05,0.0,-1.301920236,1.572518287,312.5,1015.25,51.0,0.633300448,20.0,0,0.058423289,0.998291901,0.5,0.866025404,0.608761429,-0.79335334,2023-01-04,36.01773,35.97368940126
13364.0,2023.0,1.0,4.0,10.0,5.8,0.0,-1.033245267,2.494474738,386.1111111,1015.4,49.0,0.811771484,17.65,0,0.058781302,0.998270884,0.5,0.866025404,0.5,-0.866025404,2023-01-04,36.01773,50.301456093860004
13365.0,2023.0,1.0,4.0,10.5,6.5,0.0,-1.188374076,1.918988811,436.1111111,1014.95,46.5,0.838952428,19.83,0,0.059139307,0.998249739,0.5,0.866025404,0.382683432,-0.923879533,2023-01-04,68.75706,66.9378827411
13366.0,2023.0,1.0,4.0,11.0,7.2,0.0,-1.343502884,1.343502884,486.1111111,1014.5,44.0,1.057328765,17.24,0,0.059497305,0.998228466,0.5,0.866025404,0.258819045,-0.965925826,2023-01-04,86.97973999999999,85.1662306497
13367.0,2023.0,1.0,4.0,11.5,8.55,0.0,-2.156675683,2.156675683,508.3333334,1013.9,38.5,1.028897841,15.0,0,0.059855295,0.998207065,0.5,0.866025404,0.130526192,-0.991444861,2023-01-04,89.75474,100.5996982647
13368.0,2023.0,1.0,4.0,12.0,9.9,0.0,-2.969848481,2.969848481,530.5555556,1013.3,33.0,1.002503045,13.05,0,0.060213277,0.998185534,0.5,0.866025404,1.22515e-16,-1.0,2023-01-04,89.75474,113.68236300195
13369.0,2023.0,1.0,4.0,12.5,10.1,0.0,-3.517459212,2.326827792,523.6111111,1012.9,30.5,1.088572398,13.01,0,0.060571252,0.998163876,0.5,0.866025404,-0.130526192,-0.991444861,2023-01-04,89.75474,127.84468989992999
13370.0,2023.0,1.0,4.0,13.0,10.3,0.0,-4.065069943,1.683807102,516.6666667,1012.5,28.0,1.064301456,13.0,0,0.060929219,0.998142089,0.5,0.866025404,-0.258819045,-0.965925826,2023-01-04,89.75474,141.68060882792997
13371.0,2023.0,1.0,4.0,13.5,10.25,0.0,-4.988949476,2.066490535,480.5555556,1012.35,26.5,0.975242875,16.91,0,0.061287178,0.998120174,0.5,0.866025404,-0.382683432,-0.923879533,2023-01-04,106.24199,158.17196584417997
13372.0,2023.0,1.0,4.0,14.0,10.2,0.0,-5.912829008,2.449173967,444.4444444,1012.2,25.0,0.949826086,18.0,0,0.061645129,0.99809813,0.5,0.866025404,-0.5,-0.866025404,2023-01-04,137.81399,175.26883539217997
13373.0,2023.0,1.0,4.0,14.5,10.1,0.0,-4.653470779,2.921643259,383.3333333,1012.45,25.0,0.804451106,16.91,0,0.062003072,0.998075959,0.5,0.866025404,-0.608761429,-0.79335334,2023-01-04,137.81399,188.87210359463995
13374.0,2023.0,1.0,4.0,15.0,10.0,0.0,-3.39411255,3.39411255,322.2222222,1012.7,25.0,0.62954678,18.44,0,0.062361008,0.998053658,0.5,0.866025404,-0.707106781,-0.707106781,2023-01-04,163.09523,200.48094621783994
13375.0,2023.0,1.0,4.0,15.5,9.45,0.0,-2.863782464,2.863782464,241.6666666,1013.0,27.0,0.447018257,17.59,0,0.062718935,0.99803123,0.5,0.866025404,-0.79335334,-0.608761429,2023-01-04,163.09523,208.34399735846995
13376.0,2023.0,1.0,4.0,16.0,8.9,0.0,-2.333452378,2.333452378,161.1111111,1013.3,29.0,0.29385511,17.65,0,0.063076854,0.998008673,0.5,0.866025404,-0.866025404,-0.5,2023-01-04,163.09523,213.53054004996994
13377.0,2023.0,1.0,4.0,16.5,8.0,0.0,-2.580939752,2.580939752,91.66666666,1013.7,31.5,0.179634173,21.24,0,0.063434765,0.997985987,0.5,0.866025404,-0.923879533,-0.382683432,2023-01-04,166.91842999999997,217.34596988448993
13378.0,2023.0,1.0,4.0,17.0,7.1,0.0,-2.828427125,2.828427125,22.22222222,1014.1,34.0,0.044511371,22.07,0,0.063792668,0.997963173,0.5,0.866025404,-0.965925826,-0.258819045,2023-01-04,167.91157999999996,218.32833584245992
13379.0,2023.0,1.0,4.0,17.5,6.4,0.0,-2.198714599,3.308166604,11.11111111,1014.6,38.0,0.024064133,22.11,0,0.064150563,0.997940231,0.5,0.866025404,-0.991444861,-0.130526192,2023-01-04,168.44221999999996,218.8603938230899
13380.0,2023.0,1.0,4.0,18.0,5.7,0.0,-1.569002073,3.787906083,0.0,1015.1,42.0,0.0,23.0,0,0.064508449,0.997917161,0.5,0.866025404,-1.0,-1.83772e-16,2023-01-04,168.44221999999996,218.8603938230899
13381.0,2023.0,1.0,4.0,18.5,5.1,0.0,-0.784501036,3.643953042,0.0,1015.45,45.0,0.0,23.0,0,0.064866328,0.997893962,0.5,0.866025404,-0.991444861,0.130526192,2023-01-04,168.44221999999996,218.8603938230899
13382.0,2023.0,1.0,4.0,19.0,4.5,0.0,2.14e-16,3.5,0.0,1015.8,48.0,0.0,23.03,0,0.065224197,0.997870635,0.5,0.866025404,-0.965925826,0.258819045,2023-01-04,214.50221999999997,218.8603938230899
13383.0,2023.0,1.0,4.0,19.5,3.0,0.0,-8.58e-17,0.7,0.0,1016.05,52.5,0.0,23.01,0,0.065582059,0.997847179,0.5,0.866025404,-0.923879533,0.382683432,2023-01-04,260.52221999999995,218.8603938230899
13384.0,2023.0,1.0,4.0,20.0,1.5,0.0,-3.86e-16,-2.1,0.0,1016.3,57.0,0.0,22.72,0,0.065939912,0.997823596,0.5,0.866025404,-0.866025404,0.5,2023-01-04,260.52221999999995,218.8603938230899
13385.0,2023.0,1.0,4.0,20.5,0.95,0.0,-0.970073509,-0.648182396,0.0,1016.5,60.5,0.0,21.86,0,0.066297756,0.997799883,0.5,0.866025404,-0.79335334,0.608761429,2023-01-04,260.52221999999995,218.8603938230899
13386.0,2023.0,1.0,4.0,21.0,0.4,0.0,-1.940147018,0.803635208,0.0,1016.7,64.0,0.0,21.79,0,0.066655592,0.997776043,0.5,0.866025404,-0.707106781,0.707106781,2023-01-04,260.52221999999995,218.8603938230899
13387.0,2023.0,1.0,4.0,21.5,1.15,0.0,-1.818601647,1.250345741,0.0,1016.75,60.0,0.0,22.05,0,0.06701342,0.997752074,0.5,0.866025404,-0.608761429,0.79335334,2023-01-04,260.52221999999995,218.8603938230899
13388.0,2023.0,1.0,4.0,22.0,1.9,0.0,-1.697056275,1.697056275,0.0,1016.8,56.0,0.0,21.79,0,0.067371239,0.997727977,0.5,0.866025404,-0.5,0.866025404,2023-01-04,260.52221999999995,218.8603938230899
13389.0,2023.0,1.0,4.0,22.5,1.85,0.0,-2.141959483,1.384284943,0.0,1016.85,55.5,0.0,21.79,0,0.067729049,0.997703752,0.5,0.866025404,-0.382683432,0.923879533,2023-01-04,260.52221999999995,218.8603938230899
13390.0,2023.0,1.0,4.0,23.0,1.8,0.0,-2.586862691,1.071513611,0.0,1016.9,55.0,0.0,21.63,0,0.06808685,0.997679398,0.5,0.866025404,-0.258819045,0.965925826,2023-01-04,260.52221999999995,218.8603938230899
13391.0,2023.0,1.0,4.0,23.5,2.1,0.0,-2.893431346,0.535756806,0.0,1016.9,50.5,0.0,21.51,0,0.068444643,0.997654916,0.5,0.866025404,-0.130526192,0.991444861,2023-01-04,260.52221999999995,218.8603938230899
13392.0,2023.0,1.0,5.0,0.0,2.4,0.0,-3.2,3.92e-16,0.0,1016.9,46.0,0.0,17.68,0,0.068802427,0.997630305,0.5,0.866025404,-2.4503e-16,1.0,2023-01-05,0.0,0.0
13393.0,2023.0,1.0,5.0,0.5,1.9,0.0,-2.65,3.25e-16,0.0,1017.05,47.5,0.0,20.0,0,0.069160202,0.997605567,0.5,0.866025404,0.130526192,0.991444861,2023-01-05,0.0,0.0
13394.0,2023.0,1.0,5.0,1.0,1.4,0.0,-2.1,2.57e-16,0.0,1017.2,49.0,0.0,20.0,0,0.069517968,0.9975807,0.5,0.866025404,0.258819045,0.965925826,2023-01-05,0.0,0.0
13395.0,2023.0,1.0,5.0,1.5,0.7,0.0,-2.020073509,-0.401817604,0.0,1017.45,53.5,0.0,17.65,0,0.069875725,0.997555704,0.5,0.866025404,0.382683432,0.923879533,2023-01-05,0.0,0.0
13396.0,2023.0,1.0,5.0,2.0,0.0,0.0,-1.940147018,-0.803635208,0.0,1017.7,58.0,0.0,17.67,0,0.070233473,0.997530581,0.5,0.866025404,0.5,0.866025404,2023-01-05,0.0,0.0
13397.0,2023.0,1.0,5.0,2.5,0.1,0.0,-2.620073509,-0.401817604,0.0,1017.7,58.0,0.0,15.0,0,0.070591213,0.997505329,0.5,0.866025404,0.608761429,0.79335334,2023-01-05,0.0,0.0
13398.0,2023.0,1.0,5.0,3.0,0.2,0.0,-3.3,4.04e-16,0.0,1017.7,58.0,0.0,11.73,0,0.070948943,0.997479948,0.5,0.866025404,0.707106781,0.707106781,2023-01-05,0.0,0.0
13399.0,2023.0,1.0,5.0,3.5,0.45,0.0,-3.3,4.04e-16,0.0,1017.8,57.0,0.0,11.73,0,0.071306664,0.99745444,0.5,0.866025404,0.79335334,0.608761429,2023-01-05,0.0,0.0
13400.0,2023.0,1.0,5.0,4.0,0.7,0.0,-3.3,4.04e-16,0.0,1017.9,56.0,0.0,12.1,0,0.071664375,0.997428803,0.5,0.866025404,0.866025404,0.5,2023-01-05,0.0,0.0
13401.0,2023.0,1.0,5.0,4.5,0.4,0.0,-3.25,3.98e-16,0.0,1018.0,56.5,0.0,11.73,0,0.072022078,0.997403038,0.5,0.866025404,0.923879533,0.382683432,2023-01-05,0.0,0.0
13402.0,2023.0,1.0,5.0,5.0,0.1,0.0,-3.2,3.92e-16,0.0,1018.1,57.0,0.0,15.01,0,0.072379771,0.997377145,0.5,0.866025404,0.965925826,0.258819045,2023-01-05,0.0,0.0
13403.0,2023.0,1.0,5.0,5.5,0.2,0.0,-2.75,3.37e-16,0.0,1018.3,56.0,0.0,18.0,0,0.072737455,0.997351123,0.5,0.866025404,0.991444861,0.130526192,2023-01-05,0.0,0.0
13404.0,2023.0,1.0,5.0,6.0,0.3,0.0,-2.3,2.82e-16,0.0,1018.5,55.0,0.0,19.85,0,0.07309513,0.997324973,0.5,0.866025404,1.0,6.12574e-17,2023-01-05,0.0,0.0
13405.0,2023.0,1.0,5.0,6.5,-0.5,0.0,-2.073879533,0.382683433,0.0,1018.95,58.5,0.0,21.35,0,0.073452795,0.997298695,0.5,0.866025404,0.991444861,-0.130526192,2023-01-05,0.0,0.0
13406.0,2023.0,1.0,5.0,7.0,-1.3,0.0,-1.847759065,0.765366865,0.0,1019.4,62.0,0.0,22.3,0,0.073810451,0.997272288,0.5,0.866025404,0.965925826,-0.258819045,2023-01-05,0.0,0.0
13407.0,2023.0,1.0,5.0,7.5,0.35,0.0,-1.973879533,0.382683433,38.88888889,1019.4,57.0,0.08066147,25.37,0,0.074168097,0.997245754,0.5,0.866025404,0.923879533,-0.382683432,2023-01-05,0.0,2.0463814939000002
13408.0,2023.0,1.0,5.0,8.0,2.0,0.0,-2.1,2.57e-16,77.77777778,1019.4,52.0,0.149281497,25.83,0,0.074525734,0.997219091,0.5,0.866025404,0.866025404,-0.5,2023-01-05,5.9409,5.90232256141
13409.0,2023.0,1.0,5.0,8.5,3.55,0.0,-3.1,3.8e-16,159.7222222,1019.45,46.5,0.330080678,23.09,0,0.074883361,0.9971923,0.5,0.866025404,0.79335334,-0.608761429,2023-01-05,13.5606,13.523885416430002
13410.0,2023.0,1.0,5.0,9.0,5.1,0.0,-4.1,5.02e-16,241.6666667,1019.5,41.0,0.468341058,22.3,0,0.075240979,0.99716538,0.5,0.866025404,0.707106781,-0.707106781,2023-01-05,23.997,23.96789100983
13411.0,2023.0,1.0,5.0,9.5,6.0,0.0,-4.128728948,0.861037723,316.6666667,1019.35,37.5,0.684378259,21.74,0,0.075598587,0.997138332,0.5,0.866025404,0.608761429,-0.79335334,2023-01-05,38.86716,38.84627436049
13412.0,2023.0,1.0,5.0,10.0,6.9,0.0,-4.157457896,1.722075446,391.6666667,1019.2,34.0,0.777696447,19.08,0,0.075956185,0.997111156,0.5,0.866025404,0.5,-0.866025404,2023-01-05,38.86716,53.68472256925
13413.0,2023.0,1.0,5.0,10.5,7.2,0.0,-5.081337429,2.104758878,441.6666667,1018.95,32.0,0.981451707,21.3,0,0.076313773,0.997083852,0.5,0.866025404,0.382683432,-0.923879533,2023-01-05,76.33386,74.58964392835
13414.0,2023.0,1.0,5.0,11.0,7.5,0.0,-6.005216961,2.48744231,491.6666667,1018.7,30.0,1.027606829,19.01,0,0.076671352,0.99705642,0.5,0.866025404,0.258819045,-0.965925826,2023-01-05,95.87614,94.12444974764
13415.0,2023.0,1.0,5.0,11.5,8.15,0.0,-5.173725382,2.143027221,513.8888889,1018.15,28.5,0.983481083,18.32,0,0.07702892,0.997028859,0.5,0.866025404,0.130526192,-0.991444861,2023-01-05,113.17022,112.1418231882
13416.0,2023.0,1.0,5.0,12.0,8.8,0.0,-4.342233803,1.798612132,536.1111111,1017.6,27.0,1.029094995,17.07,0,0.077386479,0.99700117,0.5,0.866025404,1.22515e-16,-1.0,2023-01-05,113.17022,129.70847475284998
13417.0,2023.0,1.0,5.0,12.5,9.3,0.0,-4.757979593,1.970819677,527.7777778,1017.3,26.0,1.029075401,13.35,0,0.077744028,0.996973353,0.5,0.866025404,-0.130526192,-0.991444861,2023-01-05,113.17022,143.4466313562
13418.0,2023.0,1.0,5.0,13.0,9.8,0.0,-5.173725382,2.143027221,519.4444444,1017.0,25.0,0.889672856,13.05,0,0.078101567,0.996945407,0.5,0.866025404,-0.258819045,-0.965925826,2023-01-05,113.17022,155.056862127
13419.0,2023.0,1.0,5.0,13.5,9.45,0.0,-4.711785616,1.951685505,481.9444444,1016.8,24.5,1.013347185,17.62,0,0.078459096,0.996917334,0.5,0.866025404,-0.382683432,-0.923879533,2023-01-05,113.17022,172.9120395267
13420.0,2023.0,1.0,5.0,14.0,9.1,0.0,-4.24984585,1.760343789,444.4444444,1016.6,24.0,0.867759151,20.0,0,0.078816614,0.996889132,0.5,0.866025404,-0.5,-0.866025404,2023-01-05,130.57022,190.2672225467
13421.0,2023.0,1.0,5.0,14.5,8.85,0.0,-4.52700971,1.875148819,384.7222222,1016.7,24.0,0.737390707,20.0,0,0.079174123,0.996860802,0.5,0.866025404,-0.608761429,-0.79335334,2023-01-05,145.31022000000002,205.0150366867
13422.0,2023.0,1.0,5.0,15.0,8.6,0.0,-4.804173569,1.989953848,325.0,1016.8,24.0,0.670496139,20.0,0,0.079531621,0.996832344,0.5,0.866025404,-0.707106781,-0.707106781,2023-01-05,158.67022000000003,218.4249594667
13423.0,2023.0,1.0,5.0,15.5,7.95,0.0,-4.711785616,1.951685505,244.4444445,1017.0,26.0,0.507581581,20.0,0,0.07988911,0.996803757,0.5,0.866025404,-0.79335334,-0.608761429,2023-01-05,168.83022000000003,228.57659108669998
13424.0,2023.0,1.0,5.0,16.0,7.3,0.0,-4.619397663,1.913417162,163.8888889,1017.2,28.0,0.363563805,21.74,0,0.080246587,0.996775042,0.5,0.866025404,-0.866025404,-0.5,2023-01-05,176.74358000000004,236.48046820739998
13425.0,2023.0,1.0,5.0,16.5,6.7,0.0,-4.006755107,2.653764856,93.05555556,1017.4,30.0,0.187129902,23.07,0,0.080604055,0.9967462,0.5,0.866025404,-0.923879533,-0.382683432,2023-01-05,181.05767000000003,240.79755504653997
13426.0,2023.0,1.0,5.0,17.0,6.1,0.0,-3.39411255,3.39411255,22.22222222,1017.6,32.0,0.041421915,24.41,0,0.080961512,0.996717228,0.5,0.866025404,-0.965925826,-0.258819045,2023-01-05,182.05848000000003,241.80866399168997
13427.0,2023.0,1.0,5.0,17.5,5.55,0.0,-3.082875574,2.271081424,11.11111111,1018.0,34.0,0.020882349,26.34,0,0.081318959,0.996688129,0.5,0.866025404,-0.991444861,-0.130526192,2023-01-05,235.29162000000002,242.35870506434998
13428.0,2023.0,1.0,5.0,18.0,5.0,0.0,-2.771638598,1.148050297,0.0,1018.4,36.0,0.0,26.68,0,0.081676395,0.996658902,0.5,0.866025404,-1.0,-1.83772e-16,2023-01-05,288.65162000000004,242.35870506434998
13429.0,2023.0,1.0,5.0,18.5,4.9,0.0,-3.233578364,1.339392013,0.0,1018.45,35.5,0.0,25.95,0,0.082033821,0.996629546,0.5,0.866025404,-0.991444861,0.130526192,2023-01-05,288.65162000000004,242.35870506434998
13430.0,2023.0,1.0,5.0,19.0,4.8,0.0,-3.69551813,1.530733729,0.0,1018.5,35.0,0.0,25.0,0,0.082391236,0.996600062,0.5,0.866025404,-0.965925826,0.258819045,2023-01-05,288.65162000000004,242.35870506434998
13431.0,2023.0,1.0,5.0,19.5,4.65,0.0,-3.094996434,1.281989498,0.0,1018.55,36.5,0.0,24.41,0,0.082748641,0.99657045,0.5,0.866025404,-0.923879533,0.382683432,2023-01-05,288.65162000000004,242.35870506434998
13432.0,2023.0,1.0,5.0,20.0,4.5,0.0,-2.494474738,1.033245267,0.0,1018.6,38.0,0.0,24.1,0,0.083106035,0.99654071,0.5,0.866025404,-0.866025404,0.5,2023-01-05,288.65162000000004,242.35870506434998
13433.0,2023.0,1.0,5.0,20.5,3.75,0.0,-1.649054973,1.486696143,0.0,1018.85,41.5,0.0,23.01,0,0.083463418,0.996510842,0.5,0.866025404,-0.79335334,0.608761429,2023-01-05,288.65162000000004,242.35870506434998
13434.0,2023.0,1.0,5.0,21.0,3.0,0.0,-0.803635208,1.940147018,0.0,1019.1,45.0,0.0,21.86,0,0.083820791,0.996480845,0.5,0.866025404,-0.707106781,0.707106781,2023-01-05,288.65162000000004,242.35870506434998
13435.0,2023.0,1.0,5.0,21.5,2.0,0.0,-0.746232693,1.801565088,0.0,1019.25,48.5,0.0,21.95,0,0.084178153,0.996450721,0.5,0.866025404,-0.608761429,0.79335334,2023-01-05,288.65162000000004,242.35870506434998
13436.0,2023.0,1.0,5.0,22.0,1.0,0.0,-0.688830178,1.662983159,0.0,1019.4,52.0,0.0,21.29,0,0.084535504,0.996420468,0.5,0.866025404,-0.5,0.866025404,2023-01-05,288.65162000000004,242.35870506434998
13437.0,2023.0,1.0,5.0,22.5,0.35,0.0,-0.627257802,1.114334292,0.0,1019.25,56.0,0.0,21.86,0,0.084892844,0.996390087,0.5,0.866025404,-0.382683432,0.923879533,2023-01-05,288.65162000000004,242.35870506434998
13438.0,2023.0,1.0,5.0,23.0,-0.3,0.0,-0.565685425,0.565685425,0.0,1019.1,60.0,0.0,21.86,0,0.085250173,0.996359578,0.5,0.866025404,-0.258819045,0.965925826,2023-01-05,288.65162000000004,242.35870506434998
13439.0,2023.0,1.0,5.0,23.5,-1.15,0.0,-0.282842713,-0.117157288,0.0,1018.95,64.0,0.0,21.74,0,0.085607492,0.99632894,0.5,0.866025404,-0.130526192,0.991444861,2023-01-05,288.65162000000004,242.35870506434998
13440.0,2023.0,1.0,6.0,0.0,-2.0,0.0,-1.47e-16,-0.8,0.0,1018.8,68.0,0.0,19.0,0,0.085964799,0.996298175,0.5,0.866025404,-2.4503e-16,1.0,2023-01-06,0.0,0.0
13441.0,2023.0,1.0,6.0,0.5,-2.3,0.0,0.212132034,-0.612132035,0.0,1018.6,69.5,0.0,21.69,0,0.086322095,0.996267281,0.5,0.866025404,0.130526192,0.991444861,2023-01-06,0.0,0.0
13442.0,2023.0,1.0,6.0,1.0,-2.6,0.0,0.424264069,-0.424264069,0.0,1018.4,71.0,0.0,20.72,0,0.08667938,0.99623626,0.5,0.866025404,0.258819045,0.965925826,2023-01-06,0.0,0.0
13443.0,2023.0,1.0,6.0,1.5,-2.9,0.0,-0.055746368,0.434583639,0.0,1018.3,74.0,0.0,20.45,0,0.087036654,0.99620511,0.5,0.866025404,0.382683432,0.923879533,2023-01-06,0.0,0.0
13444.0,2023.0,1.0,6.0,2.0,-3.2,0.0,-0.535756805,1.293431346,0.0,1018.2,77.0,0.0,18.82,0,0.087393917,0.996173832,0.5,0.866025404,0.5,0.866025404,2023-01-06,0.0,0.0
13445.0,2023.0,1.0,6.0,2.5,-3.45,0.0,-0.267878403,0.096715673,0.0,1018.2,77.5,0.0,18.77,0,0.087751168,0.996142426,0.5,0.866025404,0.608761429,0.79335334,2023-01-06,0.0,0.0
13446.0,2023.0,1.0,6.0,3.0,-3.7,0.0,-2.02e-16,-1.1,0.0,1018.2,78.0,0.0,20.0,0,0.088108408,0.996110892,0.5,0.866025404,0.707106781,0.707106781,2023-01-06,0.0,0.0
13447.0,2023.0,1.0,6.0,3.5,-3.75,0.0,-0.459619408,-1.009619408,0.0,1018.1,80.0,0.0,20.81,0,0.088465637,0.996079229,0.5,0.866025404,0.79335334,0.608761429,2023-01-06,0.0,0.0
13448.0,2023.0,1.0,6.0,4.0,-3.8,0.0,-0.919238816,-0.919238816,0.0,1018.0,82.0,0.0,21.29,0,0.088822855,0.996047439,0.5,0.866025404,0.866025404,0.5,2023-01-06,0.0,0.0
13449.0,2023.0,1.0,6.0,4.5,-4.0,0.0,-0.109619408,-0.459619408,0.0,1018.1,82.5,0.0,21.29,0,0.089180061,0.99601552,0.5,0.866025404,0.923879533,0.382683432,2023-01-06,0.0,0.0
13450.0,2023.0,1.0,6.0,5.0,-4.2,0.0,0.7,0.0,0.0,1018.2,83.0,0.0,21.24,0,0.089537255,0.995983474,0.5,0.866025404,0.965925826,0.258819045,2023-01-06,0.0,0.0
13451.0,2023.0,1.0,6.0,5.5,-4.35,0.0,0.137867965,0.212132035,0.0,1018.4,84.0,0.0,21.29,0,0.089894439,0.995951299,0.5,0.866025404,0.991444861,0.130526192,2023-01-06,0.0,0.0
13452.0,2023.0,1.0,6.0,6.0,-4.5,0.0,-0.424264069,0.424264069,0.0,1018.6,85.0,0.0,21.24,0,0.09025161,0.995918996,0.5,0.866025404,1.0,6.12574e-17,2023-01-06,0.0,0.0
13453.0,2023.0,1.0,6.0,6.5,-4.55,0.0,-0.530330086,0.530330086,0.0,1018.75,86.5,0.0,19.98,0,0.09060877,0.995886565,0.5,0.866025404,0.991444861,-0.130526192,2023-01-06,0.0,0.0
13454.0,2023.0,1.0,6.0,7.0,-4.6,0.0,-0.636396103,0.636396103,0.0,1018.9,88.0,0.0,22.3,0,0.090965918,0.995854006,0.5,0.866025404,0.965925826,-0.258819045,2023-01-06,0.0,0.0
13455.0,2023.0,1.0,6.0,7.5,-3.4,0.0,-0.318198051,0.918198052,31.94444445,1019.15,84.5,0.06564817,23.7,0,0.091323055,0.995821319,0.5,0.866025404,0.923879533,-0.382683432,2023-01-06,0.0,1.555861629
13456.0,2023.0,1.0,6.0,8.0,-2.2,0.0,7.35e-17,1.2,63.88888889,1019.4,81.0,0.11920352,24.56,0,0.09168018,0.995788504,0.5,0.866025404,0.866025404,-0.5,2023-01-06,0.0,4.4835000802
13457.0,2023.0,1.0,6.0,8.5,-0.25,0.0,-0.2,0.6,147.2222222,1019.55,71.5,0.305242296,24.9,0,0.092037293,0.995755561,0.5,0.866025404,0.79335334,-0.608761429,2023-01-06,0.0,12.084033250600001
13458.0,2023.0,1.0,6.0,9.0,1.7,0.0,-0.4,4.9e-17,230.5555556,1019.7,62.0,0.471987091,24.96,0,0.092394394,0.995722489,0.5,0.866025404,0.707106781,-0.707106781,2023-01-06,24.01152,23.864831041960002
13459.0,2023.0,1.0,6.0,9.5,3.25,0.0,0.261939766,0.191341716,290.2777778,1019.7,55.0,0.585558481,23.56,0,0.092751483,0.99568929,0.5,0.866025404,0.608761429,-0.79335334,2023-01-06,37.817679999999996,37.66058885432
13460.0,2023.0,1.0,6.0,10.0,4.8,0.0,0.923879533,0.382683432,350.0,1019.7,48.0,0.735299092,21.95,0,0.093108561,0.995655963,0.5,0.866025404,0.5,-0.866025404,2023-01-06,37.817679999999996,53.80040392372
13461.0,2023.0,1.0,6.0,10.5,6.0,0.0,0.461939767,0.991341716,409.7222222,1019.1,44.5,0.876381731,23.26,0,0.093465626,0.995622507,0.5,0.866025404,0.382683432,-0.923879533,2023-01-06,75.28953999999999,74.18504298678
13462.0,2023.0,1.0,6.0,11.0,7.2,0.0,9.8e-17,1.6,469.4444444,1018.5,41.0,0.777324426,21.31,0,0.093822679,0.995588924,0.5,0.866025404,0.258819045,-0.965925826,2023-01-06,91.84741,90.74982650484
13463.0,2023.0,1.0,6.0,11.5,7.55,0.0,-9.8e-17,0.0,495.8333333,1018.0,40.0,0.992170384,21.24,0,0.094179721,0.995555212,0.5,0.866025404,0.130526192,-0.991444861,2023-01-06,93.14305,111.823525461
13464.0,2023.0,1.0,6.0,12.0,7.9,0.0,-2.94e-16,-1.6,522.2222222,1017.5,39.0,1.058887637,18.0,0,0.09453675,0.995521372,0.5,0.866025404,1.22515e-16,-1.0,2023-01-06,93.14305,130.883502927
13465.0,2023.0,1.0,6.0,12.5,8.4,0.0,-0.363549261,0.077685556,508.3333333,1017.05,37.0,0.931106839,16.5,0,0.094893767,0.995487405,0.5,0.866025404,-0.130526192,-0.991444861,2023-01-06,93.14305,146.2467657705
13466.0,2023.0,1.0,6.0,13.0,8.9,0.0,-0.727098521,1.755371112,494.4444444,1016.6,35.0,1.079184934,16.34,0,0.095250772,0.995453309,0.5,0.866025404,-0.258819045,-0.965925826,2023-01-06,93.14305,163.88064759206
13467.0,2023.0,1.0,6.0,13.5,8.9,0.0,-0.151417226,1.089817591,443.0555556,1016.15,35.0,0.941883067,21.29,0,0.095607764,0.995419085,0.5,0.866025404,-0.382683432,-0.923879533,2023-01-06,113.19823,183.93333808849
13468.0,2023.0,1.0,6.0,14.0,8.9,0.0,0.424264069,0.424264069,391.6666667,1015.7,35.0,0.817060544,21.86,0,0.095964745,0.995384734,0.5,0.866025404,-0.5,-0.866025404,2023-01-06,131.05785,201.79428158033
13469.0,2023.0,1.0,6.0,14.5,8.85,0.0,0.212132035,1.012132035,316.6666667,1015.5,35.0,0.679813335,21.86,0,0.096321713,0.995350254,0.5,0.866025404,-0.608761429,-0.79335334,2023-01-06,145.92265,216.65500108343
13470.0,2023.0,1.0,6.0,15.0,8.8,0.0,9.8e-17,1.6,241.6666667,1015.3,35.0,0.491907404,23.26,0,0.096678668,0.995315646,0.5,0.866025404,-0.707106781,-0.707106781,2023-01-06,172.60187000000002,228.09676730047
13471.0,2023.0,1.0,6.0,15.5,8.35,0.0,0.323357837,0.666060799,190.2777778,1015.3,37.0,0.396570418,23.01,0,0.097035611,0.99528091,0.5,0.866025404,-0.79335334,-0.608761429,2023-01-06,172.60187000000002,237.22185261865
13472.0,2023.0,1.0,6.0,16.0,7.9,0.0,0.646715673,-0.267878403,138.8888889,1015.3,39.0,0.258225728,23.01,0,0.097392542,0.995246046,0.5,0.866025404,-0.866025404,-0.5,2023-01-06,172.60187000000002,243.16362661993
13473.0,2023.0,1.0,6.0,16.5,6.3,0.0,0.970073509,-0.401817604,76.3888889,1015.35,46.0,0.156991079,24.7,0,0.09774946,0.995211055,0.5,0.866025404,-0.923879533,-0.382683432,2023-01-06,176.47977000000003,247.04130627123
13474.0,2023.0,1.0,6.0,17.0,4.7,0.0,1.293431346,-0.535756805,13.88888889,1015.4,53.0,0.026812672,26.0,0,0.098106366,0.995175935,0.5,0.866025404,-0.965925826,-0.258819045,2023-01-06,177.23377000000002,247.73843574323
13475.0,2023.0,1.0,6.0,17.5,4.45,0.0,1.196715673,-0.267878403,6.944444445,1015.45,54.5,0.014894482,26.0,0,0.098463258,0.995140687,0.5,0.866025404,-0.991444861,-0.130526192,2023-01-06,177.70177,248.12569227523002
13476.0,2023.0,1.0,6.0,18.0,4.2,0.0,1.1,0.0,0.0,1015.5,56.0,0.0,26.34,0,0.098820139,0.995105311,0.5,0.866025404,-1.0,-1.83772e-16,2023-01-06,230.38177000000002,248.12569227523002
13477.0,2023.0,1.0,6.0,18.5,3.8,0.0,1.150521696,-0.248744231,0.0,1015.45,58.5,0.0,26.0,0,0.099177006,0.995069807,0.5,0.866025404,-0.991444861,0.130526192,2023-01-06,282.25177,248.12569227523002
13478.0,2023.0,1.0,6.0,19.0,3.4,0.0,1.201043392,-0.497488462,0.0,1015.4,61.0,0.0,25.99,0,0.099533861,0.995034176,0.5,0.866025404,-0.965925826,0.258819045,2023-01-06,282.25177,248.12569227523002
13479.0,2023.0,1.0,6.0,19.5,3.15,0.0,1.150521696,-0.248744231,0.0,1015.25,64.0,0.0,25.67,0,0.099890703,0.994998416,0.5,0.866025404,-0.923879533,0.382683432,2023-01-06,282.25177,248.12569227523002
13480.0,2023.0,1.0,6.0,20.0,2.9,0.0,1.1,0.0,0.0,1015.1,67.0,0.0,25.05,0,0.100247532,0.994962528,0.5,0.866025404,-0.866025404,0.5,2023-01-06,282.25177,248.12569227523002
13481.0,2023.0,1.0,6.0,20.5,3.1,0.0,0.797487374,0.247487374,0.0,1015.25,68.5,0.0,24.54,0,0.100604349,0.994926512,0.5,0.866025404,-0.79335334,0.608761429,2023-01-06,282.25177,248.12569227523002
13482.0,2023.0,1.0,6.0,21.0,3.3,0.0,0.494974747,0.494974747,0.0,1015.4,70.0,0.0,23.0,0,0.100961152,0.994890369,0.5,0.866025404,-0.707106781,0.707106781,2023-01-06,282.25177,248.12569227523002
13483.0,2023.0,1.0,6.0,21.5,3.25,0.0,0.524651234,0.362292403,0.0,1015.0,71.5,0.0,23.58,0,0.101317942,0.994854097,0.5,0.866025404,-0.608761429,0.79335334,2023-01-06,282.25177,248.12569227523002
13484.0,2023.0,1.0,6.0,22.0,3.2,0.0,0.55432772,0.229610059,0.0,1014.6,73.0,0.0,23.05,0,0.101674719,0.994817698,0.5,0.866025404,-0.5,0.866025404,2023-01-06,282.25177,248.12569227523002
13485.0,2023.0,1.0,6.0,22.5,3.3,0.0,0.970073509,0.401817604,0.0,1014.5,68.5,0.0,22.05,0,0.102031484,0.99478117,0.5,0.866025404,-0.382683432,0.923879533,2023-01-06,282.25177,248.12569227523002
13486.0,2023.0,1.0,6.0,23.0,3.4,0.0,1.385819299,0.574025149,0.0,1014.4,64.0,0.0,21.74,0,0.102388235,0.994744515,0.5,0.866025404,-0.258819045,0.965925826,2023-01-06,282.25177,248.12569227523002
13487.0,2023.0,1.0,6.0,23.5,3.4,0.0,0.69290965,1.037012575,0.0,1014.05,62.0,0.0,18.0,0,0.102744973,0.994707731,0.5,0.866025404,-0.130526192,0.991444861,2023-01-06,282.25177,248.12569227523002
13488.0,2023.0,1.0,7.0,0.0,3.4,0.0,9.19e-17,1.5,0.0,1013.7,60.0,0.0,17.63,0,0.103101697,0.99467082,0.5,0.866025404,-2.4503e-16,1.0,2023-01-07,0.0,0.0
13489.0,2023.0,1.0,7.0,0.5,3.0,0.0,-0.388908729,1.13890873,0.0,1013.5,63.5,0.0,22.5,0,0.103458409,0.994633781,0.5,0.866025404,0.130526192,0.991444861,2023-01-07,0.0,0.0
13490.0,2023.0,1.0,7.0,1.0,2.6,0.0,-0.777817459,0.777817459,0.0,1013.3,67.0,0.0,21.09,0,0.103815107,0.994596613,0.5,0.866025404,0.258819045,0.965925826,2023-01-07,0.0,0.0
13491.0,2023.0,1.0,7.0,1.5,2.6,0.0,0.0,0.777817459,0.0,1013.05,68.0,0.0,20.0,0,0.104171792,0.994559318,0.5,0.866025404,0.382683432,0.923879533,2023-01-07,0.0,0.0
13492.0,2023.0,1.0,7.0,2.0,2.6,0.0,0.777817459,0.777817459,0.0,1012.8,69.0,0.0,21.0,0,0.104528463,0.994521895,0.5,0.866025404,0.5,0.866025404,2023-01-07,0.0,0.0
13493.0,2023.0,1.0,7.0,2.5,2.65,0.0,0.88890873,0.38890873,0.0,1012.3,68.0,0.0,21.09,0,0.104885121,0.994484344,0.5,0.866025404,0.608761429,0.79335334,2023-01-07,0.0,0.0
13494.0,2023.0,1.0,7.0,3.0,2.7,0.0,1.0,0.0,0.0,1011.8,67.0,0.0,21.09,0,0.105241766,0.994446666,0.5,0.866025404,0.707106781,0.707106781,2023-01-07,0.0,0.0
13495.0,2023.0,1.0,7.0,3.5,2.7,0.0,1.008133743,-0.210475888,0.0,1011.6,69.0,0.0,21.09,0,0.105598397,0.994408859,0.5,0.866025404,0.79335334,0.608761429,2023-01-07,0.0,0.0
13496.0,2023.0,1.0,7.0,4.0,2.7,0.0,1.016267486,-0.420951776,0.0,1011.4,71.0,0.0,20.21,0,0.105955014,0.994370924,0.5,0.866025404,0.866025404,0.5,2023-01-07,0.0,0.0
13497.0,2023.0,1.0,7.0,4.5,2.45,0.0,0.0,0.0,0.0,1011.4,74.0,0.0,21.09,0,0.106311618,0.994332862,0.5,0.866025404,0.923879533,0.382683432,2023-01-07,0.0,0.0
13498.0,2023.0,1.0,7.0,5.0,2.2,0.0,-1.016267486,0.420951776,0.0,1011.4,77.0,0.0,21.09,0,0.106668208,0.994294671,0.5,0.866025404,0.965925826,0.258819045,2023-01-07,0.0,0.0
13499.0,2023.0,1.0,7.0,5.5,2.1,0.0,-0.932397812,0.634739957,0.0,1011.6,76.5,0.0,20.21,0,0.107024784,0.994256353,0.5,0.866025404,0.991444861,0.130526192,2023-01-07,0.0,0.0
13500.0,2023.0,1.0,7.0,6.0,2.0,0.0,-0.848528137,0.848528137,0.0,1011.8,76.0,0.0,19.73,0,0.107381347,0.994217907,0.5,0.866025404,1.0,6.12574e-17,2023-01-07,0.0,0.0
13501.0,2023.0,1.0,7.0,6.5,1.5,0.0,-0.74246212,0.74246212,0.0,1011.65,82.0,0.0,20.0,0,0.107737895,0.994179333,0.5,0.866025404,0.991444861,-0.130526192,2023-01-07,0.0,0.0
13502.0,2023.0,1.0,7.0,7.0,1.0,0.0,-0.636396103,0.636396103,0.0,1011.5,88.0,0.0,19.81,0,0.10809443,0.994140631,0.5,0.866025404,0.965925826,-0.258819045,2023-01-07,0.0,0.0
13503.0,2023.0,1.0,7.0,7.5,1.25,0.0,-0.826331795,0.52867394,9.72222222,1011.5,83.0,0.018705762,22.3,0,0.108450951,0.994101801,0.5,0.866025404,0.923879533,-0.382683432,2023-01-07,0.0,0.4171384926
13504.0,2023.0,1.0,7.0,8.0,1.5,0.0,-1.016267486,0.420951776,19.44444444,1011.5,78.0,0.041548675,23.01,0,0.108807458,0.994062844,0.5,0.866025404,0.866025404,-0.5,2023-01-07,1.40361,1.37317350435
13505.0,2023.0,1.0,7.0,8.5,2.05,0.0,-1.154849416,0.478354291,43.05555556,1011.5,75.5,0.082895943,22.74,0,0.109163951,0.994023758,0.5,0.866025404,0.79335334,-0.608761429,2023-01-07,1.40361,3.25822724817
13506.0,2023.0,1.0,7.0,9.0,2.6,0.0,-1.293431346,0.535756805,66.66666667,1011.5,73.0,0.126668126,22.3,0,0.10952043,0.993984545,0.5,0.866025404,0.707106781,-0.707106781,2023-01-07,1.40361,6.08292645797
13507.0,2023.0,1.0,7.0,9.5,3.25,0.0,-0.761520703,0.545042263,131.9444444,1011.35,70.0,0.246678962,22.78,0,0.109876895,0.993945204,0.5,0.866025404,0.608761429,-0.79335334,2023-01-07,11.814070000000001,11.70227321233
13508.0,2023.0,1.0,7.0,10.0,3.9,0.0,-0.229610059,0.55432772,197.2222222,1011.2,67.0,0.379430449,21.61,0,0.110233346,0.993905735,0.5,0.866025404,0.5,-0.866025404,2023-01-07,20.004260000000002,19.901765215220003
13509.0,2023.0,1.0,7.0,10.5,5.15,0.0,0.254746784,0.124090487,258.3333333,1010.6,65.5,0.49002198,21.09,0,0.110589783,0.993866138,0.5,0.866025404,0.382683432,-0.923879533,2023-01-07,20.004260000000002,30.236328773420006
13510.0,2023.0,1.0,7.0,11.0,6.4,0.0,0.739103626,-0.306146746,319.4444444,1010.0,64.0,0.627773598,19.97,0,0.110946205,0.993826413,0.5,0.866025404,0.258819045,-0.965925826,2023-01-07,20.004260000000002,42.772967525480006
13511.0,2023.0,1.0,7.0,11.5,7.25,0.0,0.015998422,-0.506626764,397.2222222,1009.55,59.5,0.854088308,21.3,0,0.111302613,0.993786561,0.5,0.866025404,0.130526192,-0.991444861,2023-01-07,62.00786,60.965048485880004
13512.0,2023.0,1.0,7.0,12.0,8.1,0.0,-0.707106781,-0.707106781,475.0,1009.1,55.0,0.979506095,19.83,0,0.111659007,0.99374658,0.5,0.866025404,1.22515e-16,-1.0,2023-01-07,79.69622,80.38865434973
13513.0,2023.0,1.0,7.0,12.5,8.6,0.0,-0.953553391,-0.35355339,481.9444445,1008.45,53.0,0.948947304,18.35,0,0.112015387,0.993706472,0.5,0.866025404,-0.130526192,-0.991444861,2023-01-07,79.69622,97.80183737813
13514.0,2023.0,1.0,7.0,13.0,9.1,0.0,-1.2,1.47e-16,488.8888889,1007.8,51.0,1.030061162,18.0,0,0.112371752,0.993666236,0.5,0.866025404,-0.258819045,-0.965925826,2023-01-07,79.69622,116.34293829413
13515.0,2023.0,1.0,7.0,13.5,9.3,0.0,-0.944415089,-0.83149158,461.1111111,1007.65,50.0,1.033013256,19.81,0,0.112728102,0.993625873,0.5,0.866025404,-0.382683432,-0.923879533,2023-01-07,79.69622,136.80693089548998
13516.0,2023.0,1.0,7.0,14.0,9.5,0.0,-0.688830178,-1.662983159,433.3333333,1007.5,49.0,0.899818705,19.81,0,0.113084438,0.993585381,0.5,0.866025404,-0.5,-0.866025404,2023-01-07,79.69622,154.63233944153998
13517.0,2023.0,1.0,7.0,14.5,9.1,0.0,0.256625675,-1.432532344,337.5,1007.6,52.0,0.663897538,20.45,0,0.11344076,0.993544762,0.5,0.866025404,-0.608761429,-0.79335334,2023-01-07,93.27502,168.20904409364
13518.0,2023.0,1.0,7.0,15.0,8.7,0.0,1.202081528,-1.202081528,241.6666667,1007.7,55.0,0.477171724,21.35,0,0.113797067,0.993504015,0.5,0.866025404,-0.707106781,-0.707106781,2023-01-07,121.24352,178.39666040103998
13519.0,2023.0,1.0,7.0,15.5,8.6,0.0,0.945455853,-1.432532344,195.8333334,1007.75,54.5,0.371395505,19.73,0,0.114153359,0.99346314,0.5,0.866025404,-0.79335334,-0.608761429,2023-01-07,121.24352,185.72429371469
13520.0,2023.0,1.0,7.0,16.0,8.5,0.0,0.688830178,-1.662983159,150.0,1007.8,54.0,0.301826871,19.73,0,0.114509637,0.993422137,0.5,0.866025404,-0.866025404,-0.5,2023-01-07,121.24352,191.67933787952
13521.0,2023.0,1.0,7.0,16.5,7.3,0.0,0.688830178,-1.662983159,84.72222222,1008.0,60.0,0.159550969,21.07,0,0.1148659,0.993381007,0.5,0.866025404,-0.923879533,-0.382683432,2023-01-07,121.24352,195.04107679635
13522.0,2023.0,1.0,7.0,17.0,6.1,0.0,0.688830178,-1.662983159,19.44444444,1008.2,66.0,0.040511211,22.3,0,0.115222148,0.993339749,0.5,0.866025404,-0.965925826,-0.258819045,2023-01-07,122.15782,195.94447680165
13523.0,2023.0,1.0,7.0,17.5,5.05,0.0,1.094415089,-0.83149158,9.72222222,1008.45,73.5,0.01880355,23.58,0,0.115578381,0.993298363,0.5,0.866025404,-0.991444861,-0.130526192,2023-01-07,122.60584,196.38786451065002
13524.0,2023.0,1.0,7.0,18.0,4.0,0.0,1.5,0.0,0.0,1008.7,81.0,0.0,24.26,0,0.1159346,0.993256849,0.5,0.866025404,-1.0,-1.83772e-16,2023-01-07,171.12584,196.38786451065002
13525.0,2023.0,1.0,7.0,18.5,3.2,0.0,1.315685425,0.565685425,0.0,1008.95,83.5,0.0,24.15,0,0.116290803,0.993215208,0.5,0.866025404,-0.991444861,0.130526192,2023-01-07,171.12584,196.38786451065002
13526.0,2023.0,1.0,7.0,19.0,2.4,0.0,1.13137085,1.13137085,0.0,1009.2,86.0,0.0,24.15,0,0.116646992,0.993173439,0.5,0.866025404,-0.965925826,0.258819045,2023-01-07,219.42584,196.38786451065002
13527.0,2023.0,1.0,7.0,19.5,1.95,0.0,1.060660172,1.060660172,0.0,1009.35,88.5,0.0,23.24,0,0.117003165,0.993131542,0.5,0.866025404,-0.923879533,0.382683432,2023-01-07,219.42584,196.38786451065002
13528.0,2023.0,1.0,7.0,20.0,1.5,0.0,0.989949494,0.989949494,0.0,1009.5,91.0,0.0,22.74,0,0.117359324,0.993089517,0.5,0.866025404,-0.866025404,0.5,2023-01-07,219.42584,196.38786451065002
13529.0,2023.0,1.0,7.0,20.5,1.2,0.0,0.494974747,0.244974747,0.0,1009.7,91.5,0.0,23.01,0,0.117715467,0.993047365,0.5,0.866025404,-0.79335334,0.608761429,2023-01-07,219.42584,196.38786451065002
13530.0,2023.0,1.0,7.0,21.0,0.9,0.0,-9.19e-17,-0.5,0.0,1009.9,92.0,0.0,23.5,0,0.118071596,0.993005085,0.5,0.866025404,-0.707106781,0.707106781,2023-01-07,219.42584,196.38786451065002
13531.0,2023.0,1.0,7.0,21.5,0.6,0.0,-9.19e-18,0.35,0.0,1010.05,92.5,0.0,22.93,0,0.118427709,0.992962677,0.5,0.866025404,-0.608761429,0.79335334,2023-01-07,219.42584,196.38786451065002
13532.0,2023.0,1.0,7.0,22.0,0.3,0.0,7.35e-17,1.2,0.0,1010.2,93.0,0.0,22.3,0,0.118783807,0.992920141,0.5,0.866025404,-0.5,0.866025404,2023-01-07,219.42584,196.38786451065002
13533.0,2023.0,1.0,7.0,22.5,-0.1,0.0,-0.494974747,1.094974747,0.0,1010.25,95.0,0.0,22.26,0,0.119139889,0.992877478,0.5,0.866025404,-0.382683432,0.923879533,2023-01-07,219.42584,196.38786451065002
13534.0,2023.0,1.0,7.0,23.0,-0.5,0.0,-0.989949494,0.989949494,0.0,1010.3,97.0,0.0,21.3,0,0.119495956,0.992834687,0.5,0.866025404,-0.258819045,0.965925826,2023-01-07,219.42584,196.38786451065002
13535.0,2023.0,1.0,7.0,23.5,-0.65,0.0,-1.326466326,0.839389836,0.0,1010.25,97.5,0.0,20.0,0,0.119852008,0.992791769,0.5,0.866025404,-0.130526192,0.991444861,2023-01-07,219.42584,196.38786451065002
13536.0,2023.0,1.0,8.0,0.0,-0.8,0.0,-1.662983159,0.688830178,0.0,1010.2,98.0,0.0,19.81,0,0.120208045,0.992748722,0.5,0.866025404,-2.4503e-16,1.0,2023-01-08,0.0,0.0
13537.0,2023.0,1.0,8.0,0.5,-0.8,0.0,-1.616789182,0.669696006,0.0,1010.45,97.5,0.0,23.14,0,0.120564066,0.992705548,0.5,0.866025404,0.130526192,0.991444861,2023-01-08,0.0,0.0
13538.0,2023.0,1.0,8.0,1.0,-0.8,0.0,-1.570595205,0.650561835,0.0,1010.7,97.0,0.0,21.61,0,0.120920071,0.992662247,0.5,0.866025404,0.258819045,0.965925826,2023-01-08,0.0,0.0
13539.0,2023.0,1.0,8.0,1.5,-1.4,0.0,-1.335297603,0.325280918,0.0,1010.95,96.0,0.0,21.35,0,0.121276061,0.992618818,0.5,0.866025404,0.382683432,0.923879533,2023-01-08,0.0,0.0
13540.0,2023.0,1.0,8.0,2.0,-2.0,0.0,-1.1,1.35e-16,0.0,1011.2,95.0,0.0,20.0,0,0.121632036,0.992575261,0.5,0.866025404,0.5,0.866025404,2023-01-08,0.0,0.0
13541.0,2023.0,1.0,8.0,2.5,-2.2,0.0,-1.1,1.35e-16,0.0,1011.4,97.0,0.0,20.0,0,0.121987995,0.992531576,0.5,0.866025404,0.608761429,0.79335334,2023-01-08,0.0,0.0
13542.0,2023.0,1.0,8.0,3.0,-2.4,0.0,-1.1,1.35e-16,0.0,1011.6,99.0,0.0,21.09,0,0.122343938,0.992487764,0.5,0.866025404,0.707106781,0.707106781,2023-01-08,0.0,0.0
13543.0,2023.0,1.0,8.0,3.5,-2.6,0.0,-1.080330086,-0.530330086,0.0,1011.85,97.5,0.0,21.09,0,0.122699865,0.992443824,0.5,0.866025404,0.79335334,0.608761429,2023-01-08,0.0,0.0
13544.0,2023.0,1.0,8.0,4.0,-2.8,0.0,-1.060660172,-1.060660172,0.0,1012.1,96.0,0.0,21.09,0,0.123055776,0.992399756,0.5,0.866025404,0.866025404,0.5,2023-01-08,0.0,0.0
13545.0,2023.0,1.0,8.0,4.5,-3.05,0.0,-1.580330086,-0.530330086,0.0,1012.4,96.0,0.0,20.0,0,0.123411672,0.992355561,0.5,0.866025404,0.923879533,0.382683432,2023-01-08,0.0,0.0
13546.0,2023.0,1.0,8.0,5.0,-3.3,0.0,-2.1,2.57e-16,0.0,1012.7,96.0,0.0,20.0,0,0.123767552,0.992311238,0.5,0.866025404,0.965925826,0.258819045,2023-01-08,0.0,0.0
13547.0,2023.0,1.0,8.0,5.5,-3.2,0.0,-1.558133743,0.210475888,0.0,1013.35,96.0,0.0,19.83,0,0.124123416,0.992266788,0.5,0.866025404,0.991444861,0.130526192,2023-01-08,0.0,0.0
13548.0,2023.0,1.0,8.0,6.0,-3.1,0.0,-1.016267486,0.420951776,0.0,1014.0,96.0,0.0,19.73,0,0.124479264,0.992222209,0.5,0.866025404,1.0,6.12574e-17,2023-01-08,0.0,0.0
13549.0,2023.0,1.0,8.0,6.5,-2.7,0.0,-1.073819168,0.776161313,0.0,1014.5,96.0,0.0,21.09,0,0.124835096,0.992177504,0.5,0.866025404,0.991444861,-0.130526192,2023-01-08,0.0,0.0
13550.0,2023.0,1.0,8.0,7.0,-2.3,0.0,-1.13137085,1.13137085,0.0,1015.0,96.0,0.0,20.0,0,0.125190912,0.99213267,0.5,0.866025404,0.965925826,-0.258819045,2023-01-08,0.0,0.0
13551.0,2023.0,1.0,8.0,7.5,-1.2,0.0,-1.449568902,1.449568902,34.72222222,1015.6,90.5,0.062286526,21.09,0,0.125546712,0.992087709,0.5,0.866025404,0.923879533,-0.382683432,2023-01-08,0.0,1.31362283334
13552.0,2023.0,1.0,8.0,8.0,-0.1,0.0,-1.767766953,1.767766953,69.44444444,1016.2,85.0,0.147222124,21.3,0,0.125902495,0.992042621,0.5,0.866025404,0.866025404,-0.5,2023-01-08,4.4517,4.44945407454
13553.0,2023.0,1.0,8.0,8.5,1.65,0.0,-1.170896051,1.576793126,147.2222222,1016.4,77.0,0.275590611,19.83,0,0.126258263,0.991997405,0.5,0.866025404,0.79335334,-0.608761429,2023-01-08,4.4517,9.91441589067
13554.0,2023.0,1.0,8.0,9.0,3.4,0.0,-0.574025149,1.385819299,225.0,1016.6,69.0,0.427604588,17.74,0,0.126614014,0.991952061,0.5,0.866025404,0.707106781,-0.707106781,2023-01-08,4.4517,17.50012128179
13555.0,2023.0,1.0,8.0,9.5,5.0,0.0,-0.612293492,1.478207252,298.6111111,1016.75,62.5,0.59631075,20.0,0,0.126969749,0.99190659,0.5,0.866025404,0.608761429,-0.79335334,2023-01-08,30.4517,29.42633628179
13556.0,2023.0,1.0,8.0,10.0,6.6,0.0,-0.650561835,1.570595205,372.2222222,1016.9,56.0,0.698366233,15.89,0,0.127325467,0.991860991,0.5,0.866025404,0.5,-0.866025404,2023-01-08,41.54292,40.523375724160005
13557.0,2023.0,1.0,8.0,10.5,7.6,0.0,-0.746232693,1.801565089,425.0,1016.8,51.5,0.867530718,12.0,0,0.12768117,0.991815265,0.5,0.866025404,0.382683432,-0.923879533,2023-01-08,51.958920000000006,50.933744340160004
13558.0,2023.0,1.0,8.0,11.0,8.6,0.0,-0.841903551,2.032534972,477.7777778,1016.7,47.0,1.049985151,7.62,0,0.128036855,0.991769411,0.5,0.866025404,0.258819045,-0.965925826,2023-01-08,59.95992000000001,58.93463119078
13559.0,2023.0,1.0,8.0,11.5,9.45,0.0,-1.067667449,0.748389084,500.0,1016.2,45.0,1.006987364,5.0,0,0.128392525,0.991723429,0.5,0.866025404,0.130526192,-0.991444861,2023-01-08,59.979920000000014,63.96956801078
13560.0,2023.0,1.0,8.0,12.0,10.3,0.0,-1.293431346,-0.535756805,522.2222222,1015.7,43.0,1.02413311,5.0,0,0.128748177,0.99167732,0.5,0.866025404,1.22515e-16,-1.0,2023-01-08,70.11492000000001,69.09023356078
13561.0,2023.0,1.0,8.0,12.5,10.7,0.0,-0.646715673,-1.267878403,513.8888889,1015.55,40.0,1.038671382,4.65,0,0.129103814,0.991631083,0.5,0.866025404,-0.130526192,-0.991444861,2023-01-08,70.11492000000001,73.92005548708
13562.0,2023.0,1.0,8.0,13.0,11.1,0.0,-3.68e-16,-2.0,505.5555556,1015.4,37.0,1.003914875,4.65,0,0.129459433,0.991584719,0.5,0.866025404,-0.258819045,-0.965925826,2023-01-08,72.57012000000002,78.58825965583
13563.0,2023.0,1.0,8.0,13.5,11.3,0.0,-0.600521696,-0.751255769,468.0555556,1015.3,36.5,0.905465142,0.42,0,0.129815036,0.991538227,0.5,0.866025404,-0.382683432,-0.923879533,2023-01-08,72.57012000000002,78.96855501547
13564.0,2023.0,1.0,8.0,14.0,11.5,0.0,-1.201043392,0.497488462,430.5555556,1015.2,36.0,0.890200311,1.0,0,0.130170623,0.991491608,0.5,0.866025404,-0.5,-0.866025404,2023-01-08,72.57012000000002,79.85875532647
13565.0,2023.0,1.0,8.0,14.5,11.45,0.0,-0.887534271,-0.444165418,370.8333334,1015.35,36.0,0.690108091,2.0,0,0.130526192,0.991444861,0.5,0.866025404,-0.608761429,-0.79335334,2023-01-08,72.57012000000002,81.23897150847
13566.0,2023.0,1.0,8.0,15.0,11.4,0.0,-0.574025149,-1.385819299,311.1111111,1015.5,36.0,0.602709457,12.1,0,0.130881745,0.991397987,0.5,0.866025404,-0.707106781,-0.707106781,2023-01-08,79.86642000000002,88.53175593817001
13567.0,2023.0,1.0,8.0,15.5,10.7,0.0,0.812987426,-0.69290965,233.3333334,1015.7,38.5,0.511501762,17.5,0,0.131237281,0.991350985,0.5,0.866025404,-0.79335334,-0.608761429,2023-01-08,88.82642000000001,97.48303677317
13568.0,2023.0,1.0,8.0,16.0,10.0,0.0,2.2,0.0,155.5555556,1015.9,41.0,0.28001031,20.42,0,0.1315928,0.991303856,0.5,0.866025404,-0.866025404,-0.5,2023-01-08,98.07668000000001,103.20084730337
13569.0,2023.0,1.0,8.0,16.5,8.85,0.0,2.0,0.0,88.88888891,1016.15,44.5,0.172546721,20.0,0,0.131948302,0.991256599,0.5,0.866025404,-0.923879533,-0.382683432,2023-01-08,98.07668000000001,106.65178172337
13570.0,2023.0,1.0,8.0,17.0,7.7,0.0,1.8,0.0,22.22222222,1016.4,48.0,0.044448327,21.72,0,0.132303787,0.991209215,0.5,0.866025404,-0.965925826,-0.258819045,2023-01-08,99.03236000000001,107.61719938581
13571.0,2023.0,1.0,8.0,17.5,6.75,0.0,1.5,0.0,11.11111111,1016.7,54.5,0.023520456,22.8,0,0.132659255,0.991161703,0.5,0.866025404,-0.991444861,-0.130526192,2023-01-08,99.57956000000001,108.15346578261
13572.0,2023.0,1.0,8.0,18.0,5.8,0.0,1.2,0.0,0.0,1017.0,61.0,0.0,24.03,0,0.133014707,0.991114064,0.5,0.866025404,-1.0,-1.83772e-16,2023-01-08,147.63956000000002,108.15346578261
13573.0,2023.0,1.0,8.0,18.5,5.8,0.0,1.15432772,0.22961006,0.0,1017.4,63.0,0.0,23.01,0,0.133370141,0.991066297,0.5,0.866025404,-0.991444861,0.130526192,2023-01-08,193.65956000000003,108.15346578261
13574.0,2023.0,1.0,8.0,19.0,5.8,0.0,1.108655439,0.459220119,0.0,1017.8,65.0,0.0,22.66,0,0.133725557,0.991018403,0.5,0.866025404,-0.965925826,0.258819045,2023-01-08,193.65956000000003,108.15346578261
13575.0,2023.0,1.0,8.0,19.5,6.3,0.0,1.524401229,0.631427664,0.0,1018.05,61.5,0.0,22.51,0,0.134080957,0.990970381,0.5,0.866025404,-0.923879533,0.382683432,2023-01-08,193.65956000000003,108.15346578261
13576.0,2023.0,1.0,8.0,20.0,6.8,0.0,1.940147018,0.803635208,0.0,1018.3,58.0,0.0,22.3,0,0.134436339,0.990922232,0.5,0.866025404,-0.866025404,0.5,2023-01-08,193.65956000000003,108.15346578261
13577.0,2023.0,1.0,8.0,20.5,6.7,0.0,1.641824951,1.073569046,0.0,1018.3,56.5,0.0,21.89,0,0.134791704,0.990873956,0.5,0.866025404,-0.79335334,0.608761429,2023-01-08,193.65956000000003,108.15346578261
13578.0,2023.0,1.0,8.0,21.0,6.6,0.0,1.343502884,1.343502884,0.0,1018.3,55.0,0.0,21.61,0,0.135147052,0.990825552,0.5,0.866025404,-0.707106781,0.707106781,2023-01-08,193.65956000000003,108.15346578261
13579.0,2023.0,1.0,8.0,21.5,5.75,0.0,1.364661092,0.958764017,0.0,1018.1,57.5,0.0,22.3,0,0.135502383,0.99077702,0.5,0.866025404,-0.608761429,0.79335334,2023-01-08,193.65956000000003,108.15346578261
13580.0,2023.0,1.0,8.0,22.0,4.9,0.0,1.385819299,0.574025149,0.0,1017.9,60.0,0.0,21.58,0,0.135857696,0.990728362,0.5,0.866025404,-0.5,0.866025404,2023-01-08,193.65956000000003,108.15346578261
13581.0,2023.0,1.0,8.0,22.5,5.1,0.0,1.258595075,0.852697999,0.0,1017.8,60.5,0.0,21.89,0,0.136212991,0.990679575,0.5,0.866025404,-0.382683432,0.923879533,2023-01-08,193.65956000000003,108.15346578261
13582.0,2023.0,1.0,8.0,23.0,5.3,0.0,1.13137085,1.13137085,0.0,1017.7,61.0,0.0,21.09,0,0.136568269,0.990630662,0.5,0.866025404,-0.258819045,0.965925826,2023-01-08,193.65956000000003,108.15346578261
13583.0,2023.0,1.0,8.0,23.5,4.8,0.0,1.202081528,1.202081528,0.0,1017.6,61.0,0.0,21.39,0,0.136923529,0.990581621,0.5,0.866025404,-0.130526192,0.991444861,2023-01-08,193.65956000000003,108.15346578261
13584.0,2023.0,1.0,9.0,0.0,4.3,0.0,1.272792206,1.272792206,0.0,1017.5,61.0,0.0,17.67,0,0.137278772,0.990532452,0.5,0.866025404,-2.4503e-16,1.0,2023-01-09,0.0,0.0
13585.0,2023.0,1.0,9.0,0.5,4.0,0.0,0.424264069,0.848528138,0.0,1017.3,64.5,0.0,21.24,0,0.137633997,0.990483156,0.5,0.866025404,0.130526192,0.991444861,2023-01-09,0.0,0.0
13586.0,2023.0,1.0,9.0,1.0,3.7,0.0,-0.424264069,0.424264069,0.0,1017.1,68.0,0.0,19.54,0,0.137989205,0.990433733,0.5,0.866025404,0.258819045,0.965925826,2023-01-09,0.0,0.0
13587.0,2023.0,1.0,9.0,1.5,2.3,0.0,-0.707106782,0.707106782,0.0,1017.05,73.5,0.0,18.0,0,0.138344394,0.990384182,0.5,0.866025404,0.382683432,0.923879533,2023-01-09,0.0,0.0
13588.0,2023.0,1.0,9.0,2.0,0.9,0.0,-0.989949494,0.989949494,0.0,1017.0,79.0,0.0,18.02,0,0.138699566,0.990334504,0.5,0.866025404,0.5,0.866025404,2023-01-09,0.0,0.0
13589.0,2023.0,1.0,9.0,2.5,0.9,0.0,-1.308147546,1.308147546,0.0,1017.05,79.0,0.0,19.54,0,0.13905472,0.990284699,0.5,0.866025404,0.608761429,0.79335334,2023-01-09,0.0,0.0
13590.0,2023.0,1.0,9.0,3.0,0.9,0.0,-1.626345597,1.626345597,0.0,1017.1,79.0,0.0,21.09,0,0.139409856,0.990234766,0.5,0.866025404,0.707106781,0.707106781,2023-01-09,0.0,0.0
13591.0,2023.0,1.0,9.0,3.5,0.95,0.0,-1.626345597,1.626345597,0.0,1016.85,78.0,0.0,20.0,0,0.139764975,0.990184706,0.5,0.866025404,0.79335334,0.608761429,2023-01-09,0.0,0.0
13592.0,2023.0,1.0,9.0,4.0,1.0,0.0,-1.626345597,1.626345597,0.0,1016.6,77.0,0.0,20.0,0,0.140120075,0.990134518,0.5,0.866025404,0.866025404,0.5,2023-01-09,0.0,0.0
13593.0,2023.0,1.0,9.0,4.5,0.35,0.0,-1.552276425,1.119319545,0.0,1016.5,80.5,0.0,21.5,0,0.140475157,0.990084204,0.5,0.866025404,0.923879533,0.382683432,2023-01-09,0.0,0.0
13594.0,2023.0,1.0,9.0,5.0,-0.3,0.0,-1.478207252,0.612293492,0.0,1016.4,84.0,0.0,21.5,0,0.140830221,0.990033761,0.5,0.866025404,0.965925826,0.258819045,2023-01-09,0.0,0.0
13595.0,2023.0,1.0,9.0,5.5,-0.55,0.0,-1.432013276,0.593159321,0.0,1016.5,85.0,0.0,20.0,0,0.141185267,0.989983192,0.5,0.866025404,0.991444861,0.130526192,2023-01-09,0.0,0.0
13596.0,2023.0,1.0,9.0,6.0,-0.8,0.0,-1.385819299,0.574025149,0.0,1016.6,86.0,0.0,18.39,0,0.141540295,0.989932495,0.5,0.866025404,1.0,6.12574e-17,2023-01-09,0.0,0.0
13597.0,2023.0,1.0,9.0,6.5,-0.9,0.0,-1.432013276,0.593159321,0.0,1016.75,87.5,0.0,19.79,0,0.141895305,0.989881671,0.5,0.866025404,0.991444861,-0.130526192,2023-01-09,0.0,0.0
13598.0,2023.0,1.0,9.0,7.0,-1.0,0.0,-1.478207252,0.612293492,0.0,1016.9,89.0,0.0,22.3,0,0.142250296,0.989830719,0.5,0.866025404,0.965925826,-0.258819045,2023-01-09,0.0,0.0
13599.0,2023.0,1.0,9.0,7.5,0.1,0.0,-1.239103626,0.306146746,34.72222222,1016.9,84.0,0.070118393,24.03,0,0.142605269,0.989779641,0.5,0.866025404,0.923879533,-0.382683432,2023-01-09,0.0,1.6849449837900001
13600.0,2023.0,1.0,9.0,8.0,1.2,0.0,-1.0,1.23e-16,69.44444444,1016.9,79.0,0.147566683,25.43,0,0.142960224,0.989728435,0.5,0.866025404,0.866025404,-0.5,2023-01-09,5.54374,5.43756573248
13601.0,2023.0,1.0,9.0,8.5,2.9,0.0,-1.1,1.35e-16,148.6111111,1016.75,72.5,0.291073433,24.99,0,0.143315161,0.989677101,0.5,0.866025404,0.79335334,-0.608761429,2023-01-09,12.815829999999998,12.711490823150001
13602.0,2023.0,1.0,9.0,9.0,4.6,0.0,-1.2,1.47e-16,227.7777778,1016.6,66.0,0.444154696,23.36,0,0.143670079,0.989625641,0.5,0.866025404,0.707106781,-0.707106781,2023-01-09,23.187669999999997,23.086944521710002
13603.0,2023.0,1.0,9.0,9.5,6.15,0.0,-1.662461463,0.440085947,301.3888889,1016.4,60.0,0.561517531,21.89,0,0.144024978,0.989574053,0.5,0.866025404,0.608761429,-0.79335334,2023-01-09,35.48985,35.3785632753
13604.0,2023.0,1.0,9.0,10.0,7.7,0.0,-2.124922925,0.880171894,375.0,1016.2,54.0,0.800047637,20.46,0,0.144379859,0.989522337,0.5,0.866025404,0.5,-0.866025404,2023-01-09,51.85785,51.74753792832
13605.0,2023.0,1.0,9.0,10.5,8.6,0.0,-2.212461463,0.440085947,429.1666667,1015.7,50.5,0.811061563,19.73,0,0.144734722,0.989470495,0.5,0.866025404,0.382683432,-0.923879533,2023-01-09,67.85888,67.74978256631
13606.0,2023.0,1.0,9.0,11.0,9.5,0.0,-2.3,2.82e-16,483.3333333,1015.2,47.0,0.878704287,16.84,0,0.145089565,0.989418525,0.5,0.866025404,0.258819045,-0.965925826,2023-01-09,82.66123999999999,82.54716275939
13607.0,2023.0,1.0,9.0,11.5,10.5,0.0,-2.212461463,-0.440085947,505.5555556,1014.45,44.5,0.974165822,14.0,0,0.14544439,0.989366428,0.5,0.866025404,0.130526192,-0.991444861,2023-01-09,96.17124,96.18548426739001
13608.0,2023.0,1.0,9.0,12.0,11.5,0.0,-2.124922925,-0.880171894,527.7777778,1013.7,42.0,1.025722588,12.0,0,0.145799197,0.989314204,0.5,0.866025404,1.22515e-16,-1.0,2023-01-09,96.17124,108.49415532339
13609.0,2023.0,1.0,9.0,12.5,12.2,0.0,-1.769568244,-1.147192728,520.8333334,1013.1,41.5,1.005862103,8.0,0,0.146153985,0.989261852,0.5,0.866025404,-0.130526192,-0.991444861,2023-01-09,96.17124,116.54105214739
13610.0,2023.0,1.0,9.0,13.0,12.9,0.0,-1.414213562,-1.414213562,513.8888889,1012.5,41.0,0.986406795,5.0,0,0.146508753,0.989209374,0.5,0.866025404,-0.258819045,-0.965925826,2023-01-09,96.17124,121.47308612239
13611.0,2023.0,1.0,9.0,13.5,13.25,0.0,-1.185461072,-1.861956197,476.3888889,1012.05,37.5,0.973484079,11.73,0,0.146863504,0.989156768,0.5,0.866025404,-0.382683432,-0.923879533,2023-01-09,96.17124,132.89205436906
13612.0,2023.0,1.0,9.0,14.0,13.6,0.0,-0.956708581,-2.309698831,438.8888889,1011.6,34.0,0.817933313,15.63,0,0.147218235,0.989104035,0.5,0.866025404,-0.5,-0.866025404,2023-01-09,108.95658,145.67635205124998
13613.0,2023.0,1.0,9.0,14.5,13.5,0.0,-0.478354291,-2.954849416,379.1666667,1011.2,33.5,0.746752804,16.78,0,0.147572947,0.989051174,0.5,0.866025404,-0.608761429,-0.79335334,2023-01-09,121.49124,158.20686410237
13614.0,2023.0,1.0,9.0,15.0,13.4,0.0,-6.62e-16,-3.6,319.4444444,1010.8,33.0,0.581675946,18.38,0,0.14792764,0.988998187,0.5,0.866025404,-0.707106781,-0.707106781,2023-01-09,132.1884,168.89806798985
13615.0,2023.0,1.0,9.0,15.5,13.0,0.0,-6.06e-16,-3.3,238.8888889,1010.6,39.0,0.425164612,19.83,0,0.148282314,0.988945072,0.5,0.866025404,-0.79335334,-0.608761429,2023-01-09,140.61615,177.32908224581
13616.0,2023.0,1.0,9.0,16.0,12.6,0.0,-5.51e-16,-3.0,158.3333333,1010.4,45.0,0.308872081,21.61,0,0.148636969,0.98889183,0.5,0.866025404,-0.866025404,-0.5,2023-01-09,151.097,184.00380791622
13617.0,2023.0,1.0,9.0,16.5,11.15,0.0,-0.363549261,-2.377685556,91.66666665,1010.2,50.0,0.176376238,21.09,0,0.148991605,0.988838461,0.5,0.866025404,-0.923879533,-0.382683432,2023-01-09,151.097,187.72358277564
13618.0,2023.0,1.0,9.0,17.0,9.7,0.0,-0.727098521,-1.755371112,25.0,1010.0,55.0,0.049529228,22.78,0,0.149346222,0.988784964,0.5,0.866025404,-0.965925826,-0.258819045,2023-01-09,152.23600000000002,188.85185858948
13619.0,2023.0,1.0,9.0,17.5,9.0,0.0,-0.70796435,-1.709177136,12.5,1009.95,56.5,0.02456316,24.15,0,0.14970082,0.988731341,0.5,0.866025404,-0.991444861,-0.130526192,2023-01-09,152.83975,189.44505890348
13620.0,2023.0,1.0,9.0,18.0,8.3,0.0,-0.688830178,-1.662983159,0.0,1009.9,58.0,0.0,24.15,0,0.150055398,0.98867759,0.5,0.866025404,-1.0,-1.83772e-16,2023-01-09,152.83975,189.44505890348
13621.0,2023.0,1.0,9.0,18.5,6.75,0.0,-0.69796848,-1.18504497,0.0,1009.85,64.5,0.0,24.26,0,0.150409957,0.988623712,0.5,0.866025404,-0.991444861,0.130526192,2023-01-09,152.83975,189.44505890348
13622.0,2023.0,1.0,9.0,19.0,5.2,0.0,-0.707106781,-0.707106781,0.0,1009.8,71.0,0.0,24.82,0,0.150764497,0.988569707,0.5,0.866025404,-0.965925826,0.258819045,2023-01-09,202.47975000000002,189.44505890348
13623.0,2023.0,1.0,9.0,19.5,4.55,0.0,-0.565685425,-0.565685425,0.0,1009.55,74.5,0.0,24.82,0,0.151119018,0.988515575,0.5,0.866025404,-0.923879533,0.382683432,2023-01-09,252.11975,189.44505890348
13624.0,2023.0,1.0,9.0,20.0,3.9,0.0,-0.424264069,-0.424264069,0.0,1009.3,78.0,0.0,24.09,0,0.151473518,0.988461316,0.5,0.866025404,-0.866025404,0.5,2023-01-09,252.11975,189.44505890348
13625.0,2023.0,1.0,9.0,20.5,3.55,0.0,-0.565685425,0.141421356,0.0,1009.05,81.0,0.0,24.03,0,0.151828,0.98840693,0.5,0.866025404,-0.79335334,0.608761429,2023-01-09,252.11975,189.44505890348
13626.0,2023.0,1.0,9.0,21.0,3.2,0.0,-0.707106781,0.707106781,0.0,1008.8,84.0,0.0,23.04,0,0.152182462,0.988352416,0.5,0.866025404,-0.707106781,0.707106781,2023-01-09,252.11975,189.44505890348
13627.0,2023.0,1.0,9.0,21.5,2.8,0.0,-0.296150876,0.214971461,0.0,1008.55,86.0,0.0,22.5,0,0.152536904,0.988297775,0.5,0.866025404,-0.608761429,0.79335334,2023-01-09,252.11975,189.44505890348
13628.0,2023.0,1.0,9.0,22.0,2.4,0.0,0.11480503,-0.27716386,0.0,1008.3,88.0,0.0,21.4,0,0.152891327,0.988243008,0.5,0.866025404,-0.5,0.866025404,2023-01-09,252.11975,189.44505890348
13629.0,2023.0,1.0,9.0,22.5,2.25,0.0,-0.496925205,-0.36819199,0.0,1008.15,89.0,0.0,21.66,0,0.15324573,0.988188113,0.5,0.866025404,-0.382683432,0.923879533,2023-01-09,252.11975,189.44505890348
13630.0,2023.0,1.0,9.0,23.0,2.1,0.0,-1.108655439,-0.459220119,0.0,1008.0,90.0,0.0,20.82,0,0.153600113,0.988133091,0.5,0.866025404,-0.258819045,0.965925826,2023-01-09,252.11975,189.44505890348
13631.0,2023.0,1.0,9.0,23.5,1.85,0.0,-1.155368484,0.371430705,0.0,1007.95,92.5,0.0,20.93,0,0.153954477,0.988077942,0.5,0.866025404,-0.130526192,0.991444861,2023-01-09,252.11975,189.44505890348
13632.0,2023.0,1.0,10.0,0.0,1.6,0.0,-1.202081528,1.202081528,0.0,1007.9,95.0,0.0,18.39,0,0.154308821,0.988022666,0.5,0.866025404,-2.4503e-16,1.0,2023-01-10,0.0,0.0
13633.0,2023.0,1.0,10.0,0.5,1.45,0.0,-1.301040764,0.601040764,0.0,1007.9,95.0,0.0,20.73,0,0.154663145,0.987967262,0.5,0.866025404,0.130526192,0.991444861,2023-01-10,0.0,0.0
13634.0,2023.0,1.0,10.0,1.0,1.3,0.0,-1.4,1.72e-16,0.0,1007.9,95.0,0.0,19.84,0,0.155017449,0.987911732,0.5,0.866025404,0.258819045,0.965925826,2023-01-10,0.0,0.0
13635.0,2023.0,1.0,10.0,1.5,2.15,0.0,-1.670073509,0.401817604,0.0,1008.25,88.5,0.0,20.0,0,0.155371733,0.987856075,0.5,0.866025404,0.382683432,0.923879533,2023-01-10,0.0,0.0
13636.0,2023.0,1.0,10.0,2.0,3.0,0.0,-1.940147018,0.803635208,0.0,1008.6,82.0,0.0,20.0,0,0.155725997,0.98780029,0.5,0.866025404,0.5,0.866025404,2023-01-10,0.0,0.0
13637.0,2023.0,1.0,10.0,2.5,3.2,0.0,-1.709177135,0.70796435,0.0,1008.8,80.5,0.0,20.0,0,0.156080241,0.987744379,0.5,0.866025404,0.608761429,0.79335334,2023-01-10,0.0,0.0
13638.0,2023.0,1.0,10.0,3.0,3.4,0.0,-1.478207252,0.612293492,0.0,1009.0,79.0,0.0,20.0,0,0.156434465,0.987688341,0.5,0.866025404,0.707106781,0.707106781,2023-01-10,0.0,0.0
13639.0,2023.0,1.0,10.0,3.5,4.1,0.0,-1.893953042,0.784501037,0.0,1009.3,69.0,0.0,20.0,0,0.156788669,0.987632175,0.5,0.866025404,0.79335334,0.608761429,2023-01-10,0.0,0.0
13640.0,2023.0,1.0,10.0,4.0,4.8,0.0,-2.309698831,0.956708581,0.0,1009.6,59.0,0.0,20.0,0,0.157142853,0.987575883,0.5,0.866025404,0.866025404,0.5,2023-01-10,0.0,0.0
13641.0,2023.0,1.0,10.0,4.5,4.6,0.0,-2.675128995,1.99863387,0.0,1009.8,55.0,0.0,20.0,0,0.157497016,0.987519463,0.5,0.866025404,0.923879533,0.382683432,2023-01-10,0.0,0.0
13642.0,2023.0,1.0,10.0,5.0,4.4,0.0,-3.040559159,3.040559159,0.0,1010.0,51.0,0.0,19.81,0,0.15785116,0.987462916,0.5,0.866025404,0.965925826,0.258819045,2023-01-10,0.0,0.0
13643.0,2023.0,1.0,10.0,5.5,3.9,0.0,-2.952292855,2.1134389,0.0,1010.25,51.0,0.0,20.0,0,0.158205282,0.987406243,0.5,0.866025404,0.991444861,0.130526192,2023-01-10,0.0,0.0
13644.0,2023.0,1.0,10.0,6.0,3.4,0.0,-2.864026551,1.18631864,0.0,1010.5,51.0,0.0,19.73,0,0.158559385,0.987349442,0.5,0.866025404,1.0,6.12574e-17,2023-01-10,0.0,0.0
13645.0,2023.0,1.0,10.0,6.5,3.6,0.0,-3.002608481,1.243721155,0.0,1011.2,48.0,0.0,20.0,0,0.158913467,0.987292515,0.5,0.866025404,0.991444861,-0.130526192,2023-01-10,0.0,0.0
13646.0,2023.0,1.0,10.0,7.0,3.8,0.0,-3.141190411,1.30112367,0.0,1011.9,45.0,0.0,21.5,0,0.159267529,0.98723546,0.5,0.866025404,0.965925826,-0.258819045,2023-01-10,0.0,0.0
13647.0,2023.0,1.0,10.0,7.5,4.3,0.0,-3.620595206,0.650561835,38.88888889,1012.2,44.0,0.077003016,24.03,0,0.15962157,0.987178279,0.5,0.866025404,0.923879533,-0.382683432,2023-01-10,0.0,1.85038247448
13648.0,2023.0,1.0,10.0,8.0,4.8,0.0,-4.1,5.02e-16,77.77777778,1012.5,43.0,0.164537427,24.93,0,0.159975591,0.98712097,0.5,0.866025404,0.866025404,-0.5,2023-01-10,6.03306,5.9523005295900004
13649.0,2023.0,1.0,10.0,8.5,5.35,0.0,-5.052608481,1.243721155,159.7222222,1012.8,41.5,0.327140672,24.15,0,0.160329591,0.987063535,0.5,0.866025404,0.79335334,-0.608761429,2023-01-10,13.930109999999999,13.85274775839
13650.0,2023.0,1.0,10.0,9.0,5.9,0.0,-6.005216961,2.48744231,241.6666667,1013.1,40.0,0.442867568,21.89,0,0.160683571,0.987005973,0.5,0.866025404,0.707106781,-0.707106781,2023-01-10,13.930109999999999,23.54711882191
13651.0,2023.0,1.0,10.0,9.5,6.4,0.0,-5.774247078,2.391771452,315.2777778,1013.45,38.0,0.600125548,23.19,0,0.16103753,0.986948283,0.5,0.866025404,0.608761429,-0.79335334,2023-01-10,38.117279999999994,37.46403028003
13652.0,2023.0,1.0,10.0,10.0,6.9,0.0,-5.543277195,2.296100594,388.8888889,1013.8,36.0,0.820795472,21.44,0,0.161391468,0.986890467,0.5,0.866025404,0.5,-0.866025404,2023-01-10,55.719519999999996,55.061885199710005
13653.0,2023.0,1.0,10.0,10.5,7.2,0.0,-5.728053102,2.372637281,441.6666667,1013.75,34.0,0.898984533,18.32,0,0.161745386,0.986832524,0.5,0.866025404,0.382683432,-0.923879533,2023-01-10,72.1892,71.53128184427001
13654.0,2023.0,1.0,10.0,11.0,7.5,0.0,-5.912829008,2.449173967,494.4444444,1013.7,32.0,0.940890546,17.35,0,0.162099282,0.986774454,0.5,0.866025404,0.258819045,-0.965925826,2023-01-10,72.1892,87.85573281737001
13655.0,2023.0,1.0,10.0,11.5,7.45,0.0,-6.189992868,2.563978997,516.6666667,1013.7,32.5,1.059765732,17.26,0,0.162453158,0.986716257,0.5,0.866025404,0.130526192,-0.991444861,2023-01-10,72.1892,106.14728935169
13656.0,2023.0,1.0,10.0,12.0,7.4,0.0,-6.467156728,2.678784027,538.8888889,1013.7,33.0,1.067184135,20.13,0,0.162807013,0.986657933,0.5,0.866025404,1.22515e-16,-1.0,2023-01-10,133.92791,127.62970598924001
13657.0,2023.0,1.0,10.0,12.5,7.5,0.0,-5.496320064,3.602133714,531.9444445,1013.8,32.5,1.056320052,16.73,0,0.163160847,0.986599482,0.5,0.866025404,-0.130526192,-0.991444861,2023-01-10,133.92791,145.3019404592
13658.0,2023.0,1.0,10.0,13.0,7.6,0.0,-4.5254834,4.5254834,525.0,1013.9,32.0,1.004730247,13.0,0,0.16351466,0.986540904,0.5,0.866025404,-0.258819045,-0.965925826,2023-01-10,133.92791,158.3634336702
13659.0,2023.0,1.0,10.0,13.5,7.5,0.0,-4.666904756,4.666904756,487.5,1014.2,31.0,0.940891548,17.59,0,0.163868452,0.9864822,0.5,0.866025404,-0.382683432,-0.923879533,2023-01-10,133.92791,174.91371599952
13660.0,2023.0,1.0,10.0,14.0,7.4,0.0,-4.808326112,4.808326112,450.0,1014.5,30.0,0.825438933,17.84,0,0.164222223,0.986423368,0.5,0.866025404,-0.5,-0.866025404,2023-01-10,144.16807,189.63954656424002
13661.0,2023.0,1.0,10.0,14.5,7.25,0.0,-4.560838738,4.560838738,388.8888889,1014.95,30.0,0.746404082,13.0,0,0.164575972,0.98636441,0.5,0.866025404,-0.608761429,-0.79335334,2023-01-10,144.16807,199.34279963024002
13662.0,2023.0,1.0,10.0,15.0,7.1,0.0,-4.313351365,4.313351365,327.7777778,1015.4,30.0,0.666896223,18.02,0,0.164929701,0.986305325,0.5,0.866025404,-0.707106781,-0.707106781,2023-01-10,156.18741,211.36026956870003
13663.0,2023.0,1.0,10.0,15.5,6.55,0.0,-4.743538374,3.228189293,250.0,1015.7,32.0,0.492830435,19.74,0,0.165283408,0.986246113,0.5,0.866025404,-0.79335334,-0.608761429,2023-01-10,165.91923,221.08874235560003
13664.0,2023.0,1.0,10.0,16.0,6.0,0.0,-5.173725382,2.143027221,172.2222222,1016.0,34.0,0.335623703,21.58,0,0.165637095,0.986186774,0.5,0.866025404,-0.866025404,-0.5,2023-01-10,173.17011,228.33150186634003
13665.0,2023.0,1.0,10.0,16.5,5.2,0.0,-3.293969472,1.778620392,99.99999999,1016.4,37.0,0.201595492,24.93,0,0.165990759,0.986127308,0.5,0.866025404,-0.923879533,-0.382683432,2023-01-10,178.20597,233.35727748190004
13666.0,2023.0,1.0,10.0,17.0,4.4,0.0,-1.414213562,1.414213562,27.77777778,1016.8,40.0,0.052495485,30.9,0,0.166344403,0.986067716,0.5,0.866025404,-0.965925826,-0.258819045,2023-01-10,179.99817000000002,234.97938796840003
13667.0,2023.0,1.0,10.0,17.5,3.8,0.0,-1.707106781,0.707106781,13.88888889,1017.2,42.5,0.027188108,32.94,0,0.166698025,0.986007996,0.5,0.866025404,-0.991444861,-0.130526192,2023-01-10,246.76755000000003,235.87496424592004
13668.0,2023.0,1.0,10.0,18.0,3.2,0.0,-2.0,2.45e-16,0.0,1017.6,45.0,0.0,30.9,0,0.167051626,0.98594815,0.5,0.866025404,-1.0,-1.83772e-16,2023-01-10,308.38215,235.87496424592004
13669.0,2023.0,1.0,10.0,18.5,2.4,0.0,-0.540380592,0.459619408,0.0,1017.95,49.0,0.0,29.3,0,0.167405205,0.985888177,0.5,0.866025404,-0.991444861,0.130526192,2023-01-10,308.38215,235.87496424592004
13670.0,2023.0,1.0,10.0,19.0,1.6,0.0,0.919238816,0.919238816,0.0,1018.3,53.0,0.0,27.34,0,0.167758762,0.985828077,0.5,0.866025404,-0.965925826,0.258819045,2023-01-10,308.38215,235.87496424592004
13671.0,2023.0,1.0,10.0,19.5,0.65,0.0,0.153472662,-0.279484218,0.0,1018.35,56.5,0.0,24.8,0,0.168112298,0.985767851,0.5,0.866025404,-0.923879533,0.382683432,2023-01-10,308.38215,235.87496424592004
13672.0,2023.0,1.0,10.0,20.0,-0.3,0.0,-0.612293492,-1.478207252,0.0,1018.4,60.0,0.0,24.15,0,0.168465813,0.985707497,0.5,0.866025404,-0.866025404,0.5,2023-01-10,308.38215,235.87496424592004
13673.0,2023.0,1.0,10.0,20.5,-0.7,0.0,-0.057402515,-1.339625322,0.0,1018.65,63.0,0.0,23.01,0,0.168819305,0.985647017,0.5,0.866025404,-0.79335334,0.608761429,2023-01-10,308.38215,235.87496424592004
13674.0,2023.0,1.0,10.0,21.0,-1.1,0.0,0.497488462,-1.201043392,0.0,1018.9,66.0,0.0,22.09,0,0.169172776,0.98558641,0.5,0.866025404,-0.707106781,0.707106781,2023-01-10,308.38215,235.87496424592004
13675.0,2023.0,1.0,10.0,21.5,-1.45,0.0,0.688830178,-1.662983159,0.0,1019.05,67.5,0.0,21.69,0,0.169526226,0.985525676,0.5,0.866025404,-0.608761429,0.79335334,2023-01-10,308.38215,235.87496424592004
13676.0,2023.0,1.0,10.0,22.0,-1.8,0.0,0.880171894,-2.124922925,0.0,1019.2,69.0,0.0,21.61,0,0.169879653,0.985464816,0.5,0.866025404,-0.5,0.866025404,2023-01-10,308.38215,235.87496424592004
13677.0,2023.0,1.0,10.0,22.5,-1.7,0.0,0.688830178,-1.662983159,0.0,1019.3,70.0,0.0,23.01,0,0.170233059,0.985403829,0.5,0.866025404,-0.382683432,0.923879533,2023-01-10,308.38215,235.87496424592004
13678.0,2023.0,1.0,10.0,23.0,-1.6,0.0,0.497488462,-1.201043392,0.0,1019.4,71.0,0.0,22.83,0,0.170586443,0.985342715,0.5,0.866025404,-0.258819045,0.965925826,2023-01-10,308.38215,235.87496424592004
13679.0,2023.0,1.0,10.0,23.5,-2.05,0.0,0.248744231,-1.250521696,0.0,1019.3,73.5,0.0,21.5,0,0.170939804,0.985281474,0.5,0.866025404,-0.130526192,0.991444861,2023-01-10,308.38215,235.87496424592004
13680.0,2023.0,1.0,11.0,0.0,-2.5,0.0,-2.39e-16,-1.3,0.0,1019.2,76.0,0.0,19.73,0,0.171293144,0.985220107,0.5,0.866025404,-2.4503e-16,1.0,2023-01-11,0.0,0.0
13681.0,2023.0,1.0,11.0,0.5,-2.55,0.0,-0.353553391,-0.29644661,0.0,1019.3,78.0,0.0,21.38,0,0.171646462,0.985158613,0.5,0.866025404,0.130526192,0.991444861,2023-01-11,0.0,0.0
13682.0,2023.0,1.0,11.0,1.0,-2.6,0.0,-0.707106781,0.707106781,0.0,1019.4,80.0,0.0,21.08,0,0.171999758,0.985096992,0.5,0.866025404,0.258819045,0.965925826,2023-01-11,0.0,0.0
13683.0,2023.0,1.0,11.0,1.5,-3.1,0.0,-1.231238947,-0.00999587,0.0,1019.65,81.0,0.0,19.81,0,0.172353031,0.985035244,0.5,0.866025404,0.382683432,0.923879533,2023-01-11,0.0,0.0
13684.0,2023.0,1.0,11.0,2.0,-3.6,0.0,-1.755371112,-0.727098521,0.0,1019.9,82.0,0.0,19.54,0,0.172706283,0.98497337,0.5,0.866025404,0.5,0.866025404,2023-01-11,0.0,0.0
13685.0,2023.0,1.0,11.0,2.5,-2.9,0.0,-1.432013276,-0.59315932,0.0,1019.95,79.0,0.0,19.83,0,0.173059512,0.984911369,0.5,0.866025404,0.608761429,0.79335334,2023-01-11,0.0,0.0
13686.0,2023.0,1.0,11.0,3.0,-2.2,0.0,-1.108655439,-0.459220119,0.0,1020.0,76.0,0.0,19.73,0,0.173412719,0.984849242,0.5,0.866025404,0.707106781,0.707106781,2023-01-11,0.0,0.0
13687.0,2023.0,1.0,11.0,3.5,-2.6,0.0,-1.084657806,0.300720027,0.0,1019.95,77.5,0.0,20.0,0,0.173765903,0.984786988,0.5,0.866025404,0.79335334,0.608761429,2023-01-11,0.0,0.0
13688.0,2023.0,1.0,11.0,4.0,-3.0,0.0,-1.060660172,1.060660172,0.0,1019.9,79.0,0.0,19.83,0,0.174119066,0.984724607,0.5,0.866025404,0.866025404,0.5,2023-01-11,0.0,0.0
13689.0,2023.0,1.0,11.0,4.5,-3.7,0.0,-0.759940146,1.084657806,0.0,1020.15,81.0,0.0,20.0,0,0.174472206,0.984662099,0.5,0.866025404,0.923879533,0.382683432,2023-01-11,0.0,0.0
13690.0,2023.0,1.0,11.0,5.0,-4.4,0.0,-0.459220119,1.108655439,0.0,1020.4,83.0,0.0,21.09,0,0.174825323,0.984599465,0.5,0.866025404,0.965925826,0.258819045,2023-01-11,0.0,0.0
13691.0,2023.0,1.0,11.0,5.5,-4.4,0.0,-0.691549826,0.362986004,0.0,1020.85,85.0,0.0,21.5,0,0.175178418,0.984536704,0.5,0.866025404,0.991444861,0.130526192,2023-01-11,0.0,0.0
13692.0,2023.0,1.0,11.0,6.0,-4.4,0.0,-0.923879533,-0.382683432,0.0,1021.3,87.0,0.0,21.61,0,0.17553149,0.984473817,0.5,0.866025404,1.0,6.12574e-17,2023-01-11,0.0,0.0
13693.0,2023.0,1.0,11.0,6.5,-4.9,0.0,-1.161939767,-0.191341716,1.388888889,1021.55,87.5,0.002848815,23.0,0,0.17588454,0.984410803,0.5,0.866025404,0.991444861,-0.130526192,2023-01-11,0.0,0.06552274500000001
13694.0,2023.0,1.0,11.0,7.0,-5.4,0.0,-1.4,1.72e-16,2.777777778,1021.8,88.0,0.005490073,24.93,0,0.176237568,0.984347662,0.5,0.866025404,0.965925826,-0.258819045,2023-01-11,0.0,0.20239026489
13695.0,2023.0,1.0,11.0,7.5,-3.75,0.0,-1.301040764,0.601040764,40.27777778,1021.9,82.5,0.079490106,26.36,0,0.176590572,0.984284395,0.5,0.866025404,0.923879533,-0.382683432,2023-01-11,0.0,2.2977494590500003
13696.0,2023.0,1.0,11.0,8.0,-2.1,0.0,-1.202081528,1.202081528,77.77777778,1022.0,77.0,0.149585335,28.65,0,0.176943554,0.984221001,0.5,0.866025404,0.866025404,-0.5,2023-01-11,6.79005,6.583369306800001
13697.0,2023.0,1.0,11.0,8.5,0.15,0.0,-0.926321681,1.386338367,159.7222222,1022.25,67.0,0.331766966,26.74,0,0.177296513,0.984157481,0.5,0.866025404,0.79335334,-0.608761429,2023-01-11,6.79005,15.454817977640001
13698.0,2023.0,1.0,11.0,9.0,2.4,0.0,-0.650561835,1.570595205,241.6666667,1022.5,57.0,0.475867961,27.27,0,0.177649449,0.984093834,0.5,0.866025404,0.707106781,-0.707106781,2023-01-11,28.82421,28.43173727411
13699.0,2023.0,1.0,11.0,9.5,4.0,0.0,-1.173809055,1.63382574,318.0555556,1022.35,50.5,0.650526991,26.84,0,0.178002363,0.98403006,0.5,0.866025404,0.608761429,-0.79335334,2023-01-11,46.29705,45.89188171255
13700.0,2023.0,1.0,11.0,10.0,5.6,0.0,-1.697056275,1.697056275,394.4444444,1022.2,44.0,0.796861826,23.01,0,0.178355253,0.98396616,0.5,0.866025404,0.5,-0.866025404,2023-01-11,64.63602,64.22767232881
13701.0,2023.0,1.0,11.0,10.5,6.65,0.0,-1.398528138,0.848528138,447.2222222,1021.8,42.0,0.928616983,22.3,0,0.178708121,0.983902133,0.5,0.866025404,0.382683432,-0.923879533,2023-01-11,85.35272,84.93583104971
13702.0,2023.0,1.0,11.0,11.0,7.7,0.0,-1.1,1.35e-16,500.0,1021.4,40.0,1.038385724,19.74,0,0.179060966,0.98383798,0.5,0.866025404,0.258819045,-0.965925826,2023-01-11,105.84284,105.43356524147
13703.0,2023.0,1.0,11.0,11.5,8.15,0.0,-0.205584911,-0.83149158,520.8333334,1021.05,37.5,1.1127361,17.13,0,0.179413787,0.9837737,0.5,0.866025404,0.130526192,-0.991444861,2023-01-11,105.84284,124.49473463447
13704.0,2023.0,1.0,11.0,12.0,8.6,0.0,0.688830178,-1.662983159,541.6666667,1020.7,35.0,1.122109517,17.39,0,0.179766586,0.983709294,0.5,0.866025404,1.22515e-16,-1.0,2023-01-11,130.86705,144.0082191351
13705.0,2023.0,1.0,11.0,12.5,8.9,0.0,-0.256625675,-1.432532344,534.7222223,1020.45,34.5,1.104197273,12.19,0,0.180119361,0.983644761,0.5,0.866025404,-0.130526192,-0.991444861,2023-01-11,130.86705,157.46838389297
13706.0,2023.0,1.0,11.0,13.0,9.2,0.0,-1.202081528,-1.202081528,527.7777778,1020.2,34.0,1.139451203,12.01,0,0.180472113,0.983580102,0.5,0.866025404,-0.258819045,-0.965925826,2023-01-11,130.86705,171.153192841
13707.0,2023.0,1.0,11.0,13.5,9.55,0.0,-0.101040764,-0.601040764,493.0555556,1020.05,32.5,0.960938814,14.5,0,0.180824842,0.983515316,0.5,0.866025404,-0.382683432,-0.923879533,2023-01-11,130.86705,185.08680564399998
13708.0,2023.0,1.0,11.0,14.0,9.9,0.0,1.0,0.0,458.3333333,1019.9,31.0,0.93239389,18.0,0,0.181177548,0.983450403,0.5,0.866025404,-0.5,-0.866025404,2023-01-11,161.23305,201.86989566399998
13709.0,2023.0,1.0,11.0,14.5,9.95,0.0,0.863549261,-0.877685556,395.8333333,1020.1,30.5,0.754628749,17.79,0,0.181530231,0.983385365,0.5,0.866025404,-0.608761429,-0.79335334,2023-01-11,161.23305,215.29474110870999
13710.0,2023.0,1.0,11.0,15.0,10.0,0.0,0.727098521,-1.755371112,333.3333333,1020.3,30.0,0.61478618,20.0,0,0.18188289,0.983320199,0.5,0.866025404,-0.707106781,-0.707106781,2023-01-11,173.53305,227.59046470871
13711.0,2023.0,1.0,11.0,15.5,9.35,0.0,1.113549261,-0.877685556,254.1666667,1020.5,32.5,0.48598165,21.74,0,0.182235525,0.983254908,0.5,0.866025404,-0.79335334,-0.608761429,2023-01-11,184.09869,238.15570577971
13712.0,2023.0,1.0,11.0,16.0,8.7,0.0,1.5,0.0,175.0,1020.7,35.0,0.353612826,23.87,0,0.182588138,0.983189489,0.5,0.866025404,-0.866025404,-0.5,2023-01-11,192.54867000000002,246.59644393633
13713.0,2023.0,1.0,11.0,16.5,7.0,0.0,1.211939767,0.191341716,101.3888889,1020.85,41.5,0.184335645,24.01,0,0.182940727,0.983123945,0.5,0.866025404,-0.923879533,-0.382683432,2023-01-11,196.96651000000003,251.02234277277998
13714.0,2023.0,1.0,11.0,17.0,5.3,0.0,0.923879533,0.382683432,27.77777778,1021.0,48.0,0.053984167,30.9,0,0.183293292,0.983058274,0.5,0.866025404,-0.965925826,-0.258819045,2023-01-11,198.63511000000003,252.69045353308
13715.0,2023.0,1.0,11.0,17.5,4.1,0.0,1.201043393,-0.11480503,13.88888889,1021.25,52.0,0.027388017,31.07,0,0.183645834,0.982992476,0.5,0.866025404,-0.991444861,-0.130526192,2023-01-11,261.61400000000003,253.54139922126998
13716.0,2023.0,1.0,11.0,18.0,2.9,0.0,1.478207252,-0.612293492,0.0,1021.5,56.0,0.0,31.32,0,0.183998352,0.982926552,0.5,0.866025404,-1.0,-1.83772e-16,2023-01-11,324.254,253.54139922126998
13717.0,2023.0,1.0,11.0,18.5,2.45,0.0,1.478207252,-0.612293492,0.0,1021.7,58.5,0.0,26.39,0,0.184350846,0.982860502,0.5,0.866025404,-0.991444861,0.130526192,2023-01-11,324.254,253.54139922126998
13718.0,2023.0,1.0,11.0,19.0,2.0,0.0,1.478207252,-0.612293492,0.0,1021.9,61.0,0.0,26.22,0,0.184703317,0.982794325,0.5,0.866025404,-0.965925826,0.258819045,2023-01-11,324.254,253.54139922126998
13719.0,2023.0,1.0,11.0,19.5,1.25,0.0,0.279484218,0.153472662,0.0,1021.85,65.0,0.0,23.87,0,0.185055764,0.982728022,0.5,0.866025404,-0.923879533,0.382683432,2023-01-11,324.254,253.54139922126998
13720.0,2023.0,1.0,11.0,20.0,0.5,0.0,-0.919238816,0.919238816,0.0,1021.8,69.0,0.0,23.49,0,0.185408187,0.982661592,0.5,0.866025404,-0.866025404,0.5,2023-01-11,324.254,253.54139922126998
13721.0,2023.0,1.0,11.0,20.5,0.25,0.0,-0.689229468,-0.094708312,0.0,1021.7,72.5,0.0,23.01,0,0.185760586,0.982595036,0.5,0.866025404,-0.79335334,0.608761429,2023-01-11,324.254,253.54139922126998
13722.0,2023.0,1.0,11.0,21.0,0.0,0.0,-0.459220119,-1.108655439,0.0,1021.6,76.0,0.0,22.68,0,0.186112962,0.982528354,0.5,0.866025404,-0.707106781,0.707106781,2023-01-11,324.254,253.54139922126998
13723.0,2023.0,1.0,11.0,21.5,-0.3,0.0,-0.22961006,-1.20432772,0.0,1021.65,78.5,0.0,22.86,0,0.186465313,0.982461545,0.5,0.866025404,-0.608761429,0.79335334,2023-01-11,324.254,253.54139922126998
13724.0,2023.0,1.0,11.0,22.0,-0.6,0.0,-2.39e-16,-1.3,0.0,1021.7,81.0,0.0,21.89,0,0.186817641,0.98239461,0.5,0.866025404,-0.5,0.866025404,2023-01-11,324.254,253.54139922126998
13725.0,2023.0,1.0,11.0,22.5,-0.85,0.0,0.176776695,-0.826776696,0.0,1021.65,84.0,0.0,21.58,0,0.187169944,0.982327548,0.5,0.866025404,-0.382683432,0.923879533,2023-01-11,324.254,253.54139922126998
13726.0,2023.0,1.0,11.0,23.0,-1.1,0.0,0.353553391,-0.353553391,0.0,1021.6,87.0,0.0,20.01,0,0.187522223,0.98226036,0.5,0.866025404,-0.258819045,0.965925826,2023-01-11,324.254,253.54139922126998
13727.0,2023.0,1.0,11.0,23.5,-1.45,0.0,-0.423223304,-0.176776695,0.0,1021.35,88.0,0.0,19.73,0,0.187874479,0.982193046,0.5,0.866025404,-0.130526192,0.991444861,2023-01-11,324.254,253.54139922126998
13728.0,2023.0,1.0,12.0,0.0,-1.8,0.0,-1.2,1.47e-16,0.0,1021.1,89.0,0.0,17.7,0,0.18822671,0.982125606,0.5,0.866025404,-2.4503e-16,1.0,2023-01-12,0.0,0.0
13729.0,2023.0,1.0,12.0,0.5,-2.35,0.0,-1.7,2.08e-16,0.0,1020.9,90.5,0.0,21.61,0,0.188578917,0.982058039,0.5,0.866025404,0.130526192,0.991444861,2023-01-12,0.0,0.0
13730.0,2023.0,1.0,12.0,1.0,-2.9,0.0,-2.2,2.7e-16,0.0,1020.7,92.0,0.0,20.0,0,0.188931099,0.981990346,0.5,0.866025404,0.258819045,0.965925826,2023-01-12,0.0,0.0
13731.0,2023.0,1.0,12.0,1.5,-2.55,0.0,-1.630330086,0.530330086,0.0,1020.75,90.0,0.0,20.0,0,0.189283258,0.981922527,0.5,0.866025404,0.382683432,0.923879533,2023-01-12,0.0,0.0
13732.0,2023.0,1.0,12.0,2.0,-2.2,0.0,-1.060660172,1.060660172,0.0,1020.8,88.0,0.0,20.0,0,0.189635392,0.981854581,0.5,0.866025404,0.5,0.866025404,2023-01-12,0.0,0.0
13733.0,2023.0,1.0,12.0,2.5,-2.55,0.0,-1.080330086,0.530330086,0.0,1020.7,88.5,0.0,20.53,0,0.189987501,0.981786509,0.5,0.866025404,0.608761429,0.79335334,2023-01-12,0.0,0.0
13734.0,2023.0,1.0,12.0,3.0,-2.9,0.0,-1.1,1.35e-16,0.0,1020.6,89.0,0.0,20.85,0,0.190339587,0.981718311,0.5,0.866025404,0.707106781,0.707106781,2023-01-12,0.0,0.0
13735.0,2023.0,1.0,12.0,3.5,-2.85,0.0,-0.856146746,0.739103626,0.0,1020.5,89.0,0.0,21.24,0,0.190691647,0.981649986,0.5,0.866025404,0.79335334,0.608761429,2023-01-12,0.0,0.0
13736.0,2023.0,1.0,12.0,4.0,-2.8,0.0,-0.612293492,1.478207252,0.0,1020.4,89.0,0.0,21.3,0,0.191043683,0.981581536,0.5,0.866025404,0.866025404,0.5,2023-01-12,0.0,0.0
13737.0,2023.0,1.0,12.0,4.5,-3.1,0.0,-0.482923442,0.562326931,0.0,1020.45,90.0,0.0,21.29,0,0.191395695,0.981512959,0.5,0.866025404,0.923879533,0.382683432,2023-01-12,0.0,0.0
13738.0,2023.0,1.0,12.0,5.0,-3.4,0.0,-0.353553391,-0.353553391,0.0,1020.5,91.0,0.0,21.3,0,0.191747682,0.981444255,0.5,0.866025404,0.965925826,0.258819045,2023-01-12,0.0,0.0
13739.0,2023.0,1.0,12.0,5.5,-3.55,0.0,-0.546328509,-0.329850069,0.0,1020.7,90.5,0.0,21.58,0,0.192099644,0.981375426,0.5,0.866025404,0.991444861,0.130526192,2023-01-12,0.0,0.0
13740.0,2023.0,1.0,12.0,6.0,-3.7,0.0,-0.739103626,-0.306146746,0.0,1020.9,90.0,0.0,21.54,0,0.192451582,0.98130647,0.5,0.866025404,1.0,6.12574e-17,2023-01-12,0.0,0.0
13741.0,2023.0,1.0,12.0,6.5,-3.8,0.0,-0.687749865,0.165124679,1.388888889,1021.05,91.5,0.003142343,21.92,0,0.192803495,0.981237388,0.5,0.866025404,0.991444861,-0.130526192,2023-01-12,0.0,0.06888015856
13742.0,2023.0,1.0,12.0,7.0,-3.9,0.0,-0.636396103,0.636396103,2.777777778,1021.2,93.0,0.005321049,23.01,0,0.193155383,0.98116818,0.5,0.866025404,0.965925826,-0.258819045,2023-01-12,0.0,0.19131749604999998
13743.0,2023.0,1.0,12.0,7.5,-2.6,0.0,-0.826331795,0.52867394,38.88888889,1021.45,87.0,0.080663456,28.0,0,0.193507246,0.981098846,0.5,0.866025404,0.923879533,-0.382683432,2023-01-12,0.0,2.4498942640499997
13744.0,2023.0,1.0,12.0,8.0,-1.3,0.0,-1.016267486,0.420951776,75.0,1021.7,81.0,0.150960691,30.0,0,0.193859084,0.981029386,0.5,0.866025404,0.866025404,-0.5,2023-01-12,7.199999999999999,6.97871499405
13745.0,2023.0,1.0,12.0,8.5,0.8,0.0,-0.858133743,0.210475888,155.5555556,1021.8,74.5,0.308568417,23.58,0,0.194210898,0.980959799,0.5,0.866025404,0.79335334,-0.608761429,2023-01-12,14.48622,14.254758266909999
13746.0,2023.0,1.0,12.0,9.0,2.9,0.0,-0.7,8.58e-17,236.1111111,1021.9,68.0,0.486165357,22.99,0,0.194562686,0.980890086,0.5,0.866025404,0.707106781,-0.707106781,2023-01-12,14.48622,25.43169982434
13747.0,2023.0,1.0,12.0,9.5,4.7,0.0,-0.668198052,-0.318198051,316.6666666,1021.9,61.5,0.612953984,23.29,0,0.19491445,0.980820247,0.5,0.866025404,0.608761429,-0.79335334,2023-01-12,40.08193,39.7073981117
13748.0,2023.0,1.0,12.0,10.0,6.5,0.0,-0.636396103,-0.636396103,397.2222222,1021.9,55.0,0.779292883,21.58,0,0.195266188,0.980750282,0.5,0.866025404,0.5,-0.866025404,2023-01-12,56.89275,56.524538526840004
13749.0,2023.0,1.0,12.0,10.5,7.75,0.0,-1.103495654,-0.643478969,444.4444445,1021.5,50.0,0.957799454,21.3,0,0.195617901,0.980680191,0.5,0.866025404,0.382683432,-0.923879533,2023-01-12,77.29815,76.92566689704
13750.0,2023.0,1.0,12.0,11.0,9.0,0.0,-1.570595205,-0.650561835,491.6666667,1021.1,45.0,0.922380954,18.32,0,0.195969589,0.980609973,0.5,0.866025404,0.258819045,-0.965925826,2023-01-12,94.18919000000001,93.82368597432
13751.0,2023.0,1.0,12.0,11.5,9.45,0.0,-1.535297603,-0.325280917,494.4444445,1020.6,43.0,1.010225876,17.79,0,0.196321252,0.98053963,0.5,0.866025404,0.130526192,-0.991444861,2023-01-12,112.15709000000001,111.79560430836
13752.0,2023.0,1.0,12.0,12.0,9.9,0.0,-1.5,1.84e-16,497.2222222,1020.1,41.0,0.940524116,17.39,0,0.19667289,0.98046916,0.5,0.866025404,1.22515e-16,-1.0,2023-01-12,122.97367000000001,128.1513186856
13753.0,2023.0,1.0,12.0,12.5,10.55,0.0,-1.457106781,0.707106781,494.4444445,1019.85,38.5,0.957397999,11.73,0,0.197024502,0.980398565,0.5,0.866025404,-0.130526192,-0.991444861,2023-01-12,122.97367000000001,139.38159721386998
13754.0,2023.0,1.0,12.0,13.0,11.2,0.0,-1.414213562,1.414213562,491.6666667,1019.6,36.0,0.920401611,10.05,0,0.197376089,0.980327843,0.5,0.866025404,-0.258819045,-0.965925826,2023-01-12,122.97367000000001,148.63163340441997
13755.0,2023.0,1.0,12.0,13.5,11.35,0.0,-0.534899237,1.122852571,450.0,1019.45,36.0,0.960918902,12.21,0,0.197727651,0.980256995,0.5,0.866025404,-0.382683432,-0.923879533,2023-01-12,122.97367000000001,160.36445319783996
13756.0,2023.0,1.0,12.0,14.0,11.5,0.0,0.344415089,0.831491579,408.3333333,1019.3,36.0,0.842829465,17.0,0,0.198079187,0.980186021,0.5,0.866025404,-0.5,-0.866025404,2023-01-12,122.97367000000001,174.69255410283995
13757.0,2023.0,1.0,12.0,14.5,11.95,0.0,0.634147311,0.224404074,368.0555556,1019.25,35.5,0.649266686,18.0,0,0.198430697,0.980114921,0.5,0.866025404,-0.608761429,-0.79335334,2023-01-12,134.65567000000001,186.37935445083994
13758.0,2023.0,1.0,12.0,15.0,12.4,0.0,0.923879533,-0.382683432,327.7777778,1019.2,35.0,0.666024227,21.09,0,0.198782183,0.980043695,0.5,0.866025404,-0.707106781,-0.707106781,2023-01-12,148.70161000000002,200.42580539826994
13759.0,2023.0,1.0,12.0,15.5,11.95,0.0,0.710683998,-0.791863412,247.2222223,1019.6,35.5,0.506863702,21.24,0,0.199133642,0.979972343,0.5,0.866025404,-0.79335334,-0.608761429,2023-01-12,159.47029,211.19159042874995
13760.0,2023.0,1.0,12.0,16.0,11.5,0.0,0.497488462,-1.201043392,166.6666667,1020.0,36.0,0.330502451,22.55,0,0.199485076,0.979900865,0.5,0.866025404,-0.866025404,-0.5,2023-01-12,166.93434000000002,218.64442069879993
13761.0,2023.0,1.0,12.0,16.5,9.35,0.0,0.496231605,-0.84800907,98.61111113,1020.15,44.0,0.197183807,22.61,0,0.199836485,0.97982926,0.5,0.866025404,-0.923879533,-0.382683432,2023-01-12,171.38851000000003,223.10274657506994
13762.0,2023.0,1.0,12.0,17.0,7.2,0.0,0.494974747,-0.494974747,30.55555556,1020.3,52.0,0.060095767,26.74,0,0.200187867,0.97975753,0.5,0.866025404,-0.965925826,-0.258819045,2023-01-12,226.47291,224.70970738464993
13763.0,2023.0,1.0,12.0,17.5,6.05,0.0,-0.141421356,-0.636396103,15.27777778,1020.5,55.5,0.030593723,26.74,0,0.200539224,0.979685674,0.5,0.866025404,-0.991444861,-0.130526192,2023-01-12,280.78185,225.52778353766993
13764.0,2023.0,1.0,12.0,18.0,4.9,0.0,-0.777817459,-0.777817459,0.0,1020.7,59.0,0.0,26.36,0,0.200890555,0.979613692,0.5,0.866025404,-1.0,-1.83772e-16,2023-01-12,280.78185,225.52778353766993
13765.0,2023.0,1.0,12.0,18.5,4.35,0.0,-0.848528138,0.070710679,0.0,1020.8,62.5,0.0,24.24,0,0.20124186,0.979541583,0.5,0.866025404,-0.991444861,0.130526192,2023-01-12,280.78185,225.52778353766993
13766.0,2023.0,1.0,12.0,19.0,3.8,0.0,-0.919238816,0.919238816,0.0,1020.9,66.0,0.0,24.1,0,0.20159314,0.979469349,0.5,0.866025404,-0.965925826,0.258819045,2023-01-12,280.78185,225.52778353766993
13767.0,2023.0,1.0,12.0,19.5,2.95,0.0,-0.848528138,0.848528138,0.0,1021.1,68.0,0.0,23.58,0,0.201944393,0.979396989,0.5,0.866025404,-0.923879533,0.382683432,2023-01-12,280.78185,225.52778353766993
13768.0,2023.0,1.0,12.0,20.0,2.1,0.0,-0.777817459,0.777817459,0.0,1021.3,70.0,0.0,22.66,0,0.202295621,0.979324503,0.5,0.866025404,-0.866025404,0.5,2023-01-12,280.78185,225.52778353766993
13769.0,2023.0,1.0,12.0,20.5,2.45,0.0,-0.388908729,1.33890873,0.0,1021.3,71.0,0.0,22.78,0,0.202646822,0.979251891,0.5,0.866025404,-0.79335334,0.608761429,2023-01-12,280.78185,225.52778353766993
13770.0,2023.0,1.0,12.0,21.0,2.8,0.0,1.16e-16,1.9,0.0,1021.3,72.0,0.0,23.58,0,0.202997997,0.979179153,0.5,0.866025404,-0.707106781,0.707106781,2023-01-12,280.78185,225.52778353766993
13771.0,2023.0,1.0,12.0,21.5,2.2,0.0,-0.636396103,1.586396103,0.0,1021.45,73.0,0.0,22.51,0,0.203349147,0.979106289,0.5,0.866025404,-0.608761429,0.79335334,2023-01-12,280.78185,225.52778353766993
13772.0,2023.0,1.0,12.0,22.0,1.6,0.0,-1.272792206,1.272792206,0.0,1021.6,74.0,0.0,22.17,0,0.20370027,0.979033299,0.5,0.866025404,-0.5,0.866025404,2023-01-12,280.78185,225.52778353766993
13773.0,2023.0,1.0,12.0,22.5,1.6,0.0,0.141421356,-0.141421356,0.0,1021.7,74.5,0.0,24.0,0,0.204051367,0.978960183,0.5,0.866025404,-0.382683432,0.923879533,2023-01-12,280.78185,225.52778353766993
13774.0,2023.0,1.0,12.0,23.0,1.6,0.0,1.555634919,-1.555634919,0.0,1021.8,75.0,0.0,21.5,0,0.204402437,0.978886941,0.5,0.866025404,-0.258819045,0.965925826,2023-01-12,280.78185,225.52778353766993
13775.0,2023.0,1.0,12.0,23.5,0.5,0.0,0.32781746,-0.77781746,0.0,1021.8,80.0,0.0,20.0,0,0.204753482,0.978813574,0.5,0.866025404,-0.130526192,0.991444861,2023-01-12,280.78185,225.52778353766993
13776.0,2023.0,1.0,13.0,0.0,-0.6,0.0,-0.9,1.1e-16,0.0,1021.8,85.0,0.0,19.67,0,0.2051045,0.97874008,0.5,0.866025404,-2.4503e-16,1.0,2023-01-13,0.0,0.0
13777.0,2023.0,1.0,13.0,0.5,-0.8,0.0,-1.0,1.23e-16,0.0,1021.75,86.5,0.0,20.01,0,0.205455492,0.978666461,0.5,0.866025404,0.130526192,0.991444861,2023-01-13,0.0,0.0
13778.0,2023.0,1.0,13.0,1.0,-1.0,0.0,-1.1,1.35e-16,0.0,1021.7,88.0,0.0,19.73,0,0.205806457,0.978592715,0.5,0.866025404,0.258819045,0.965925826,2023-01-13,0.0,0.0
13779.0,2023.0,1.0,13.0,1.5,-1.5,0.0,-1.011939767,0.191341716,0.0,1021.85,90.0,0.0,19.9,0,0.206157396,0.978518844,0.5,0.866025404,0.382683432,0.923879533,2023-01-13,0.0,0.0
13780.0,2023.0,1.0,13.0,2.0,-2.0,0.0,-0.923879533,0.382683432,0.0,1022.0,92.0,0.0,20.16,0,0.206508308,0.978444847,0.5,0.866025404,0.5,0.866025404,2023-01-13,0.0,0.0
13781.0,2023.0,1.0,13.0,2.5,-1.7,0.0,-1.062980531,0.79238248,0.0,1021.9,92.0,0.0,20.55,0,0.206859194,0.978370724,0.5,0.866025404,0.608761429,0.79335334,2023-01-13,0.0,0.0
13782.0,2023.0,1.0,13.0,3.0,-1.4,0.0,-1.202081528,1.202081528,0.0,1021.8,92.0,0.0,20.01,0,0.207210053,0.978296476,0.5,0.866025404,0.707106781,0.707106781,2023-01-13,0.0,0.0
13783.0,2023.0,1.0,13.0,3.5,-1.6,0.0,-0.813172798,0.38890873,0.0,1021.55,92.5,0.0,20.0,0,0.207560885,0.978222101,0.5,0.866025404,0.79335334,0.608761429,2023-01-13,0.0,0.0
13784.0,2023.0,1.0,13.0,4.0,-1.8,0.0,-0.424264069,-0.424264069,0.0,1021.3,93.0,0.0,18.39,0,0.207911691,0.978147601,0.5,0.866025404,0.866025404,0.5,2023-01-13,0.0,0.0
13785.0,2023.0,1.0,13.0,4.5,-2.15,0.0,-0.812653731,0.036612197,0.0,1021.35,93.0,0.0,20.0,0,0.20826247,0.978072975,0.5,0.866025404,0.923879533,0.382683432,2023-01-13,0.0,0.0
13786.0,2023.0,1.0,13.0,5.0,-2.5,0.0,-1.201043392,0.497488462,0.0,1021.4,93.0,0.0,20.0,0,0.208613222,0.977998223,0.5,0.866025404,0.965925826,0.258819045,2023-01-13,0.0,0.0
13787.0,2023.0,1.0,13.0,5.5,-2.6,0.0,-1.550521696,0.248744231,0.0,1021.55,93.0,0.0,21.97,0,0.208963947,0.977923345,0.5,0.866025404,0.991444861,0.130526192,2023-01-13,0.0,0.0
13788.0,2023.0,1.0,13.0,6.0,-2.7,0.0,-1.9,2.33e-16,0.0,1021.7,93.0,0.0,20.55,0,0.209314646,0.977848342,0.5,0.866025404,1.0,6.12574e-17,2023-01-13,0.0,0.0
13789.0,2023.0,1.0,13.0,6.5,-2.4,0.0,-1.657106781,0.707106781,1.388888889,1022.1,92.5,0.002686263,20.01,0,0.209665318,0.977773212,0.5,0.866025404,0.991444861,-0.130526192,2023-01-13,0.0,0.05375212263
13790.0,2023.0,1.0,13.0,7.0,-2.1,0.0,-1.414213562,1.414213562,2.777777778,1022.5,92.0,0.005783859,23.01,0,0.210015962,0.977697957,0.5,0.866025404,0.965925826,-0.258819045,2023-01-13,0.0,0.18683871822
13791.0,2023.0,1.0,13.0,7.5,-0.7,0.0,-1.446210407,1.013253527,36.11111111,1022.65,87.0,0.072610241,23.01,0,0.21036658,0.977622577,0.5,0.866025404,0.923879533,-0.382683432,2023-01-13,0.0,1.8576003636300003
13792.0,2023.0,1.0,13.0,8.0,0.7,0.0,-1.478207252,0.612293492,69.44444444,1022.8,82.0,0.14822424,24.6,0,0.21071717,0.97754707,0.5,0.866025404,0.866025404,-0.5,2023-01-13,0.0,5.50391666763
13793.0,2023.0,1.0,13.0,8.5,2.7,0.0,-1.092657017,0.659700137,145.8333333,1022.25,75.0,0.274294459,22.75,0,0.211067734,0.977471438,0.5,0.866025404,0.79335334,-0.608761429,2023-01-13,0.0,11.744115609880001
13794.0,2023.0,1.0,13.0,9.0,4.7,0.0,-0.707106781,0.707106781,222.2222222,1021.7,68.0,0.453572298,22.71,0,0.21141827,0.97739568,0.5,0.866025404,0.707106781,-0.707106781,2023-01-13,0.0,22.04474249746
13795.0,2023.0,1.0,13.0,9.5,6.45,0.0,-1.003553391,0.353553391,294.4444445,1021.4,61.0,0.556328626,26.9,0,0.211768779,0.977319796,0.5,0.866025404,0.608761429,-0.79335334,2023-01-13,40.7266,37.00998253686
13796.0,2023.0,1.0,13.0,10.0,8.2,0.0,-1.3,1.59e-16,366.6666667,1021.1,54.0,0.785469243,23.87,0,0.212119261,0.977243787,0.5,0.866025404,0.5,-0.866025404,2023-01-13,59.46455,55.759133367269996
13797.0,2023.0,1.0,13.0,10.5,9.9,0.0,-1.215685425,0.565685425,418.0555556,1020.35,47.0,0.762214908,22.3,0,0.212469716,0.977167652,0.5,0.866025404,0.382683432,-0.923879533,2023-01-13,76.45715,72.75652581566999
13798.0,2023.0,1.0,13.0,11.0,11.6,0.0,-1.13137085,1.13137085,469.4444444,1019.6,40.0,0.931808863,21.3,0,0.212820143,0.977091391,0.5,0.866025404,0.258819045,-0.965925826,2023-01-13,96.30875,92.60405459756998
13799.0,2023.0,1.0,13.0,11.5,12.7,0.0,-1.304789051,0.871832171,491.6666667,1018.85,39.5,0.947139882,20.01,0,0.213170543,0.977015005,0.5,0.866025404,0.130526192,-0.991444861,2023-01-13,115.25822000000001,111.55632363638999
13800.0,2023.0,1.0,13.0,12.0,13.8,0.0,-1.478207252,0.612293492,513.8888889,1018.1,39.0,0.957343139,17.0,0,0.213520915,0.976938493,0.5,0.866025404,1.22515e-16,-1.0,2023-01-13,115.25822000000001,127.83115699938999
13801.0,2023.0,1.0,13.0,12.5,14.0,0.0,-0.739103626,-0.493853254,494.4444445,1017.2,42.0,1.046106598,12.38,0,0.21387126,0.976861855,0.5,0.866025404,-0.130526192,-0.991444861,2023-01-13,115.25822000000001,140.78195668262998
13802.0,2023.0,1.0,13.0,13.0,14.2,0.0,-2.94e-16,-1.6,475.0,1016.3,45.0,0.938340302,12.1,0,0.214221578,0.976785092,0.5,0.866025404,-0.258819045,-0.965925826,2023-01-13,115.25822000000001,152.13587433682997
13803.0,2023.0,1.0,13.0,13.5,14.3,0.0,-0.497488462,-2.001043392,406.9444445,1015.95,46.5,0.790280297,12.38,0,0.214571868,0.976708203,0.5,0.866025404,-0.382683432,-0.923879533,2023-01-13,115.25822000000001,161.91954441368998
13804.0,2023.0,1.0,13.0,14.0,14.4,0.0,-0.994976924,-2.402086785,338.8888889,1015.6,48.0,0.651319338,18.0,0,0.21492213,0.976631188,0.5,0.866025404,-0.5,-0.866025404,2023-01-13,122.13422000000001,173.64329249768997
13805.0,2023.0,1.0,13.0,14.5,14.1,0.0,-0.937574409,-2.263504855,269.4444445,1015.5,48.0,0.529754442,20.0,0,0.215272365,0.976554048,0.5,0.866025404,-0.608761429,-0.79335334,2023-01-13,132.73422000000002,184.23838133768996
13806.0,2023.0,1.0,13.0,15.0,13.8,0.0,-0.880171894,-2.124922925,200.0,1015.4,48.0,0.415633241,21.0,0,0.215622572,0.976476782,0.5,0.866025404,-0.707106781,-0.707106781,2023-01-13,141.93222000000003,192.96667939868996
13807.0,2023.0,1.0,13.0,15.5,13.3,0.0,-0.440085947,-2.412461463,147.2222222,1014.9,45.5,0.298540419,21.0,0,0.215972751,0.976399391,0.5,0.866025404,-0.79335334,-0.608761429,2023-01-13,147.74922000000004,199.23602819768996
13808.0,2023.0,1.0,13.0,16.0,12.8,0.0,-4.96e-16,-2.7,94.44444444,1014.4,43.0,0.175698538,21.94,0,0.216322903,0.976321874,0.5,0.866025404,-0.866025404,-0.5,2023-01-13,195.49066000000005,203.09085412140996
13809.0,2023.0,1.0,13.0,16.5,11.3,0.0,-3.77e-16,-2.05,55.55555556,1014.3,50.0,0.118622231,21.58,0,0.216673027,0.976244231,0.5,0.866025404,-0.923879533,-0.382683432,2023-01-13,195.49066000000005,205.65072186638997
13810.0,2023.0,1.0,13.0,17.0,9.8,0.0,-2.57e-16,-1.4,16.66666667,1014.2,57.0,0.033162001,21.3,0,0.217023122,0.976166463,0.5,0.866025404,-0.965925826,-0.258819045,2023-01-13,195.49066000000005,206.35707248768998
13811.0,2023.0,1.0,13.0,17.5,9.95,0.0,-0.401817604,-1.670073509,8.333333335,1014.25,53.5,0.016400515,21.29,0,0.21737319,0.97608857,0.5,0.866025404,-0.991444861,-0.130526192,2023-01-13,195.49066000000005,206.70623945203997
13812.0,2023.0,1.0,13.0,18.0,10.1,0.0,-0.803635208,-1.940147018,0.0,1014.3,50.0,0.0,21.3,0,0.21772323,0.976010551,0.5,0.866025404,-1.0,-1.83772e-16,2023-01-13,195.49066000000005,206.70623945203997
13813.0,2023.0,1.0,13.0,18.5,9.05,0.0,-0.516622633,-0.692909649,0.0,1014.0,56.0,0.0,21.3,0,0.218073242,0.975932406,0.5,0.866025404,-0.991444861,0.130526192,2023-01-13,195.49066000000005,206.70623945203997
13814.0,2023.0,1.0,13.0,19.0,8.0,0.0,-0.229610059,0.55432772,0.0,1013.7,62.0,0.0,21.3,0,0.218423226,0.975854136,0.5,0.866025404,-0.965925826,0.258819045,2023-01-13,195.49066000000005,206.70623945203997
13815.0,2023.0,1.0,13.0,19.5,7.8,0.0,-0.11480503,-0.02283614,0.0,1013.55,63.0,0.0,21.3,0,0.218773182,0.97577574,0.5,0.866025404,-0.923879533,0.382683432,2023-01-13,195.49066000000005,206.70623945203997
13816.0,2023.0,1.0,13.0,20.0,7.6,0.0,-1.1e-16,-0.6,0.0,1013.4,64.0,0.0,21.5,0,0.21912311,0.975697219,0.5,0.866025404,-0.866025404,0.5,2023-01-13,195.49066000000005,206.70623945203997
13817.0,2023.0,1.0,13.0,20.5,7.55,0.0,-0.565685425,-0.865685425,0.0,1013.35,67.5,0.0,21.56,0,0.219473009,0.975618572,0.5,0.866025404,-0.79335334,0.608761429,2023-01-13,195.49066000000005,206.70623945203997
13818.0,2023.0,1.0,13.0,21.0,7.5,0.0,-1.13137085,-1.13137085,0.0,1013.3,71.0,0.0,21.3,0,0.219822881,0.9755398,0.5,0.866025404,-0.707106781,0.707106781,2023-01-13,195.49066000000005,206.70623945203997
13819.0,2023.0,1.0,13.0,21.5,7.2,0.0,-0.852697999,-1.258595075,0.0,1012.85,78.5,0.0,21.61,0,0.220172724,0.975460902,0.5,0.866025404,-0.608761429,0.79335334,2023-01-13,199.12114000000005,206.70623945203997
13820.0,2023.0,1.0,13.0,22.0,6.9,0.0,-0.574025149,-1.385819299,0.0,1012.4,86.0,0.0,21.3,0,0.220522538,0.975381879,0.5,0.866025404,-0.5,0.866025404,2023-01-13,199.12114000000005,206.70623945203997
13821.0,2023.0,1.0,13.0,22.5,6.7,0.0,-0.11480503,-1.108655439,0.0,1011.85,88.0,0.0,21.85,0,0.220872325,0.975302731,0.5,0.866025404,-0.382683432,0.923879533,2023-01-13,242.82114000000007,206.70623945203997
13822.0,2023.0,1.0,13.0,23.0,6.5,0.0,0.344415089,-0.831491579,0.0,1011.3,90.0,0.0,20.27,0,0.221222083,0.975223457,0.5,0.866025404,-0.258819045,0.965925826,2023-01-13,242.82114000000007,206.70623945203997
13823.0,2023.0,1.0,13.0,23.5,5.85,0.0,0.248744231,-0.600521696,0.0,1010.85,90.0,0.0,20.26,0,0.221571812,0.975144057,0.5,0.866025404,-0.130526192,0.991444861,2023-01-13,242.82114000000007,206.70623945203997
13824.0,2023.0,1.0,14.0,0.0,5.2,0.0,0.153073373,-0.369551813,0.0,1010.4,90.0,0.0,17.43,0,0.221921513,0.975064532,0.5,0.866025404,-2.4503e-16,1.0,2023-01-14,0.0,0.0
13825.0,2023.0,1.0,14.0,0.5,4.75,0.0,0.076536687,0.365224094,0.0,1009.95,92.5,0.0,17.69,0,0.222271185,0.974984882,0.5,0.866025404,0.130526192,0.991444861,2023-01-14,0.0,0.0
13826.0,2023.0,1.0,14.0,1.0,4.3,0.0,6.74e-17,1.1,0.0,1009.5,95.0,0.0,17.65,0,0.222620829,0.974905106,0.5,0.866025404,0.258819045,0.965925826,2023-01-14,0.0,0.0
13827.0,2023.0,1.0,14.0,1.5,3.75,0.0,-0.508133743,0.339524112,0.0,1009.5,95.5,0.0,17.63,0,0.222970444,0.974825205,0.5,0.866025404,0.382683432,0.923879533,2023-01-14,0.0,0.0
13828.0,2023.0,1.0,14.0,2.0,3.2,0.0,-1.016267486,-0.420951776,0.0,1009.5,96.0,0.0,17.69,0,0.223320031,0.974745179,0.5,0.866025404,0.5,0.866025404,2023-01-14,0.0,0.0
13829.0,2023.0,1.0,14.0,2.5,3.0,0.0,-0.808133743,-0.210475888,0.0,1009.25,97.0,0.0,17.69,0,0.223669589,0.974665027,0.5,0.866025404,0.608761429,0.79335334,2023-01-14,0.0,0.0
13830.0,2023.0,1.0,14.0,3.0,2.8,0.0,-0.6,7.35e-17,0.0,1009.0,98.0,0.0,17.91,0,0.224019118,0.97458475,0.5,0.866025404,0.707106781,0.707106781,2023-01-14,0.0,0.0
13831.0,2023.0,1.0,14.0,3.5,2.75,0.0,-0.85,1.04e-16,0.0,1008.65,99.0,0.0,17.88,0,0.224368618,0.974504347,0.5,0.866025404,0.79335334,0.608761429,2023-01-14,0.0,0.0
13832.0,2023.0,1.0,14.0,4.0,2.7,0.0,-1.1,1.35e-16,0.0,1008.3,100.0,0.0,17.69,0,0.224718089,0.97442382,0.5,0.866025404,0.866025404,0.5,2023-01-14,0.0,0.0
13833.0,2023.0,1.0,14.0,4.5,2.5,0.0,-1.10432772,0.22961006,0.0,1008.15,100.0,0.0,17.64,0,0.225067532,0.974343166,0.5,0.866025404,0.923879533,0.382683432,2023-01-14,0.0,0.0
13834.0,2023.0,1.0,14.0,5.0,2.3,0.0,-1.108655439,0.459220119,0.0,1008.0,100.0,0.0,17.61,0,0.225416945,0.974262388,0.5,0.866025404,0.965925826,0.258819045,2023-01-14,0.0,0.0
13835.0,2023.0,1.0,14.0,5.5,2.2,0.0,-1.049302467,0.724584807,0.0,1007.85,100.0,0.0,17.54,0,0.22576633,0.974181484,0.5,0.866025404,0.991444861,0.130526192,2023-01-14,0.0,0.0
13836.0,2023.0,1.0,14.0,6.0,2.1,0.0,-0.989949494,0.989949494,0.0,1007.7,100.0,0.0,17.47,0,0.226115686,0.974100455,0.5,0.866025404,1.0,6.12574e-17,2023-01-14,0.0,0.0
13837.0,2023.0,1.0,14.0,6.5,2.15,0.0,-1.095496443,0.246230516,1.388888889,1007.6,100.0,0.002899536,17.59,0,0.226465012,0.974019301,0.5,0.866025404,0.991444861,-0.130526192,2023-01-14,0.0,0.051002838239999994
13838.0,2023.0,1.0,14.0,7.0,2.2,0.0,-1.201043392,-0.497488462,2.777777778,1007.5,100.0,0.005721042,17.58,0,0.226814309,0.973938021,0.5,0.866025404,0.965925826,-0.258819045,2023-01-14,0.0,0.15157875659999998
13839.0,2023.0,1.0,14.0,7.5,3.35,0.0,-1.050521696,-0.248744231,31.94444444,1007.3,96.5,0.067406958,17.61,0,0.227163577,0.973856616,0.5,0.866025404,0.923879533,-0.382683432,2023-01-14,0.0,1.33861528698
13840.0,2023.0,1.0,14.0,8.0,4.5,0.0,-0.9,1.1e-16,61.11111111,1007.1,93.0,0.125632884,17.77,0,0.227512816,0.973775086,0.5,0.866025404,0.866025404,-0.5,2023-01-14,0.0,3.57111163566
13841.0,2023.0,1.0,14.0,8.5,5.6,0.0,-0.909619408,0.459619408,66.66666667,1007.1,89.5,0.13738081,18.3,0,0.227862026,0.973693431,0.5,0.866025404,0.79335334,-0.608761429,2023-01-14,0.0,6.08518045866
13842.0,2023.0,1.0,14.0,9.0,6.7,0.0,-0.919238816,0.919238816,72.22222222,1007.1,86.0,0.150242952,19.84,0,0.228211206,0.97361165,0.5,0.866025404,0.707106781,-0.707106781,2023-01-14,0.0,9.06600062634
13843.0,2023.0,1.0,14.0,9.5,7.45,0.0,-0.848528138,0.848528138,66.66666667,1006.45,84.5,0.129432112,19.16,0,0.228560357,0.973529744,0.5,0.866025404,0.608761429,-0.79335334,2023-01-14,0.0,11.545919892259999
13844.0,2023.0,1.0,14.0,10.0,8.2,0.0,-0.777817459,0.777817459,61.11111111,1005.8,83.0,0.123054672,20.0,0,0.228909479,0.973447713,0.5,0.866025404,0.5,-0.866025404,2023-01-14,14.82,14.007013332259998
13845.0,2023.0,1.0,14.0,10.5,8.85,0.0,-1.081818379,0.675921304,59.72222222,1005.25,82.0,0.120217152,18.88,0,0.229258571,0.973365557,0.5,0.866025404,0.382683432,-0.923879533,2023-01-14,14.82,16.27671316202
13846.0,2023.0,1.0,14.0,11.0,9.5,0.0,-1.385819299,0.574025149,58.33333333,1004.7,81.0,0.124842149,19.06,0,0.229607634,0.973283276,0.5,0.866025404,0.258819045,-0.965925826,2023-01-14,14.82,18.65620452196
13847.0,2023.0,1.0,14.0,11.5,10.0,0.0,-0.83149158,0.22961006,56.94444445,1003.85,81.5,0.110216183,17.98,0,0.229956667,0.973200869,0.5,0.866025404,0.130526192,-0.991444861,2023-01-14,14.82,20.6378914923
13848.0,2023.0,1.0,14.0,12.0,10.5,0.0,-0.27716386,-0.11480503,55.55555556,1003.0,82.0,0.112953607,17.98,0,0.23030567,0.973118337,0.5,0.866025404,1.22515e-16,-1.0,2023-01-14,14.82,22.668797346159998
13849.0,2023.0,1.0,14.0,12.5,10.2,0.0,-0.93858193,-0.057402515,65.27777778,1002.8,86.5,0.138019039,18.02,0,0.230654644,0.97303568,0.5,0.866025404,-0.130526192,-0.991444861,2023-01-14,14.82,25.155900428939997
13850.0,2023.0,1.0,14.0,13.0,9.9,0.0,-1.6,1.96e-16,75.0,1002.6,91.0,0.136867726,17.94,0,0.231003588,0.972952898,0.5,0.866025404,-0.258819045,-0.965925826,2023-01-14,14.82,27.61130743338
13851.0,2023.0,1.0,14.0,13.5,9.5,0.25,-1.585297603,-0.325280917,80.55555556,1002.1,91.5,0.160134569,18.0,0,0.231352503,0.972869991,0.5,0.866025404,-0.382683432,-0.923879533,2023-01-14,14.82,30.49372967538
13852.0,2023.0,1.0,14.0,14.0,9.1,0.5,-1.570595205,-0.650561835,86.11111111,1001.6,92.0,0.17859202,19.12,0,0.231701388,0.972786959,0.5,0.866025404,-0.5,-0.866025404,2023-01-14,14.82,33.90840909778
13853.0,2023.0,1.0,14.0,14.5,9.3,0.25,-1.174206332,-0.714189647,90.27777778,1001.3,93.0,0.18068728,18.87,0,0.232050243,0.972703801,0.5,0.866025404,-0.608761429,-0.79335334,2023-01-14,14.82,37.317978071380004
13854.0,2023.0,1.0,14.0,15.0,9.5,0.0,-0.777817459,-0.777817459,94.44444444,1001.0,94.0,0.188657894,19.01,0,0.232399068,0.972620519,0.5,0.866025404,-0.707106781,-0.707106781,2023-01-14,14.82,40.904364636320004
13855.0,2023.0,1.0,14.0,15.5,9.5,0.0,-0.671751442,-0.671751442,68.05555556,1001.2,93.5,0.136052476,18.97,0,0.232747863,0.972537111,0.5,0.866025404,-0.79335334,-0.608761429,2023-01-14,14.82,43.48528010604
13856.0,2023.0,1.0,14.0,16.0,9.5,0.0,-0.565685425,-0.565685425,41.66666667,1001.4,93.0,0.088638505,19.38,0,0.233096629,0.972453578,0.5,0.866025404,-0.866025404,-0.5,2023-01-14,14.82,45.203094332940005
13857.0,2023.0,1.0,14.0,16.5,9.1,0.0,-0.929558386,-0.550721115,27.77777778,1001.6,94.5,0.058599574,19.48,0,0.233445364,0.97236992,0.5,0.866025404,-0.923879533,-0.382683432,2023-01-14,48.637280000000004,46.34461403446001
13858.0,2023.0,1.0,14.0,17.0,8.7,0.0,-1.293431346,-0.535756805,13.88888889,1001.8,96.0,0.026629935,19.43,0,0.233794069,0.972286138,0.5,0.866025404,-0.965925826,-0.258819045,2023-01-14,49.16189000000001,46.862033671510005
13859.0,2023.0,1.0,14.0,17.5,8.6,0.0,-1.432013276,0.057402515,6.944444445,1001.8,95.5,0.014092265,18.52,0,0.234142744,0.97220223,0.5,0.866025404,-0.991444861,-0.130526192,2023-01-14,49.16189000000001,47.123022419310004
13860.0,2023.0,1.0,14.0,18.0,8.5,0.0,-1.570595205,0.650561835,0.0,1001.8,95.0,0.0,18.69,0,0.23449139,0.972118197,0.5,0.866025404,-1.0,-1.83772e-16,2023-01-14,49.16189000000001,47.123022419310004
13861.0,2023.0,1.0,14.0,18.5,8.15,0.0,-0.574821715,0.833414661,0.0,1001.7,97.0,0.0,18.41,0,0.234840005,0.972034039,0.5,0.866025404,-0.991444861,0.130526192,2023-01-14,49.16189000000001,47.123022419310004
13862.0,2023.0,1.0,14.0,19.0,7.8,0.0,0.420951776,1.016267486,0.0,1001.6,99.0,0.0,18.4,0,0.235188589,0.971949756,0.5,0.866025404,-0.965925826,0.258819045,2023-01-14,49.16189000000001,47.123022419310004
13863.0,2023.0,1.0,14.0,19.5,7.6,0.0,-0.589524112,0.508133743,0.0,1001.7,98.5,0.0,18.72,0,0.235537144,0.971865348,0.5,0.866025404,-0.923879533,0.382683432,2023-01-14,49.423970000000004,47.123022419310004
13864.0,2023.0,1.0,14.0,20.0,7.4,0.0,-1.6,1.96e-16,0.0,1001.8,98.0,0.0,18.23,0,0.235885668,0.971780815,0.5,0.866025404,-0.866025404,0.5,2023-01-14,49.423970000000004,47.123022419310004
13865.0,2023.0,1.0,14.0,20.5,7.6,0.0,-1.54246212,0.74246212,0.0,1001.8,96.5,0.0,18.15,0,0.236234162,0.971696157,0.5,0.866025404,-0.79335334,0.608761429,2023-01-14,49.423970000000004,47.123022419310004
13866.0,2023.0,1.0,14.0,21.0,7.8,0.0,-1.48492424,1.48492424,0.0,1001.8,95.0,0.0,18.04,0,0.236582625,0.971611374,0.5,0.866025404,-0.707106781,0.707106781,2023-01-14,49.423970000000004,47.123022419310004
13867.0,2023.0,1.0,14.0,21.5,7.35,0.0,-1.166726189,1.166726189,0.0,1002.05,95.0,0.0,18.28,0,0.236931059,0.971526466,0.5,0.866025404,-0.608761429,0.79335334,2023-01-14,49.423970000000004,47.123022419310004
13868.0,2023.0,1.0,14.0,22.0,6.9,0.0,-0.848528137,0.848528137,0.0,1002.3,95.0,0.0,18.09,0,0.237279461,0.971441433,0.5,0.866025404,-0.5,0.866025404,2023-01-14,49.423970000000004,47.123022419310004
13869.0,2023.0,1.0,14.0,22.5,6.6,0.0,-0.519934927,0.655233952,0.0,1002.1,96.0,0.0,18.4,0,0.237627833,0.971356275,0.5,0.866025404,-0.382683432,0.923879533,2023-01-14,49.423970000000004,47.123022419310004
13870.0,2023.0,1.0,14.0,23.0,6.3,0.0,-0.191341716,0.461939766,0.0,1001.9,97.0,0.0,18.02,0,0.237976175,0.971270992,0.5,0.866025404,-0.258819045,0.965925826,2023-01-14,49.423970000000004,47.123022419310004
13871.0,2023.0,1.0,14.0,23.5,6.15,0.0,-0.927162438,0.575384972,0.0,1002.45,97.5,0.0,17.54,0,0.238324486,0.971185584,0.5,0.866025404,-0.130526192,0.991444861,2023-01-14,49.423970000000004,47.123022419310004
13872.0,2023.0,1.0,15.0,0.0,6.0,0.0,-1.662983159,0.688830178,0.0,1003.0,98.0,0.0,11.73,0,0.238672766,0.971100052,0.5,0.866025404,-2.4503e-16,1.0,2023-01-15,0.0,0.0
13873.0,2023.0,1.0,15.0,0.5,6.3,0.0,-0.697552378,0.021057253,0.0,1003.0,98.0,0.0,17.35,0,0.239021016,0.971014394,0.5,0.866025404,0.130526192,0.991444861,2023-01-15,0.0,0.0
13874.0,2023.0,1.0,15.0,1.0,6.6,0.0,0.267878403,-0.646715673,0.0,1003.0,98.0,0.0,17.53,0,0.239369234,0.970928612,0.5,0.866025404,0.258819045,0.965925826,2023-01-15,0.0,0.0
13875.0,2023.0,1.0,15.0,1.5,7.95,0.0,0.965430781,0.021057253,0.0,1003.4,96.0,0.0,17.37,0,0.239717422,0.970842705,0.5,0.866025404,0.382683432,0.923879533,2023-01-15,0.0,0.0
13876.0,2023.0,1.0,15.0,2.0,9.3,0.0,1.662983159,0.688830178,0.0,1003.8,94.0,0.0,17.13,0,0.24006558,0.970756673,0.5,0.866025404,0.5,0.866025404,2023-01-15,0.0,0.0
13877.0,2023.0,1.0,15.0,2.5,8.1,0.0,0.513293528,0.662613141,0.0,1004.05,95.5,0.0,17.35,0,0.240413706,0.970670516,0.5,0.866025404,0.608761429,0.79335334,2023-01-15,0.0,0.0
13878.0,2023.0,1.0,15.0,3.0,6.9,0.0,-0.636396103,0.636396103,0.0,1004.3,97.0,0.0,17.5,0,0.240761801,0.970584234,0.5,0.866025404,0.707106781,0.707106781,2023-01-15,0.0,0.0
13879.0,2023.0,1.0,15.0,3.5,6.9,0.0,-0.494974747,0.494974747,0.0,1004.35,97.5,0.0,17.54,0,0.241109866,0.970497827,0.5,0.866025404,0.79335334,0.608761429,2023-01-15,0.0,0.0
13880.0,2023.0,1.0,15.0,4.0,6.9,0.0,-0.353553391,0.353553391,0.0,1004.4,98.0,0.0,17.55,0,0.241457899,0.970411296,0.5,0.866025404,0.866025404,0.5,2023-01-15,0.0,0.0
13881.0,2023.0,1.0,15.0,4.5,6.9,0.0,-0.476776696,0.176776696,0.0,1004.75,98.0,0.0,17.54,0,0.241805902,0.970324639,0.5,0.866025404,0.923879533,0.382683432,2023-01-15,0.0,0.0
13882.0,2023.0,1.0,15.0,5.0,6.9,0.0,-0.6,7.35e-17,0.0,1005.1,98.0,0.0,17.51,0,0.242153873,0.970237858,0.5,0.866025404,0.965925826,0.258819045,2023-01-15,0.0,0.0
13883.0,2023.0,1.0,15.0,5.5,7.8,0.0,0.301040764,0.601040764,0.0,1005.5,94.0,0.0,17.35,0,0.242501813,0.970150952,0.5,0.866025404,0.991444861,0.130526192,2023-01-15,0.0,0.0
13884.0,2023.0,1.0,15.0,6.0,8.7,0.0,1.202081528,1.202081528,0.0,1005.9,90.0,0.0,12.81,0,0.242849722,0.970063922,0.5,0.866025404,1.0,6.12574e-17,2023-01-15,0.0,0.0
13885.0,2023.0,1.0,15.0,6.5,9.15,0.0,1.432532344,0.945455853,0.0,1006.2,86.0,0.0,15.5,0,0.2431976,0.969976766,0.5,0.866025404,0.991444861,-0.130526192,2023-01-15,0.0,0.0
13886.0,2023.0,1.0,15.0,7.0,9.6,0.0,1.662983159,0.688830178,0.0,1006.5,82.0,0.0,15.0,0,0.243545446,0.969889486,0.5,0.866025404,0.965925826,-0.258819045,2023-01-15,0.0,0.0
13887.0,2023.0,1.0,15.0,7.5,9.65,0.0,1.662983159,0.688830178,5.555555555,1007.05,80.5,0.010654102,16.5,0,0.243893261,0.969802081,0.5,0.866025404,0.923879533,-0.382683432,2023-01-15,0.0,0.175792683
13888.0,2023.0,1.0,15.0,8.0,9.7,0.0,1.662983159,0.688830178,11.11111111,1007.6,79.0,0.021773556,17.58,0,0.244241045,0.969714552,0.5,0.866025404,0.866025404,-0.5,2023-01-15,0.0,0.55857179748
13889.0,2023.0,1.0,15.0,8.5,9.7,0.0,1.680019717,1.192943227,22.22222222,1007.95,75.0,0.048374216,17.35,0,0.244588797,0.969626897,0.5,0.866025404,0.79335334,-0.608761429,2023-01-15,0.0,1.39786444508
13890.0,2023.0,1.0,15.0,9.0,9.7,0.0,1.697056275,1.697056275,33.33333333,1008.3,71.0,0.073789088,18.0,0,0.244936518,0.969539118,0.5,0.866025404,0.707106781,-0.707106781,2023-01-15,0.0,2.7260680290800003
13891.0,2023.0,1.0,15.0,9.5,9.8,0.0,1.590990258,1.590990258,43.05555556,1008.4,71.0,0.083639362,17.7,0,0.245284208,0.969451215,0.5,0.866025404,0.608761429,-0.79335334,2023-01-15,0.0,4.20648473648
13892.0,2023.0,1.0,15.0,10.0,9.9,0.0,1.48492424,1.48492424,52.77777778,1008.5,71.0,0.098370489,17.69,0,0.245631866,0.969363186,0.5,0.866025404,0.5,-0.866025404,2023-01-15,0.0,5.94665868689
13893.0,2023.0,1.0,15.0,10.5,9.95,0.0,1.661700935,1.661700935,65.27777778,1008.3,70.5,0.123958077,16.0,0,0.245979492,0.969275033,0.5,0.866025404,0.382683432,-0.923879533,2023-01-15,0.0,7.92998791889
13894.0,2023.0,1.0,15.0,11.0,10.0,0.0,1.838477631,1.838477631,77.77777778,1008.1,70.0,0.167031705,15.0,0,0.246327086,0.969186755,0.5,0.866025404,0.258819045,-0.965925826,2023-01-15,0.0,10.435463493890001
13895.0,2023.0,1.0,15.0,11.5,10.05,0.0,1.838477631,1.838477631,77.77777778,1007.6,70.0,0.164945686,15.0,0,0.246674649,0.969098353,0.5,0.866025404,0.130526192,-0.991444861,2023-01-15,0.0,12.909648783890002
13896.0,2023.0,1.0,15.0,12.0,10.1,0.0,1.838477631,1.838477631,77.77777778,1007.1,70.0,0.156574704,15.0,0,0.24702218,0.969009826,0.5,0.866025404,1.22515e-16,-1.0,2023-01-15,0.0,15.258269343890003
13897.0,2023.0,1.0,15.0,12.5,10.3,0.0,2.027894255,1.378458935,80.55555556,1006.8,69.5,0.153076298,14.0,0,0.24736968,0.968921174,0.5,0.866025404,-0.130526192,-0.991444861,2023-01-15,0.0,17.401337515890003
13898.0,2023.0,1.0,15.0,13.0,10.5,0.0,2.217310878,0.918440238,83.33333333,1006.5,69.0,0.168653942,15.0,0,0.247717148,0.968832398,0.5,0.866025404,-0.258819045,-0.965925826,2023-01-15,0.0,19.931146645890003
13899.0,2023.0,1.0,15.0,13.5,10.45,0.0,1.886472899,1.237037579,73.61111111,1006.65,69.5,0.133718652,14.0,0,0.248064583,0.968743497,0.5,0.866025404,-0.382683432,-0.923879533,2023-01-15,0.0,21.80320777389
13900.0,2023.0,1.0,15.0,14.0,10.4,0.0,1.555634919,1.555634919,63.88888889,1006.8,70.0,0.110220529,15.0,0,0.248411987,0.968654471,0.5,0.866025404,-0.5,-0.866025404,2023-01-15,0.0,23.456515708890002
13901.0,2023.0,1.0,15.0,14.5,10.3,0.0,1.484924241,1.484924241,47.22222222,1006.85,70.5,0.092547316,17.43,0,0.248759359,0.968565321,0.5,0.866025404,-0.608761429,-0.79335334,2023-01-15,0.0,25.069615426770003
13902.0,2023.0,1.0,15.0,15.0,10.2,0.0,1.414213562,1.414213562,30.55555556,1006.9,71.0,0.0632504,17.69,0,0.249106699,0.968476046,0.5,0.866025404,-0.707106781,-0.707106781,2023-01-15,0.0,26.188515002770004
13903.0,2023.0,1.0,15.0,15.5,10.05,0.0,0.936716841,1.261434501,22.22222223,1006.85,72.0,0.048723892,17.89,0,0.249454007,0.968386647,0.5,0.866025404,-0.79335334,-0.608761429,2023-01-15,0.0,27.060185430650005
13904.0,2023.0,1.0,15.0,16.0,9.9,0.0,0.459220119,1.108655439,13.88888889,1006.8,73.0,0.02841928,17.97,0,0.249801283,0.968297123,0.5,0.866025404,-0.866025404,-0.5,2023-01-15,0.0,27.570879892250005
13905.0,2023.0,1.0,15.0,16.5,9.75,0.0,0.22961006,1.15432772,8.333333334,1007.25,74.5,0.015916867,18.17,0,0.250148526,0.968207475,0.5,0.866025404,-0.923879533,-0.382683432,2023-01-15,0.0,27.860089365640004
13906.0,2023.0,1.0,15.0,17.0,9.6,0.0,7.35e-17,1.2,2.777777778,1007.7,76.0,0.005582107,19.38,0,0.250495738,0.968117702,0.5,0.866025404,-0.965925826,-0.258819045,2023-01-15,0.0,27.968270599300006
13907.0,2023.0,1.0,15.0,17.5,9.0,0.0,1.07e-16,1.75,1.388888889,1008.15,84.0,0.002746003,20.29,0,0.250842917,0.968027805,0.5,0.866025404,-0.991444861,-0.130526192,2023-01-15,0.0,28.023987000170006
13908.0,2023.0,1.0,15.0,18.0,8.4,0.0,1.41e-16,2.3,0.0,1008.6,92.0,0.0,20.39,0,0.251190064,0.967937783,0.5,0.866025404,-1.0,-1.83772e-16,2023-01-15,36.17186,28.023987000170006
13909.0,2023.0,1.0,15.0,18.5,8.15,0.75,0.191341716,1.611939767,0.0,1008.5,95.0,0.0,20.29,0,0.251537179,0.967847637,0.5,0.866025404,-0.991444861,0.130526192,2023-01-15,36.17186,28.023987000170006
13910.0,2023.0,1.0,15.0,19.0,7.9,1.5,0.382683432,0.923879533,0.0,1008.4,98.0,0.0,20.29,0,0.251884261,0.967757366,0.5,0.866025404,-0.965925826,0.258819045,2023-01-15,36.17186,28.023987000170006
13911.0,2023.0,1.0,15.0,19.5,7.9,0.75,0.554890977,1.339625322,0.0,1008.35,97.5,0.0,20.0,0,0.252231311,0.967666971,0.5,0.866025404,-0.923879533,0.382683432,2023-01-15,36.17186,28.023987000170006
13912.0,2023.0,1.0,15.0,20.0,7.9,0.0,0.727098521,1.755371112,0.0,1008.3,97.0,0.0,19.99,0,0.252578328,0.967576451,0.5,0.866025404,-0.866025404,0.5,2023-01-15,36.17186,28.023987000170006
13913.0,2023.0,1.0,15.0,20.5,7.85,0.25,1.176722059,1.690858355,0.0,1007.75,97.5,0.0,19.99,0,0.252925313,0.967485807,0.5,0.866025404,-0.79335334,0.608761429,2023-01-15,36.17186,28.023987000170006
13914.0,2023.0,1.0,15.0,21.0,7.8,0.5,1.626345597,1.626345597,0.0,1007.2,98.0,0.0,19.9,0,0.253272266,0.967395038,0.5,0.866025404,-0.707106781,0.707106781,2023-01-15,36.17186,28.023987000170006
13915.0,2023.0,1.0,15.0,21.5,7.65,0.5,1.119319545,1.552276425,0.0,1007.3,98.0,0.0,19.83,0,0.253619186,0.967304145,0.5,0.866025404,-0.608761429,0.79335334,2023-01-15,36.17186,28.023987000170006
13916.0,2023.0,1.0,15.0,22.0,7.5,0.5,0.612293492,1.478207252,0.0,1007.4,98.0,0.0,19.11,0,0.253966073,0.967213127,0.5,0.866025404,-0.5,0.866025404,2023-01-15,36.17186,28.023987000170006
13917.0,2023.0,1.0,15.0,22.5,7.4,0.75,0.306146746,1.489103626,0.0,1007.15,99.0,0.0,18.73,0,0.254312928,0.967121985,0.5,0.866025404,-0.382683432,0.923879533,2023-01-15,36.17186,28.023987000170006
13918.0,2023.0,1.0,15.0,23.0,7.3,1.0,9.19e-17,1.5,0.0,1006.9,100.0,0.0,18.02,0,0.25465975,0.967030719,0.5,0.866025404,-0.258819045,0.965925826,2023-01-15,36.17186,28.023987000170006
13919.0,2023.0,1.0,15.0,23.5,7.2,1.25,-0.344415089,1.58149158,0.0,1006.65,100.0,0.0,17.62,0,0.255006539,0.966939329,0.5,0.866025404,-0.130526192,0.991444861,2023-01-15,36.17186,28.023987000170006
13920.0,2023.0,1.0,16.0,0.0,7.1,1.5,-0.688830178,1.662983159,0.0,1006.4,100.0,0.0,17.0,0,0.255353295,0.966847814,0.5,0.866025404,-2.4503e-16,1.0,2023-01-16,0.0,0.0
13921.0,2023.0,1.0,16.0,0.5,7.0,1.5,-0.669696006,1.616789182,0.0,1006.25,100.0,0.0,17.54,0,0.255700019,0.966756174,0.5,0.866025404,0.130526192,0.991444861,2023-01-16,0.0,0.0
13922.0,2023.0,1.0,16.0,1.0,6.9,1.5,-0.650561835,1.570595205,0.0,1006.1,100.0,0.0,17.46,0,0.256046709,0.966664411,0.5,0.866025404,0.258819045,0.965925826,2023-01-16,0.0,0.0
13923.0,2023.0,1.0,16.0,1.5,6.8,1.25,-0.325280917,1.385297603,0.0,1005.85,100.0,0.0,17.1,0,0.256393367,0.966572523,0.5,0.866025404,0.382683432,0.923879533,2023-01-16,0.0,0.0
13924.0,2023.0,1.0,16.0,2.0,6.7,1.0,7.35e-17,1.2,0.0,1005.6,100.0,0.0,17.46,0,0.256739992,0.96648051,0.5,0.866025404,0.5,0.866025404,2023-01-16,0.0,0.0
13925.0,2023.0,1.0,16.0,2.5,6.6,0.5,5.51e-17,0.9,0.0,1005.2,100.0,0.0,17.17,0,0.257086583,0.966388374,0.5,0.866025404,0.608761429,0.79335334,2023-01-16,0.0,0.0
13926.0,2023.0,1.0,16.0,3.0,6.5,0.0,3.68e-17,0.6,0.0,1004.8,100.0,0.0,17.01,0,0.257433142,0.966296113,0.5,0.866025404,0.707106781,0.707106781,2023-01-16,0.0,0.0
13927.0,2023.0,1.0,16.0,3.5,6.45,0.0,0.646715673,0.567878403,0.0,1004.6,100.0,0.0,15.85,0,0.257779668,0.966203727,0.5,0.866025404,0.79335334,0.608761429,2023-01-16,0.0,0.0
13928.0,2023.0,1.0,16.0,4.0,6.4,0.0,1.293431346,0.535756805,0.0,1004.4,100.0,0.0,17.09,0,0.25812616,0.966111218,0.5,0.866025404,0.866025404,0.5,2023-01-16,0.0,0.0
13929.0,2023.0,1.0,16.0,4.5,6.35,0.25,0.646715673,0.767878403,0.0,1004.45,100.0,0.0,17.54,0,0.258472619,0.966018584,0.5,0.866025404,0.923879533,0.382683432,2023-01-16,0.0,0.0
13930.0,2023.0,1.0,16.0,5.0,6.3,0.5,6.13e-17,1.0,0.0,1004.5,100.0,0.0,17.63,0,0.258819045,0.965925826,0.5,0.866025404,0.965925826,0.258819045,2023-01-16,0.0,0.0
13931.0,2023.0,1.0,16.0,5.5,6.25,0.5,0.38890873,0.88890873,0.0,1004.55,100.0,0.0,17.62,0,0.259165438,0.965832944,0.5,0.866025404,0.991444861,0.130526192,2023-01-16,0.0,0.0
13932.0,2023.0,1.0,16.0,6.0,6.2,0.5,0.777817459,0.777817459,0.0,1004.6,100.0,0.0,17.73,0,0.259511797,0.965739938,0.5,0.866025404,1.0,6.12574e-17,2023-01-16,0.0,0.0
13933.0,2023.0,1.0,16.0,6.5,6.25,0.25,0.38890873,0.98890873,0.0,1004.9,100.0,0.0,18.15,0,0.259858123,0.965646807,0.5,0.866025404,0.991444861,-0.130526192,2023-01-16,0.0,0.0
13934.0,2023.0,1.0,16.0,7.0,6.3,0.0,7.35e-17,1.2,0.0,1005.2,100.0,0.0,18.65,0,0.260204416,0.965553552,0.5,0.866025404,0.965925826,-0.258819045,2023-01-16,0.0,0.0
13935.0,2023.0,1.0,16.0,7.5,6.3,0.25,-0.210475888,1.108133743,1.388888889,1005.45,100.0,0.00261411,18.58,0,0.260550675,0.965460173,0.5,0.866025404,0.923879533,-0.382683432,2023-01-16,0.0,0.04857016379999999
13936.0,2023.0,1.0,16.0,8.0,6.3,0.5,-0.420951776,1.016267486,2.777777778,1005.7,100.0,0.005954012,19.9,0,0.2608969,0.96536667,0.5,0.866025404,0.866025404,-0.5,2023-01-16,0.0,0.16705500259999997
13937.0,2023.0,1.0,16.0,8.5,6.25,0.5,0.213788181,0.932397812,6.944444444,1006.0,99.5,0.013192535,20.37,0,0.261243092,0.965273043,0.5,0.866025404,0.79335334,-0.608761429,2023-01-16,0.0,0.43578694055
13938.0,2023.0,1.0,16.0,9.0,6.2,0.5,0.848528137,0.848528137,11.11111111,1006.3,99.0,0.022957732,22.91,0,0.26158925,0.965179291,0.5,0.866025404,0.707106781,-0.707106781,2023-01-16,0.0,0.96174858067
13939.0,2023.0,1.0,16.0,9.5,6.0,0.5,1.272792206,1.272792206,20.83333334,1006.2,98.5,0.043059799,23.24,0,0.261935375,0.965085415,0.5,0.866025404,0.608761429,-0.79335334,2023-01-16,0.0,1.96245830943
13940.0,2023.0,1.0,16.0,10.0,5.8,0.5,1.697056275,1.697056275,30.55555556,1006.1,98.0,0.05789022,23.24,0,0.262281466,0.964991416,0.5,0.866025404,0.5,-0.866025404,2023-01-16,0.0,3.3078270222299997
13941.0,2023.0,1.0,16.0,10.5,5.9,1.0,1.269479913,1.864795624,41.66666667,1006.0,98.0,0.084246249,22.7,0,0.262627524,0.964897292,0.5,0.866025404,0.382683432,-0.923879533,2023-01-16,0.0,5.220216874529999
13942.0,2023.0,1.0,16.0,11.0,6.0,1.5,0.841903551,2.032534972,52.77777778,1005.9,98.0,0.107318029,22.96,0,0.262973547,0.964803044,0.5,0.866025404,0.258819045,-0.965925826,2023-01-16,0.0,7.684238820369999
13943.0,2023.0,1.0,16.0,11.5,5.9,1.5,1.269479913,1.864795624,62.5,1005.65,97.0,0.118875892,20.01,0,0.263319537,0.964708672,0.5,0.866025404,0.130526192,-0.991444861,2023-01-16,0.0,10.06294541929
13944.0,2023.0,1.0,16.0,12.0,5.8,1.5,1.697056275,1.697056275,72.22222222,1005.4,96.0,0.140270581,20.0,0,0.263665493,0.964614176,0.5,0.866025404,1.22515e-16,-1.0,2023-01-16,0.0,12.86835703929
13945.0,2023.0,1.0,16.0,12.5,5.7,1.5,1.3460166,2.04957153,90.27777776,1005.45,95.0,0.181752027,17.68,0,0.264011415,0.964519555,0.5,0.866025404,-0.130526192,-0.991444861,2023-01-16,0.0,16.08173287665
13946.0,2023.0,1.0,16.0,13.0,5.6,1.5,0.994976924,2.402086785,108.3333333,1005.5,94.0,0.217307672,17.52,0,0.264357303,0.964424811,0.5,0.866025404,-0.258819045,-0.965925826,2023-01-16,0.0,19.88896329009
13947.0,2023.0,1.0,16.0,13.5,5.3,1.25,1.310661261,2.014216191,90.27777776,1005.95,94.5,0.1721793,17.82,0,0.264703157,0.964329943,0.5,0.866025404,-0.382683432,-0.923879533,2023-01-16,0.0,22.95719841609
13948.0,2023.0,1.0,16.0,14.0,5.0,1.0,1.626345597,1.626345597,72.22222222,1006.4,95.0,0.148175428,17.8,0,0.265048977,0.964234951,0.5,0.866025404,-0.5,-0.866025404,2023-01-16,0.0,25.59472103449
13949.0,2023.0,1.0,16.0,14.5,5.0,0.5,1.803122292,1.803122292,72.22222222,1006.75,94.0,0.145866671,17.8,0,0.265394762,0.964139834,0.5,0.866025404,-0.608761429,-0.79335334,2023-01-16,0.0,28.191147778290002
13950.0,2023.0,1.0,16.0,15.0,5.0,0.0,1.979898987,1.979898987,72.22222222,1007.1,93.0,0.135024825,18.23,0,0.265740514,0.964044594,0.5,0.866025404,-0.707106781,-0.707106781,2023-01-16,0.0,30.65265033804
13951.0,2023.0,1.0,16.0,15.5,5.05,0.0,1.636665167,1.257827896,45.83333333,1007.6,93.5,0.094960289,18.09,0,0.266086232,0.96394923,0.5,0.866025404,-0.79335334,-0.608761429,2023-01-16,0.0,32.37048196605
13952.0,2023.0,1.0,16.0,16.0,5.1,0.0,1.293431346,0.535756805,19.44444444,1008.1,94.0,0.041979832,19.43,0,0.266431915,0.963853741,0.5,0.866025404,-0.866025404,-0.5,2023-01-16,0.0,33.18615010181
13953.0,2023.0,1.0,16.0,16.5,4.95,0.0,1.196715673,0.267878403,12.5,1008.5,94.5,0.02612934,22.3,0,0.266777564,0.963758129,0.5,0.866025404,-0.923879533,-0.382683432,2023-01-16,0.0,33.76883438381
13954.0,2023.0,1.0,16.0,17.0,4.8,0.0,1.1,0.0,5.555555556,1008.9,95.0,0.011111266,23.01,0,0.267123179,0.963662393,0.5,0.866025404,-0.965925826,-0.258819045,2023-01-16,0.0,34.024504614470004
13955.0,2023.0,1.0,16.0,17.5,4.5,0.0,0.85,0.0,2.777777778,1009.35,97.5,0.005736708,23.23,0,0.267468759,0.963566533,0.5,0.866025404,-0.991444861,-0.130526192,2023-01-16,0.0,34.15776834131
13956.0,2023.0,1.0,16.0,18.0,4.2,0.0,0.6,0.0,0.0,1009.8,100.0,0.0,23.5,0,0.267814305,0.963470549,0.5,0.866025404,-1.0,-1.83772e-16,2023-01-16,41.736,34.15776834131
13957.0,2023.0,1.0,16.0,18.5,4.0,0.0,-0.1,4.9e-17,0.0,1010.35,100.0,0.0,23.01,0,0.268159817,0.963374441,0.5,0.866025404,-0.991444861,0.130526192,2023-01-16,41.736,34.15776834131
13958.0,2023.0,1.0,16.0,19.0,3.8,0.0,-0.8,9.8e-17,0.0,1010.9,100.0,0.0,22.4,0,0.268505294,0.963278209,0.5,0.866025404,-0.965925826,0.258819045,2023-01-16,41.736,34.15776834131
13959.0,2023.0,1.0,16.0,19.5,3.3,0.0,-1.0,1.23e-16,0.0,1011.45,100.0,0.0,20.47,0,0.268850736,0.963181853,0.5,0.866025404,-0.923879533,0.382683432,2023-01-16,41.736,34.15776834131
13960.0,2023.0,1.0,16.0,20.0,2.8,0.0,-1.2,1.47e-16,0.0,1012.0,100.0,0.0,20.29,0,0.269196144,0.963085373,0.5,0.866025404,-0.866025404,0.5,2023-01-16,41.736,34.15776834131
13961.0,2023.0,1.0,16.0,20.5,2.2,0.0,-0.95,1.16e-16,0.0,1012.3,100.0,0.0,20.0,0,0.269541518,0.96298877,0.5,0.866025404,-0.79335334,0.608761429,2023-01-16,41.736,34.15776834131
13962.0,2023.0,1.0,16.0,21.0,1.6,0.0,-0.7,8.58e-17,0.0,1012.6,100.0,0.0,20.2,0,0.269886856,0.962892042,0.5,0.866025404,-0.707106781,0.707106781,2023-01-16,41.736,34.15776834131
13963.0,2023.0,1.0,16.0,21.5,1.1,0.0,-0.024719082,0.785297603,0.0,1013.0,100.0,0.0,20.29,0,0.27023216,0.962795191,0.5,0.866025404,-0.608761429,0.79335334,2023-01-16,41.736,34.15776834131
13964.0,2023.0,1.0,16.0,22.0,0.6,0.0,0.650561835,1.570595205,0.0,1013.4,100.0,0.0,19.99,0,0.270577429,0.962698216,0.5,0.866025404,-0.5,0.866025404,2023-01-16,41.736,34.15776834131
13965.0,2023.0,1.0,16.0,22.5,0.65,0.0,0.325280918,1.835297603,0.0,1013.7,100.0,0.0,20.0,0,0.270922664,0.962601117,0.5,0.866025404,-0.382683432,0.923879533,2023-01-16,41.736,34.15776834131
13966.0,2023.0,1.0,16.0,23.0,0.7,0.0,1.29e-16,2.1,0.0,1014.0,100.0,0.0,18.74,0,0.271267863,0.962503894,0.5,0.866025404,-0.258819045,0.965925826,2023-01-16,41.736,34.15776834131
13967.0,2023.0,1.0,16.0,23.5,0.8,0.0,0.75,1.05,0.0,1014.35,100.0,0.0,18.23,0,0.271613028,0.962406548,0.5,0.866025404,-0.130526192,0.991444861,2023-01-16,41.736,34.15776834131
13968.0,2023.0,1.0,17.0,0.0,0.9,0.0,1.5,0.0,0.0,1014.7,100.0,0.0,17.61,0,0.271958158,0.962309077,0.5,0.866025404,-2.4503e-16,1.0,2023-01-17,0.0,0.0
13969.0,2023.0,1.0,17.0,0.5,0.35,0.0,1.396715673,-0.267878403,0.0,1015.0,100.0,0.0,18.19,0,0.272303252,0.962211483,0.5,0.866025404,0.130526192,0.991444861,2023-01-17,0.0,0.0
13970.0,2023.0,1.0,17.0,1.0,-0.2,0.0,1.293431346,-0.535756805,0.0,1015.3,100.0,0.0,17.76,0,0.272648312,0.962113766,0.5,0.866025404,0.258819045,0.965925826,2023-01-17,0.0,0.0
13971.0,2023.0,1.0,17.0,1.5,-0.65,0.0,1.201043393,-0.497488462,0.0,1015.75,100.0,0.0,17.58,0,0.272993337,0.962015924,0.5,0.866025404,0.382683432,0.923879533,2023-01-17,0.0,0.0
13972.0,2023.0,1.0,17.0,2.0,-1.1,0.0,1.108655439,-0.459220119,0.0,1016.2,100.0,0.0,17.64,0,0.273338326,0.961917959,0.5,0.866025404,0.5,0.866025404,2023-01-17,0.0,0.0
13973.0,2023.0,1.0,17.0,2.5,-1.35,0.0,0.554327719,-0.62961006,0.0,1016.25,100.0,0.0,17.76,0,0.273683281,0.96181987,0.5,0.866025404,0.608761429,0.79335334,2023-01-17,0.0,0.0
13974.0,2023.0,1.0,17.0,3.0,-1.6,0.0,-1.47e-16,-0.8,0.0,1016.3,100.0,0.0,17.73,0,0.2740282,0.961721657,0.5,0.866025404,0.707106781,0.707106781,2023-01-17,0.0,0.0
13975.0,2023.0,1.0,17.0,3.5,-1.75,0.0,0.494974747,0.094974747,0.0,1016.4,100.0,0.0,17.72,0,0.274373084,0.961623321,0.5,0.866025404,0.79335334,0.608761429,2023-01-17,0.0,0.0
13976.0,2023.0,1.0,17.0,4.0,-1.9,0.0,0.989949494,0.989949494,0.0,1016.5,100.0,0.0,17.87,0,0.274717932,0.961524861,0.5,0.866025404,0.866025404,0.5,2023-01-17,0.0,0.0
13977.0,2023.0,1.0,17.0,4.5,-1.65,0.0,0.910720537,0.322767203,0.0,1016.75,99.5,0.0,17.82,0,0.275062746,0.961426277,0.5,0.866025404,0.923879533,0.382683432,2023-01-17,0.0,0.0
13978.0,2023.0,1.0,17.0,5.0,-1.4,0.0,0.831491579,-0.344415089,0.0,1017.0,99.0,0.0,17.95,0,0.275407524,0.96132757,0.5,0.866025404,0.965925826,0.258819045,2023-01-17,0.0,0.0
13979.0,2023.0,1.0,17.0,5.5,-1.75,0.0,1.016267486,0.076536687,0.0,1017.4,99.5,0.0,18.26,0,0.275752266,0.961228739,0.5,0.866025404,0.991444861,0.130526192,2023-01-17,0.0,0.0
13980.0,2023.0,1.0,17.0,6.0,-2.1,0.0,1.201043392,0.497488462,0.0,1017.8,100.0,0.0,18.46,0,0.276096973,0.961129784,0.5,0.866025404,1.0,6.12574e-17,2023-01-17,0.0,0.0
13981.0,2023.0,1.0,17.0,6.5,-2.45,0.0,0.200521696,0.248744231,1.388888889,1018.6,100.0,0.002666214,20.21,0,0.276441645,0.961030706,0.5,0.866025404,0.991444861,-0.130526192,2023-01-17,0.0,0.05388418494
13982.0,2023.0,1.0,17.0,7.0,-2.8,0.0,-0.8,9.8e-17,2.777777778,1019.4,100.0,0.00573578,23.0,0,0.276786281,0.960931504,0.5,0.866025404,0.965925826,-0.258819045,2023-01-17,0.0,0.18580712494
13983.0,2023.0,1.0,17.0,7.5,-2.0,0.0,-0.208658284,0.461939767,31.94444444,1019.65,99.5,0.06330042,23.37,0,0.277130881,0.960832178,0.5,0.866025404,0.923879533,-0.382683432,2023-01-17,1.6826400000000004,1.66513794034
13984.0,2023.0,1.0,17.0,8.0,-1.2,0.0,0.382683432,0.923879533,61.11111111,1019.9,99.0,0.125468615,23.36,0,0.277475446,0.960732729,0.5,0.866025404,0.866025404,-0.5,2023-01-17,4.60264,4.59608478674
13985.0,2023.0,1.0,17.0,8.5,0.2,0.0,0.686316463,0.956914514,105.5555556,1020.35,92.0,0.207630547,22.4,0,0.277819975,0.960633157,0.5,0.866025404,0.79335334,-0.608761429,2023-01-17,9.26184,9.24700903954
13986.0,2023.0,1.0,17.0,9.0,1.6,0.0,0.989949494,0.989949494,150.0,1020.8,85.0,0.293559527,22.2,0,0.278164468,0.96053346,0.5,0.866025404,0.707106781,-0.707106781,2023-01-17,15.78864,15.764030538939998
13987.0,2023.0,1.0,17.0,9.5,2.2,0.0,0.494974747,0.894974747,187.5,1020.95,79.5,0.393566067,21.0,0,0.278508926,0.960433641,0.5,0.866025404,0.608761429,-0.79335334,2023-01-17,24.062640000000002,24.028917945939998
13988.0,2023.0,1.0,17.0,10.0,2.8,0.0,4.9e-17,0.8,225.0,1021.1,74.0,0.460879089,18.94,0,0.278853347,0.960333698,0.5,0.866025404,0.5,-0.866025404,2023-01-17,32.793980000000005,32.7579678916
13989.0,2023.0,1.0,17.0,10.5,3.25,0.0,0.191341716,0.861939767,256.9444445,1021.05,68.5,0.496170735,18.24,0,0.279197733,0.960233631,0.5,0.866025404,0.382683432,-0.923879533,2023-01-17,32.793980000000005,41.808122098
13990.0,2023.0,1.0,17.0,11.0,3.7,0.0,0.382683432,0.923879533,288.8888889,1021.0,63.0,0.538636225,17.99,0,0.279542083,0.960133441,0.5,0.866025404,0.258819045,-0.965925826,2023-01-17,32.793980000000005,51.49818778575
13991.0,2023.0,1.0,17.0,11.5,3.9,0.0,0.401817604,0.97007351,252.7777778,1020.65,62.5,0.488042524,17.85,0,0.279886397,0.960033127,0.5,0.866025404,0.130526192,-0.991444861,2023-01-17,32.793980000000005,60.20974683915
13992.0,2023.0,1.0,17.0,12.0,4.1,0.0,0.420951776,1.016267486,216.6666667,1020.3,62.0,0.439266919,17.79,0,0.280230675,0.95993269,0.5,0.866025404,1.22515e-16,-1.0,2023-01-17,32.793980000000005,68.02430532816
13993.0,2023.0,1.0,17.0,12.5,4.25,0.0,0.325280918,0.230969883,180.5555556,1020.1,61.0,0.384458755,17.53,0,0.280574917,0.959832129,0.5,0.866025404,-0.130526192,-0.991444861,2023-01-17,32.793980000000005,74.76386730331
13994.0,2023.0,1.0,17.0,13.0,4.4,0.0,0.229610059,-0.55432772,144.4444444,1019.9,60.0,0.289884323,17.52,0,0.280919123,0.959731445,0.5,0.866025404,-0.258819045,-0.965925826,2023-01-17,32.793980000000005,79.84264064227
13995.0,2023.0,1.0,17.0,13.5,4.8,0.0,0.344415089,-0.83149158,194.4444444,1019.65,57.0,0.371272549,17.87,0,0.281263293,0.959630637,0.5,0.866025404,-0.382683432,-0.923879533,2023-01-17,32.793980000000005,86.4772810929
13996.0,2023.0,1.0,17.0,14.0,5.2,0.0,0.459220119,-1.108655439,244.4444444,1019.4,54.0,0.520308704,18.2,0,0.281607426,0.959529706,0.5,0.866025404,-0.5,-0.866025404,2023-01-17,32.793980000000005,95.9468995057
13997.0,2023.0,1.0,17.0,14.5,5.6,0.0,1.179610059,-0.55432772,252.7777778,1018.7,54.0,0.507061303,18.3,0,0.281951524,0.959428652,0.5,0.866025404,-0.608761429,-0.79335334,2023-01-17,33.416180000000004,105.22612135060001
13998.0,2023.0,1.0,17.0,15.0,6.0,0.0,1.9,0.0,261.1111111,1018.0,54.0,0.59139823,19.43,0,0.282295585,0.959327474,0.5,0.866025404,-0.707106781,-0.707106781,2023-01-17,44.89931,116.71698895950001
13999.0,2023.0,1.0,17.0,15.5,5.75,0.0,1.7,0.0,222.2222222,1018.2,51.0,0.43687192,19.51,0,0.28263961,0.959226173,0.5,0.866025404,-0.79335334,-0.608761429,2023-01-17,53.42518,125.24036011870001
14000.0,2023.0,1.0,17.0,16.0,5.5,0.0,1.5,0.0,183.3333333,1018.4,48.0,0.369570406,20.0,0,0.282983598,0.959124749,0.5,0.866025404,-0.866025404,-0.5,2023-01-17,60.825179999999996,132.6317682387
14001.0,2023.0,1.0,17.0,16.5,3.9,0.0,1.25,0.0,109.7222222,1018.45,63.5,0.232687313,22.83,0,0.28332755,0.959023201,0.5,0.866025404,-0.923879533,-0.382683432,2023-01-17,66.14457,137.94401959449002
14002.0,2023.0,1.0,17.0,17.0,2.3,0.0,1.0,0.0,36.11111111,1018.5,79.0,0.070216736,23.55,0,0.283671466,0.958921529,0.5,0.866025404,-0.965925826,-0.258819045,2023-01-17,67.79307,139.59762372729003
14003.0,2023.0,1.0,17.0,17.5,2.05,0.0,0.289524112,0.508133743,18.05555556,1019.2,81.0,0.036435077,23.63,0,0.284015345,0.958819735,0.5,0.866025404,-0.991444861,-0.130526192,2023-01-17,68.64375,140.45858459680002
14004.0,2023.0,1.0,17.0,18.0,1.8,0.0,-0.420951776,1.016267486,0.0,1019.9,83.0,0.0,23.67,0,0.284359187,0.958717817,0.5,0.866025404,-1.0,-1.83772e-16,2023-01-17,68.64375,140.45858459680002
14005.0,2023.0,1.0,17.0,18.5,2.3,0.0,0.039524112,0.508133743,0.0,1020.2,82.5,0.0,23.71,0,0.284702993,0.958615776,0.5,0.866025404,-0.991444861,0.130526192,2023-01-17,116.06375,140.45858459680002
14006.0,2023.0,1.0,17.0,19.0,2.8,0.0,0.5,0.0,0.0,1020.5,82.0,0.0,23.81,0,0.285046763,0.958513611,0.5,0.866025404,-0.965925826,0.258819045,2023-01-17,163.68375,140.45858459680002
14007.0,2023.0,1.0,17.0,19.5,2.8,0.0,0.460475888,0.508133743,0.0,1020.2,83.0,0.0,23.38,0,0.285390495,0.958411324,0.5,0.866025404,-0.923879533,0.382683432,2023-01-17,163.68375,140.45858459680002
14008.0,2023.0,1.0,17.0,20.0,2.8,0.0,0.420951776,1.016267486,0.0,1019.9,84.0,0.0,23.38,0,0.285734191,0.958308913,0.5,0.866025404,-0.866025404,0.5,2023-01-17,163.68375,140.45858459680002
14009.0,2023.0,1.0,17.0,20.5,2.9,0.0,0.210475888,0.508133743,0.0,1019.7,82.0,0.0,22.94,0,0.286077851,0.958206378,0.5,0.866025404,-0.79335334,0.608761429,2023-01-17,163.68375,140.45858459680002
14010.0,2023.0,1.0,17.0,21.0,3.0,0.0,0.0,0.0,0.0,1019.5,80.0,0.0,22.0,0,0.286421473,0.958103721,0.5,0.866025404,-0.707106781,0.707106781,2023-01-17,163.68375,140.45858459680002
14011.0,2023.0,1.0,17.0,21.5,2.9,0.0,0.461939767,-0.191341716,0.0,1019.35,85.5,0.0,20.39,0,0.286765059,0.95800094,0.5,0.866025404,-0.608761429,0.79335334,2023-01-17,163.68375,140.45858459680002
14012.0,2023.0,1.0,17.0,22.0,2.8,0.0,0.923879533,-0.382683432,0.0,1019.2,91.0,0.0,19.99,0,0.287108608,0.957898036,0.5,0.866025404,-0.5,0.866025404,2023-01-17,163.68375,140.45858459680002
14013.0,2023.0,1.0,17.0,22.5,2.75,0.0,0.461939767,0.208658284,0.0,1018.9,94.0,0.0,19.9,0,0.287452119,0.957795009,0.5,0.866025404,-0.382683432,0.923879533,2023-01-17,163.68375,140.45858459680002
14014.0,2023.0,1.0,17.0,23.0,2.7,0.0,4.9e-17,0.8,0.0,1018.6,97.0,0.0,18.47,0,0.287795594,0.957691859,0.5,0.866025404,-0.258819045,0.965925826,2023-01-17,163.68375,140.45858459680002
14015.0,2023.0,1.0,17.0,23.5,2.7,0.25,6.74e-17,1.1,0.0,1018.15,97.5,0.0,18.38,0,0.288139032,0.957588585,0.5,0.866025404,-0.130526192,0.991444861,2023-01-17,163.68375,140.45858459680002
14016.0,2023.0,1.0,18.0,0.0,2.7,0.5,8.58e-17,1.4,0.0,1017.7,98.0,0.0,18.32,0,0.288482433,0.957485188,0.5,0.866025404,-2.4503e-16,1.0,2023-01-18,0.0,0.0
14017.0,2023.0,1.0,18.0,0.5,2.9,0.25,9.19e-17,1.5,0.0,1017.4,96.0,0.0,18.52,0,0.288825797,0.957381669,0.5,0.866025404,0.130526192,0.991444861,2023-01-18,0.0,0.0
14018.0,2023.0,1.0,18.0,1.0,3.1,0.0,9.8e-17,1.6,0.0,1017.1,94.0,0.0,17.89,0,0.289169123,0.957278026,0.5,0.866025404,0.258819045,0.965925826,2023-01-18,0.0,0.0
14019.0,2023.0,1.0,18.0,1.5,3.15,0.0,-0.210475888,1.308133743,0.0,1016.75,94.5,0.0,17.69,0,0.289512412,0.957174259,0.5,0.866025404,0.382683432,0.923879533,2023-01-18,0.0,0.0
14020.0,2023.0,1.0,18.0,2.0,3.2,0.0,-0.420951776,1.016267486,0.0,1016.4,95.0,0.0,17.66,0,0.289855665,0.95707037,0.5,0.866025404,0.5,0.866025404,2023-01-18,0.0,0.0
14021.0,2023.0,1.0,18.0,2.5,3.3,0.0,-0.811516652,1.109174507,0.0,1015.85,93.0,0.0,17.66,0,0.290198879,0.956966358,0.5,0.866025404,0.608761429,0.79335334,2023-01-18,0.0,0.0
14022.0,2023.0,1.0,18.0,3.0,3.4,0.0,-1.202081528,1.202081528,0.0,1015.3,91.0,0.0,17.67,0,0.290542057,0.956862223,0.5,0.866025404,0.707106781,0.707106781,2023-01-18,0.0,0.0
14023.0,2023.0,1.0,18.0,3.5,3.3,0.0,-1.386338367,0.926321681,0.0,1015.25,91.5,0.0,17.66,0,0.290885197,0.956757964,0.5,0.866025404,0.79335334,0.608761429,2023-01-18,0.0,0.0
14024.0,2023.0,1.0,18.0,4.0,3.2,0.0,-1.570595205,0.650561835,0.0,1015.2,92.0,0.0,17.66,0,0.2912283,0.956653583,0.5,0.866025404,0.866025404,0.5,2023-01-18,0.0,0.0
14025.0,2023.0,1.0,18.0,4.5,3.15,0.0,-1.616789182,0.669696006,0.0,1015.0,91.5,0.0,17.72,0,0.291571365,0.956549078,0.5,0.866025404,0.923879533,0.382683432,2023-01-18,0.0,0.0
14026.0,2023.0,1.0,18.0,5.0,3.1,0.0,-1.662983159,0.688830178,0.0,1014.8,91.0,0.0,17.74,0,0.291914393,0.956444451,0.5,0.866025404,0.965925826,0.258819045,2023-01-18,0.0,0.0
14027.0,2023.0,1.0,18.0,5.5,3.35,0.0,-1.361821666,0.874745175,0.0,1014.75,87.0,0.0,17.77,0,0.292257383,0.9563397,0.5,0.866025404,0.991444861,0.130526192,2023-01-18,0.0,0.0
14028.0,2023.0,1.0,18.0,6.0,3.6,0.0,-1.060660172,1.060660172,0.0,1014.7,83.0,0.0,18.15,0,0.292600336,0.956234827,0.5,0.866025404,1.0,6.12574e-17,2023-01-18,0.0,0.0
14029.0,2023.0,1.0,18.0,6.5,3.5,0.0,-0.992269853,0.721671802,0.0,1014.65,84.0,0.0,19.11,0,0.292943251,0.95612983,0.5,0.866025404,0.991444861,-0.130526192,2023-01-18,0.0,0.0
14030.0,2023.0,1.0,18.0,7.0,3.4,0.0,-0.923879533,0.382683432,0.0,1014.6,85.0,0.0,20.97,0,0.293286128,0.956024711,0.5,0.866025404,0.965925826,-0.258819045,2023-01-18,0.0,0.0
14031.0,2023.0,1.0,18.0,7.5,3.15,0.0,-1.201043393,0.497488462,16.66666667,1014.5,86.5,0.033535897,23.35,0,0.293628968,0.955919468,0.5,0.866025404,0.923879533,-0.382683432,2023-01-18,0.0,0.7830631949500001
14032.0,2023.0,1.0,18.0,8.0,2.9,0.0,-1.478207252,0.612293492,33.33333333,1014.4,88.0,0.064694202,23.54,0,0.293971769,0.955814103,0.5,0.866025404,0.866025404,-0.5,2023-01-18,2.33046,2.30596471003
14033.0,2023.0,1.0,18.0,8.5,3.75,0.0,-1.662983159,0.688830179,94.44444447,1014.3,82.0,0.199248983,23.38,0,0.294314533,0.955708614,0.5,0.866025404,0.79335334,-0.608761429,2023-01-18,6.983079999999999,6.964405932569999
14034.0,2023.0,1.0,18.0,9.0,4.6,0.0,-1.847759065,0.765366865,155.5555556,1014.2,76.0,0.30871174,23.36,0,0.29465726,0.955603003,0.5,0.866025404,0.707106781,-0.707106781,2023-01-18,14.201319999999999,14.175912178969998
14035.0,2023.0,1.0,18.0,9.5,5.4,0.0,-1.801565088,0.746232693,184.7222223,1013.95,71.5,0.344209334,23.24,0,0.294999948,0.955497269,0.5,0.866025404,0.608761429,-0.79335334,2023-01-18,22.19588,22.175337101129998
14036.0,2023.0,1.0,18.0,10.0,6.2,0.0,-1.755371112,0.727098521,213.8888889,1013.7,67.0,0.424948825,23.01,0,0.295342598,0.955391412,0.5,0.866025404,0.5,-0.866025404,2023-01-18,31.97513,31.953409564379996
14037.0,2023.0,1.0,18.0,10.5,7.4,0.0,-1.893953042,0.784501036,347.2222222,1013.35,63.5,0.703260048,20.13,0,0.295685211,0.955285432,0.5,0.866025404,0.382683432,-0.923879533,2023-01-18,46.12652,46.110034330619996
14038.0,2023.0,1.0,18.0,11.0,8.6,0.0,-2.032534972,0.841903551,480.5555556,1013.0,60.0,0.920888127,19.55,0,0.296027785,0.955179329,0.5,0.866025404,0.258819045,-0.965925826,2023-01-18,64.13207,64.11339721347
14039.0,2023.0,1.0,18.0,11.5,9.15,0.0,-2.016267486,0.420951776,509.7222222,1012.3,56.5,1.046826899,19.19,0,0.296370321,0.955073103,0.5,0.866025404,0.130526192,-0.991444861,2023-01-18,84.224,84.20200540528
14040.0,2023.0,1.0,18.0,12.0,9.7,0.0,-2.0,2.45e-16,538.8888889,1011.6,53.0,1.040747796,17.95,0,0.296712819,0.954966755,0.5,0.866025404,1.22515e-16,-1.0,2023-01-18,95.69405,102.88342834348
14041.0,2023.0,1.0,18.0,12.5,10.0,0.0,-1.0,-0.4,501.3888889,1010.8,52.5,1.06178526,17.34,0,0.297055279,0.954860284,0.5,0.866025404,-0.130526192,-0.991444861,2023-01-18,95.69405,121.29478475188
14042.0,2023.0,1.0,18.0,13.0,10.3,0.0,-1.47e-16,-0.8,463.8888889,1010.0,52.0,0.89888642,16.0,0,0.297397701,0.954753689,0.5,0.866025404,-0.258819045,-0.965925826,2023-01-18,95.69405,135.67696747188
14043.0,2023.0,1.0,18.0,13.5,11.05,0.0,-1.84e-16,-1.0,411.1111111,1009.9,51.0,0.848657547,17.61,0,0.297740085,0.954646972,0.5,0.866025404,-0.382683432,-0.923879533,2023-01-18,95.69405,150.62182687455
14044.0,2023.0,1.0,18.0,14.0,11.8,0.0,-2.21e-16,-1.2,358.3333333,1009.8,50.0,0.788236522,17.8,0,0.29808243,0.954540133,0.5,0.866025404,-0.5,-0.866025404,2023-01-18,95.69405,164.65243696615002
14045.0,2023.0,1.0,18.0,14.5,11.8,0.0,-3.58e-16,-1.95,333.3333333,1009.75,47.5,0.65881638,18.08,0,0.298424737,0.95443317,0.5,0.866025404,-0.608761429,-0.79335334,2023-01-18,107.60877,176.56383711655002
14046.0,2023.0,1.0,18.0,15.0,11.8,0.0,-4.96e-16,-2.7,308.3333333,1009.7,45.0,0.632888993,18.69,0,0.298767005,0.954326085,0.5,0.866025404,-0.707106781,-0.707106781,2023-01-18,128.46681,188.39253239572002
14047.0,2023.0,1.0,18.0,15.5,11.55,0.0,-4.13e-16,-2.25,243.0555556,1010.0,47.0,0.483410263,18.23,0,0.299109235,0.954218877,0.5,0.866025404,-0.79335334,-0.608761429,2023-01-18,128.46681,197.20510149021
14048.0,2023.0,1.0,18.0,16.0,11.3,0.0,-3.31e-16,-1.8,177.7777778,1010.3,49.0,0.338132438,19.04,0,0.299451427,0.954111546,0.5,0.866025404,-0.866025404,-0.5,2023-01-18,134.90233,203.64314310973
14049.0,2023.0,1.0,18.0,16.5,9.7,0.0,0.739103626,-1.206146746,106.9444445,1010.8,58.0,0.203727377,20.07,0,0.29979358,0.954004093,0.5,0.866025404,-0.923879533,-0.382683432,2023-01-18,138.99661,207.73195156612002
14050.0,2023.0,1.0,18.0,17.0,8.1,0.0,1.478207252,-0.612293492,36.11111111,1011.3,67.0,0.072532692,23.29,0,0.300135694,0.953896517,0.5,0.866025404,-0.965925826,-0.258819045,2023-01-18,140.69678,209.4212379628
14051.0,2023.0,1.0,18.0,17.5,8.6,0.0,1.489103626,-0.306146746,18.05555556,1011.6,66.0,0.036600289,23.36,0,0.30047777,0.953788818,0.5,0.866025404,-0.991444861,-0.130526192,2023-01-18,141.56109999999998,210.27622071384002
14052.0,2023.0,1.0,18.0,18.0,9.1,0.0,1.5,0.0,0.0,1011.9,65.0,0.0,23.38,0,0.300819808,0.953680997,0.5,0.866025404,-1.0,-1.83772e-16,2023-01-18,188.32109999999997,210.27622071384002
14053.0,2023.0,1.0,18.0,18.5,7.9,0.0,1.396715673,0.267878403,0.0,1012.3,72.0,0.0,23.43,0,0.301161806,0.953573053,0.5,0.866025404,-0.991444861,0.130526192,2023-01-18,235.18109999999996,210.27622071384002
14054.0,2023.0,1.0,18.0,19.0,6.7,0.0,1.293431346,0.535756805,0.0,1012.7,79.0,0.0,23.35,0,0.301503766,0.953464986,0.5,0.866025404,-0.965925826,0.258819045,2023-01-18,235.18109999999996,210.27622071384002
14055.0,2023.0,1.0,18.0,19.5,7.05,0.0,1.601309828,1.222472557,0.0,1013.05,70.5,0.0,22.09,0,0.301845687,0.953356796,0.5,0.866025404,-0.923879533,0.382683432,2023-01-18,235.18109999999996,210.27622071384002
14056.0,2023.0,1.0,18.0,20.0,7.4,0.0,1.909188309,1.909188309,0.0,1013.4,62.0,0.0,20.66,0,0.302187569,0.953248484,0.5,0.866025404,-0.866025404,0.5,2023-01-18,235.18109999999996,210.27622071384002
14057.0,2023.0,1.0,18.0,20.5,7.1,0.0,1.838477631,1.838477631,0.0,1013.85,61.5,0.0,22.23,0,0.302529413,0.95314005,0.5,0.866025404,-0.79335334,0.608761429,2023-01-18,235.18109999999996,210.27622071384002
14058.0,2023.0,1.0,18.0,21.0,6.8,0.0,1.767766953,1.767766953,0.0,1014.3,61.0,0.0,22.0,0,0.302871217,0.953031493,0.5,0.866025404,-0.707106781,0.707106781,2023-01-18,235.18109999999996,210.27622071384002
14059.0,2023.0,1.0,18.0,21.5,6.6,0.0,1.767766953,1.767766953,0.0,1014.75,62.0,0.0,21.74,0,0.303212983,0.952922813,0.5,0.866025404,-0.608761429,0.79335334,2023-01-18,235.18109999999996,210.27622071384002
14060.0,2023.0,1.0,18.0,22.0,6.4,0.0,1.767766953,1.767766953,0.0,1015.2,63.0,0.0,20.0,0,0.303554709,0.95281401,0.5,0.866025404,-0.5,0.866025404,2023-01-18,235.18109999999996,210.27622071384002
14061.0,2023.0,1.0,18.0,22.5,6.25,0.0,1.803122292,1.803122292,0.0,1015.5,63.5,0.0,20.0,0,0.303896397,0.952705086,0.5,0.866025404,-0.382683432,0.923879533,2023-01-18,235.18109999999996,210.27622071384002
14062.0,2023.0,1.0,18.0,23.0,6.1,0.0,1.838477631,1.838477631,0.0,1015.8,64.0,0.0,18.76,0,0.304238045,0.952596038,0.5,0.866025404,-0.258819045,0.965925826,2023-01-18,235.18109999999996,210.27622071384002
14063.0,2023.0,1.0,18.0,23.5,5.8,0.0,1.767766953,1.767766953,0.0,1015.8,64.5,0.0,18.35,0,0.304579655,0.952486868,0.5,0.866025404,-0.130526192,0.991444861,2023-01-18,235.18109999999996,210.27622071384002
14064.0,2023.0,1.0,19.0,0.0,5.5,0.0,1.697056275,1.697056275,0.0,1015.8,65.0,0.0,18.02,0,0.304921225,0.952377576,0.5,0.866025404,-2.4503e-16,1.0,2023-01-19,0.0,0.0
14065.0,2023.0,1.0,19.0,0.5,5.2,0.0,1.555634919,1.555634919,0.0,1016.1,65.5,0.0,17.93,0,0.305262756,0.952268161,0.5,0.866025404,0.130526192,0.991444861,2023-01-19,0.0,0.0
14066.0,2023.0,1.0,19.0,1.0,4.9,0.0,1.414213562,1.414213562,0.0,1016.4,66.0,0.0,17.69,0,0.305604247,0.952158623,0.5,0.866025404,0.258819045,0.965925826,2023-01-19,0.0,0.0
14067.0,2023.0,1.0,19.0,1.5,4.5,0.0,1.414213562,1.414213562,0.0,1016.55,66.5,0.0,17.63,0,0.305945699,0.952048964,0.5,0.866025404,0.382683432,0.923879533,2023-01-19,0.0,0.0
14068.0,2023.0,1.0,19.0,2.0,4.1,0.0,1.414213562,1.414213562,0.0,1016.7,67.0,0.0,17.68,0,0.306287112,0.951939181,0.5,0.866025404,0.5,0.866025404,2023-01-19,0.0,0.0
14069.0,2023.0,1.0,19.0,2.5,3.55,0.0,1.070656042,1.584792337,0.0,1016.65,69.0,0.0,17.6,0,0.306628486,0.951829276,0.5,0.866025404,0.608761429,0.79335334,2023-01-19,0.0,0.0
14070.0,2023.0,1.0,19.0,3.0,3.0,0.0,0.727098521,1.755371112,0.0,1016.6,71.0,0.0,17.54,0,0.30696982,0.951719249,0.5,0.866025404,0.707106781,0.707106781,2023-01-19,0.0,0.0
14071.0,2023.0,1.0,19.0,3.5,2.05,0.0,0.363549261,1.777685556,0.0,1016.75,76.0,0.0,17.58,0,0.307311115,0.9516091,0.5,0.866025404,0.79335334,0.608761429,2023-01-19,0.0,0.0
14072.0,2023.0,1.0,19.0,4.0,1.1,0.0,1.1e-16,1.8,0.0,1016.9,81.0,0.0,17.54,0,0.30765237,0.951498828,0.5,0.866025404,0.866025404,0.5,2023-01-19,0.0,0.0
14073.0,2023.0,1.0,19.0,4.5,1.3,0.0,0.306146746,1.639103626,0.0,1017.25,78.5,0.0,17.69,0,0.307993586,0.951388433,0.5,0.866025404,0.923879533,0.382683432,2023-01-19,0.0,0.0
14074.0,2023.0,1.0,19.0,5.0,1.5,0.0,0.612293492,1.478207252,0.0,1017.6,76.0,0.0,17.82,0,0.308334761,0.951277917,0.5,0.866025404,0.965925826,0.258819045,2023-01-19,0.0,0.0
14075.0,2023.0,1.0,19.0,5.5,1.2,0.0,0.836476832,1.269433712,0.0,1017.8,75.0,0.0,17.62,0,0.308675898,0.951167278,0.5,0.866025404,0.991444861,0.130526192,2023-01-19,0.0,0.0
14076.0,2023.0,1.0,19.0,6.0,0.9,0.0,1.060660172,1.060660172,0.0,1018.0,74.0,0.0,17.95,0,0.309016994,0.951056516,0.5,0.866025404,1.0,6.12574e-17,2023-01-19,0.0,0.0
14077.0,2023.0,1.0,19.0,6.5,1.2,0.0,1.060660172,1.060660172,0.0,1018.35,73.0,0.0,19.36,0,0.309358051,0.950945633,0.5,0.866025404,0.991444861,-0.130526192,2023-01-19,0.0,0.0
14078.0,2023.0,1.0,19.0,7.0,1.5,0.0,1.060660172,1.060660172,0.0,1018.7,72.0,0.0,23.37,0,0.309699068,0.950834627,0.5,0.866025404,0.965925826,-0.258819045,2023-01-19,0.0,0.0
14079.0,2023.0,1.0,19.0,7.5,2.35,0.0,1.096015511,1.096015511,16.66666667,1019.05,68.0,0.032967565,23.37,0,0.310040046,0.950723498,0.5,0.866025404,0.923879533,-0.382683432,2023-01-19,0.0,0.77045199405
14080.0,2023.0,1.0,19.0,8.0,3.2,0.0,1.13137085,1.13137085,33.33333333,1019.4,64.0,0.069039371,23.54,0,0.310380983,0.950612248,0.5,0.866025404,0.866025404,-0.5,2023-01-19,2.40108,2.39563878739
14081.0,2023.0,1.0,19.0,8.5,3.45,0.0,0.757027141,1.027625191,69.44444447,1019.6,64.0,0.146470633,23.38,0,0.31072188,0.950500875,0.5,0.866025404,0.79335334,-0.608761429,2023-01-19,5.81456,5.82012218693
14082.0,2023.0,1.0,19.0,9.0,3.7,0.0,0.382683432,0.923879533,105.5555556,1019.8,64.0,0.21906081,23.36,0,0.311062738,0.95038938,0.5,0.866025404,0.707106781,-0.707106781,2023-01-19,10.930399999999999,10.937382708529999
14083.0,2023.0,1.0,19.0,9.5,4.5,0.0,0.560893529,0.308866394,205.5555556,1019.75,60.0,0.413742202,23.24,0,0.311403555,0.950277762,0.5,0.866025404,0.608761429,-0.79335334,2023-01-19,20.55176,20.55275148301
14084.0,2023.0,1.0,19.0,10.0,5.3,0.0,0.739103626,-0.306146746,305.5555556,1019.7,56.0,0.593519167,20.22,0,0.311744333,0.950166023,0.5,0.866025404,0.5,-0.866025404,2023-01-19,32.56244,32.55370903975
14085.0,2023.0,1.0,19.0,10.5,6.25,0.0,0.733101074,0.724612183,370.8333334,1019.5,50.5,0.753407389,18.68,0,0.31208507,0.950054161,0.5,0.866025404,0.382683432,-0.923879533,2023-01-19,46.62848,46.627359066269996
14086.0,2023.0,1.0,19.0,11.0,7.2,0.0,0.727098521,1.755371112,436.1111111,1019.3,45.0,0.872271253,18.05,0,0.312425767,0.949942177,0.5,0.866025404,0.258819045,-0.965925826,2023-01-19,62.368080000000006,62.371855182919994
14087.0,2023.0,1.0,19.0,11.5,7.7,0.0,1.241234817,0.514136296,500.0,1018.6,45.0,1.017469525,17.63,0,0.312766424,0.949830071,0.5,0.866025404,0.130526192,-0.991444861,2023-01-19,72.34666000000001,80.30984290866999
14088.0,2023.0,1.0,19.0,12.0,8.2,0.0,1.755371112,-0.727098521,563.8888889,1017.9,45.0,1.160035902,15.0,0,0.313107041,0.949717843,0.5,0.866025404,1.22515e-16,-1.0,2023-01-19,72.34666000000001,97.71038143867
14089.0,2023.0,1.0,19.0,12.5,8.2,0.0,2.077685556,-0.363549261,490.2777778,1017.6,43.5,0.871668857,12.88,0,0.313447617,0.949605492,0.5,0.866025404,-0.130526192,-0.991444861,2023-01-19,72.34666000000001,108.93747631683
14090.0,2023.0,1.0,19.0,13.0,8.2,0.0,2.4,0.0,416.6666667,1017.3,42.0,0.821063291,12.88,0,0.313788154,0.94949302,0.5,0.866025404,-0.258819045,-0.965925826,2023-01-19,72.34666000000001,119.51277150491
14091.0,2023.0,1.0,19.0,13.5,8.35,0.0,2.401043393,-0.497488462,336.1111112,1017.3,45.0,0.6960805,17.6,0,0.314128649,0.949380425,0.5,0.866025404,-0.382683432,-0.923879533,2023-01-19,72.34666000000001,131.76378830491
14092.0,2023.0,1.0,19.0,14.0,8.5,0.0,2.402086785,-0.994976924,255.5555556,1017.3,48.0,0.534540986,17.73,0,0.314469105,0.949267708,0.5,0.866025404,-0.5,-0.866025404,2023-01-19,81.83221000000002,141.24119998669002
14093.0,2023.0,1.0,19.0,14.5,8.15,0.0,2.601043393,-0.497488462,227.7777778,1017.45,47.5,0.452070021,17.83,0,0.31480952,0.949154869,0.5,0.866025404,-0.608761429,-0.79335334,2023-01-19,89.89137000000002,149.30160846112003
14094.0,2023.0,1.0,19.0,15.0,7.8,0.0,2.8,0.0,200.0,1017.6,47.0,0.408891393,18.67,0,0.315149894,0.949041908,0.5,0.866025404,-0.707106781,-0.707106781,2023-01-19,97.52740000000003,156.93561076843002
14095.0,2023.0,1.0,19.0,15.5,7.6,0.0,2.55,0.0,143.0555556,1017.65,49.0,0.269525409,20.0,0,0.315490228,0.948928825,0.5,0.866025404,-0.79335334,-0.608761429,2023-01-19,102.92740000000003,162.32611894843004
14096.0,2023.0,1.0,19.0,16.0,7.4,0.0,2.3,0.0,86.11111111,1017.7,51.0,0.172762252,23.01,0,0.315830522,0.94881562,0.5,0.866025404,-0.866025404,-0.5,2023-01-19,106.90813000000003,166.30137836695005
14097.0,2023.0,1.0,19.0,16.5,7.15,0.0,1.75,0.0,51.38888889,1018.1,53.5,0.104683714,23.61,0,0.316170774,0.948702293,0.5,0.866025404,-0.923879533,-0.382683432,2023-01-19,110.16631000000002,168.77296085449004
14098.0,2023.0,1.0,19.0,17.0,6.9,0.0,1.2,0.0,16.66666667,1018.5,56.0,0.032778236,23.55,0,0.316510987,0.948588844,0.5,0.866025404,-0.965925826,-0.258819045,2023-01-19,110.16631000000002,169.54488831229003
14099.0,2023.0,1.0,19.0,17.5,6.9,0.0,1.15432772,0.22961006,8.333333335,1018.75,58.0,0.017033431,23.63,0,0.316851158,0.948475273,0.5,0.866025404,-0.991444861,-0.130526192,2023-01-19,110.56802000000002,169.94738828682003
14100.0,2023.0,1.0,19.0,18.0,6.9,0.0,1.108655439,0.459220119,0.0,1019.0,60.0,0.0,23.67,0,0.317191289,0.94836158,0.5,0.866025404,-1.0,-1.83772e-16,2023-01-19,110.56802000000002,169.94738828682003
14101.0,2023.0,1.0,19.0,18.5,6.65,0.0,0.803071951,0.830131756,0.0,1018.95,62.0,0.0,23.75,0,0.317531378,0.948247765,0.5,0.866025404,-0.991444861,0.130526192,2023-01-19,110.56802000000002,169.94738828682003
14102.0,2023.0,1.0,19.0,19.0,6.4,0.0,0.497488462,1.201043392,0.0,1018.9,64.0,0.0,23.81,0,0.317871427,0.948133828,0.5,0.866025404,-0.965925826,0.258819045,2023-01-19,158.18802000000002,169.94738828682003
14103.0,2023.0,1.0,19.0,19.5,6.05,0.0,0.779074317,1.130851782,0.0,1018.85,66.0,0.0,23.86,0,0.318211436,0.948019769,0.5,0.866025404,-0.923879533,0.382683432,2023-01-19,205.90802000000002,169.94738828682003
14104.0,2023.0,1.0,19.0,20.0,5.7,0.0,1.060660172,1.060660172,0.0,1018.8,68.0,0.0,23.01,0,0.318551403,0.947905588,0.5,0.866025404,-0.866025404,0.5,2023-01-19,205.90802000000002,169.94738828682003
14105.0,2023.0,1.0,19.0,20.5,5.6,0.0,0.530330086,1.030330086,0.0,1018.55,68.5,0.0,21.93,0,0.318891329,0.947791285,0.5,0.866025404,-0.79335334,0.608761429,2023-01-19,205.90802000000002,169.94738828682003
14106.0,2023.0,1.0,19.0,21.0,5.5,0.0,6.13e-17,1.0,0.0,1018.3,69.0,0.0,20.66,0,0.319231214,0.94767686,0.5,0.866025404,-0.707106781,0.707106781,2023-01-19,205.90802000000002,169.94738828682003
14107.0,2023.0,1.0,19.0,21.5,5.35,0.0,-0.508133743,0.289524112,0.0,1018.1,71.5,0.0,21.0,0,0.319571058,0.947562314,0.5,0.866025404,-0.608761429,0.79335334,2023-01-19,205.90802000000002,169.94738828682003
14108.0,2023.0,1.0,19.0,22.0,5.2,0.0,-1.016267486,-0.420951776,0.0,1017.9,74.0,0.0,19.83,0,0.319910861,0.947447645,0.5,0.866025404,-0.5,0.866025404,2023-01-19,205.90802000000002,169.94738828682003
14109.0,2023.0,1.0,19.0,22.5,5.1,0.0,-1.339625322,0.133939201,0.0,1017.8,76.0,0.0,19.9,0,0.320250623,0.947332855,0.5,0.866025404,-0.382683432,0.923879533,2023-01-19,205.90802000000002,169.94738828682003
14110.0,2023.0,1.0,19.0,23.0,5.0,0.0,-1.662983159,0.688830178,0.0,1017.7,78.0,0.0,18.41,0,0.320590344,0.947217943,0.5,0.866025404,-0.258819045,0.965925826,2023-01-19,205.90802000000002,169.94738828682003
14111.0,2023.0,1.0,19.0,23.5,5.15,0.0,-1.5739537,1.086877209,0.0,1017.5,73.5,0.0,18.24,0,0.320930023,0.947102909,0.5,0.866025404,-0.130526192,0.991444861,2023-01-19,205.90802000000002,169.94738828682003
14112.0,2023.0,1.0,20.0,0.0,5.3,0.0,-1.48492424,1.48492424,0.0,1017.3,69.0,0.0,18.19,0,0.321269662,0.946987753,0.5,0.866025404,-2.4503e-16,1.0,2023-01-20,0.0,0.0
14113.0,2023.0,1.0,20.0,0.5,5.25,0.0,-1.52027958,1.52027958,0.0,1017.15,69.5,0.0,17.62,0,0.321609259,0.946872475,0.5,0.866025404,0.130526192,0.991444861,2023-01-20,0.0,0.0
14114.0,2023.0,1.0,20.0,1.0,5.2,0.0,-1.555634919,1.555634919,0.0,1017.0,70.0,0.0,17.49,0,0.321948814,0.946757076,0.5,0.866025404,0.258819045,0.965925826,2023-01-20,0.0,0.0
14115.0,2023.0,1.0,20.0,1.5,5.3,0.0,-1.697056275,1.697056275,0.0,1016.6,69.5,0.0,17.52,0,0.322288328,0.946641555,0.5,0.866025404,0.382683432,0.923879533,2023-01-20,0.0,0.0
14116.0,2023.0,1.0,20.0,2.0,5.4,0.0,-1.838477631,1.838477631,0.0,1016.2,69.0,0.0,17.4,0,0.322627801,0.946525912,0.5,0.866025404,0.5,0.866025404,2023-01-20,0.0,0.0
14117.0,2023.0,1.0,20.0,2.5,4.95,0.0,-1.732411614,1.732411614,0.0,1015.85,76.5,0.0,17.0,0,0.322967232,0.946410147,0.5,0.866025404,0.608761429,0.79335334,2023-01-20,0.0,0.0
14118.0,2023.0,1.0,20.0,3.0,4.5,0.0,-1.626345597,1.626345597,0.0,1015.5,84.0,0.0,16.03,0,0.323306622,0.946294261,0.5,0.866025404,0.707106781,0.707106781,2023-01-20,0.0,0.0
14119.0,2023.0,1.0,20.0,3.5,4.45,0.0,-1.555634919,1.555634919,0.0,1015.2,86.5,0.0,16.03,0,0.32364597,0.946178253,0.5,0.866025404,0.79335334,0.608761429,2023-01-20,0.0,0.0
14120.0,2023.0,1.0,20.0,4.0,4.4,0.0,-1.48492424,1.48492424,0.0,1014.9,89.0,0.0,16.0,0,0.323985276,0.946062123,0.5,0.866025404,0.866025404,0.5,2023-01-20,0.0,0.0
14121.0,2023.0,1.0,20.0,4.5,4.15,0.25,-1.025304833,1.025304833,0.0,1014.6,93.5,0.0,16.99,0,0.324324541,0.945945872,0.5,0.866025404,0.923879533,0.382683432,2023-01-20,0.0,0.0
14122.0,2023.0,1.0,20.0,5.0,3.9,0.5,-0.565685425,0.565685425,0.0,1014.3,98.0,0.0,17.0,0,0.324663764,0.945829499,0.5,0.866025404,0.965925826,0.258819045,2023-01-20,0.0,0.0
14123.0,2023.0,1.0,20.0,5.5,3.9,0.25,-0.929558386,0.550721115,0.0,1014.35,98.0,0.0,17.55,0,0.325002945,0.945713004,0.5,0.866025404,0.991444861,0.130526192,2023-01-20,0.0,0.0
14124.0,2023.0,1.0,20.0,6.0,3.9,0.0,-1.293431346,0.535756805,0.0,1014.4,98.0,0.0,17.63,0,0.325342085,0.945596387,0.5,0.866025404,1.0,6.12574e-17,2023-01-20,0.0,0.0
14125.0,2023.0,1.0,20.0,6.5,3.75,0.0,-1.154849416,0.478354291,0.0,1014.2,97.0,0.0,18.62,0,0.325681182,0.945479649,0.5,0.866025404,0.991444861,-0.130526192,2023-01-20,0.0,0.0
14126.0,2023.0,1.0,20.0,7.0,3.6,0.0,-1.016267486,0.420951776,0.0,1014.0,96.0,0.0,20.13,0,0.326020238,0.94536279,0.5,0.866025404,0.965925826,-0.258819045,2023-01-20,0.0,0.0
14127.0,2023.0,1.0,20.0,7.5,3.65,0.0,-1.016267486,0.0,18.05555556,1013.75,94.0,0.035413024,21.15,0,0.326359252,0.945245809,0.5,0.866025404,0.923879533,-0.382683432,2023-01-20,0.0,0.7489854576
14128.0,2023.0,1.0,20.0,8.0,3.7,0.0,-1.016267486,-0.420951776,36.11111111,1013.5,92.0,0.076186517,23.36,0,0.326698224,0.945128706,0.5,0.866025404,0.866025404,-0.5,2023-01-20,0.0,2.52870249472
14129.0,2023.0,1.0,20.0,8.5,4.65,0.0,-1.201043393,0.076536687,125.0,1013.45,87.0,0.250309964,23.36,0,0.327037154,0.945011481,0.5,0.866025404,0.79335334,-0.608761429,2023-01-20,8.43296,8.37594325376
14130.0,2023.0,1.0,20.0,9.0,5.6,0.0,-1.385819299,0.574025149,213.8888889,1013.4,82.0,0.422250129,23.34,0,0.327376041,0.944894136,0.5,0.866025404,0.707106781,-0.707106781,2023-01-20,18.28244,18.23126126462
14131.0,2023.0,1.0,20.0,9.5,6.5,0.0,-1.329305753,0.923408678,304.1666667,1013.0,79.0,0.628492699,20.28,0,0.327714887,0.944776668,0.5,0.866025404,0.608761429,-0.79335334,2023-01-20,31.018280000000004,30.97709320034
14132.0,2023.0,1.0,20.0,10.0,7.4,0.0,-1.272792206,1.272792206,394.4444444,1012.6,76.0,0.760539238,18.74,0,0.328053691,0.944659079,0.5,0.866025404,0.5,-0.866025404,2023-01-20,45.27942,45.22959852046
14133.0,2023.0,1.0,20.0,10.5,7.75,0.0,-1.606469612,0.234578499,447.2222222,1011.8,70.0,0.921216784,17.82,0,0.328392452,0.944541369,0.5,0.866025404,0.382683432,-0.923879533,2023-01-20,61.69164000000001,61.64568161134
14134.0,2023.0,1.0,20.0,11.0,8.1,0.0,-1.940147018,-0.803635208,500.0,1011.0,64.0,1.011960483,17.62,0,0.328731171,0.944423537,0.5,0.866025404,0.258819045,-0.965925826,2023-01-20,79.52308000000001,79.47642532180001
14135.0,2023.0,1.0,20.0,11.5,8.85,0.0,-1.747890969,-1.179635064,527.7777778,1010.25,60.0,0.983895191,16.0,0,0.329069848,0.944305584,0.5,0.866025404,0.130526192,-0.991444861,2023-01-20,95.26708,95.21874837780001
14136.0,2023.0,1.0,20.0,12.0,9.6,0.0,-1.555634919,-1.555634919,555.5555556,1009.5,56.0,1.039225904,14.1,0,0.329408482,0.944187509,0.5,0.866025404,1.22515e-16,-1.0,2023-01-20,109.91698000000001,109.87183362420001
14137.0,2023.0,1.0,20.0,12.5,10.05,0.0,-0.77781746,-1.82781746,551.3888889,1008.65,51.0,1.239645448,11.73,0,0.329747074,0.944069313,0.5,0.866025404,-0.130526192,-0.991444861,2023-01-20,109.91698000000001,124.41287472924
14138.0,2023.0,1.0,20.0,13.0,10.5,0.0,-3.86e-16,-2.1,547.2222222,1007.8,46.0,1.169526644,10.0,0,0.330085624,0.943950995,0.5,0.866025404,-0.258819045,-0.965925826,2023-01-20,109.91698000000001,136.10814116924
14139.0,2023.0,1.0,20.0,13.5,11.05,0.0,-0.739103626,-1.356146746,515.2777778,1007.45,43.0,1.051805442,13.08,0,0.330424131,0.943832556,0.5,0.866025404,-0.382683432,-0.923879533,2023-01-20,109.91698000000001,149.8657563506
14140.0,2023.0,1.0,20.0,14.0,11.6,0.0,-1.478207252,-0.612293492,483.3333333,1007.1,40.0,0.919239675,13.22,0,0.330762596,0.943713995,0.5,0.866025404,-0.5,-0.866025404,2023-01-20,114.95380000000002,162.01810485410002
14141.0,2023.0,1.0,20.0,14.5,11.8,0.0,-1.478207252,-0.612293492,425.0,1006.85,39.0,0.873188509,17.0,0,0.331101018,0.943595314,0.5,0.866025404,-0.608761429,-0.79335334,2023-01-20,129.7948,176.8623095071
14142.0,2023.0,1.0,20.0,15.0,12.0,0.0,-1.478207252,-0.612293492,366.6666667,1006.6,38.0,0.771151662,17.62,0,0.331439398,0.94347651,0.5,0.866025404,-0.707106781,-0.707106781,2023-01-20,153.54656,190.45000179154002
14143.0,2023.0,1.0,20.0,15.5,11.7,0.0,-1.179189573,-1.368608209,284.7222223,1006.45,37.0,0.576706961,17.61,0,0.331777735,0.943357586,0.5,0.866025404,-0.79335334,-0.608761429,2023-01-20,153.54656,200.60581137475
14144.0,2023.0,1.0,20.0,16.0,11.4,0.0,-0.880171894,-2.124922925,202.7777778,1006.3,36.0,0.426569022,17.8,0,0.332116029,0.94323854,0.5,0.866025404,-0.866025404,-0.5,2023-01-20,161.14715999999999,208.19873996635002
14145.0,2023.0,1.0,20.0,16.5,10.5,0.0,-0.937574409,-2.263504855,123.6111111,1006.45,41.0,0.250072346,18.15,0,0.332454281,0.943119373,0.5,0.866025404,-0.923879533,-0.382683432,2023-01-20,165.68465999999998,212.73755304625
14146.0,2023.0,1.0,20.0,17.0,9.6,0.0,-0.994976924,-2.402086785,44.44444444,1006.6,46.0,0.087107144,21.0,0,0.33279249,0.943000084,0.5,0.866025404,-0.965925826,-0.258819045,2023-01-20,167.51165999999998,214.56680307025002
14147.0,2023.0,1.0,20.0,17.5,8.1,0.0,-0.803635208,-1.940147018,22.22222222,1006.75,51.0,0.047665331,21.83,0,0.333130656,0.942880674,0.5,0.866025404,-0.991444861,-0.130526192,2023-01-20,168.55949999999999,215.60733724598
14148.0,2023.0,1.0,20.0,18.0,6.6,0.0,-0.612293492,-1.478207252,0.0,1006.9,56.0,0.0,22.23,0,0.333468779,0.942761143,0.5,0.866025404,-1.0,-1.83772e-16,2023-01-20,168.55949999999999,215.60733724598
14149.0,2023.0,1.0,20.0,18.5,5.6,0.0,-0.765766154,-1.198723034,0.0,1006.85,62.5,0.0,22.09,0,0.333806859,0.942641491,0.5,0.866025404,-0.991444861,0.130526192,2023-01-20,168.55949999999999,215.60733724598
14150.0,2023.0,1.0,20.0,19.0,4.6,0.0,-0.919238816,-0.919238816,0.0,1006.8,69.0,0.0,22.83,0,0.334144897,0.942521718,0.5,0.866025404,-0.965925826,0.258819045,2023-01-20,214.21949999999998,215.60733724598
14151.0,2023.0,1.0,20.0,19.5,5.55,0.0,-1.909619408,-0.459619408,0.0,1007.0,66.5,0.0,22.79,0,0.334482891,0.942401823,0.5,0.866025404,-0.923879533,0.382683432,2023-01-20,259.79949999999997,215.60733724598
14152.0,2023.0,1.0,20.0,20.0,6.5,0.0,-2.9,3.55e-16,0.0,1007.2,64.0,0.0,20.9,0,0.334820842,0.942281807,0.5,0.866025404,-0.866025404,0.5,2023-01-20,259.79949999999997,215.60733724598
14153.0,2023.0,1.0,20.0,20.5,7.4,0.0,-3.205371112,0.727098522,0.0,1007.5,51.5,0.0,20.08,0,0.335158751,0.94216167,0.5,0.866025404,-0.79335334,0.608761429,2023-01-20,259.79949999999997,215.60733724598
14154.0,2023.0,1.0,20.0,21.0,8.3,0.0,-3.510742224,1.454197043,0.0,1007.8,39.0,0.0,20.61,0,0.335496616,0.942041411,0.5,0.866025404,-0.707106781,0.707106781,2023-01-20,259.79949999999997,215.60733724598
14155.0,2023.0,1.0,20.0,21.5,8.6,0.0,-3.558493404,2.530220813,0.0,1008.25,37.0,0.0,20.0,0,0.335834438,0.941921032,0.5,0.866025404,-0.608761429,0.79335334,2023-01-20,259.79949999999997,215.60733724598
14156.0,2023.0,1.0,20.0,22.0,8.9,0.0,-3.606244584,3.606244584,0.0,1008.7,35.0,0.0,18.54,0,0.336172217,0.941800531,0.5,0.866025404,-0.5,0.866025404,2023-01-20,259.79949999999997,215.60733724598
14157.0,2023.0,1.0,20.0,22.5,8.55,0.0,-3.747665941,3.747665941,0.0,1009.05,37.0,0.0,18.73,0,0.336509953,0.941679909,0.5,0.866025404,-0.382683432,0.923879533,2023-01-20,259.79949999999997,215.60733724598
14158.0,2023.0,1.0,20.0,23.0,8.2,0.0,-3.889087297,3.889087297,0.0,1009.4,39.0,0.0,17.59,0,0.336847645,0.941559167,0.5,0.866025404,-0.258819045,0.965925826,2023-01-20,259.79949999999997,215.60733724598
14159.0,2023.0,1.0,20.0,23.5,7.45,0.0,-3.358757211,3.358757211,0.0,1010.0,41.0,0.0,17.58,0,0.337185294,0.941438303,0.5,0.866025404,-0.130526192,0.991444861,2023-01-20,259.79949999999997,215.60733724598
14160.0,2023.0,1.0,21.0,0.0,6.7,0.0,-2.828427125,2.828427125,0.0,1010.6,43.0,0.0,17.24,0,0.3375229,0.941317318,0.5,0.866025404,-2.4503e-16,1.0,2023-01-21,0.0,0.0
14161.0,2023.0,1.0,21.0,0.5,5.9,0.0,-2.384287072,1.816031167,0.0,1011.2,44.5,0.0,17.15,0,0.337860462,0.941196211,0.5,0.866025404,0.130526192,0.991444861,2023-01-21,0.0,0.0
14162.0,2023.0,1.0,21.0,1.0,5.1,0.0,-1.940147018,0.803635208,0.0,1011.8,46.0,0.0,17.2,0,0.338197981,0.941074984,0.5,0.866025404,0.258819045,0.965925826,2023-01-21,0.0,0.0
14163.0,2023.0,1.0,21.0,1.5,5.25,0.0,-2.725444621,1.128916126,0.0,1012.1,44.0,0.0,17.28,0,0.338535456,0.940953636,0.5,0.866025404,0.382683432,0.923879533,2023-01-21,0.0,0.0
14164.0,2023.0,1.0,21.0,2.0,5.4,0.0,-3.510742224,1.454197043,0.0,1012.4,42.0,0.0,17.0,0,0.338872888,0.940832167,0.5,0.866025404,0.5,0.866025404,2023-01-21,0.0,0.0
14165.0,2023.0,1.0,21.0,2.5,5.15,0.0,-4.018875967,1.664672931,0.0,1012.6,41.5,0.0,17.0,0,0.339210276,0.940710576,0.5,0.866025404,0.608761429,0.79335334,2023-01-21,0.0,0.0
14166.0,2023.0,1.0,21.0,3.0,4.9,0.0,-4.527009709,1.875148819,0.0,1012.8,41.0,0.0,17.0,0,0.33954762,0.940588865,0.5,0.866025404,0.707106781,0.707106781,2023-01-21,0.0,0.0
14167.0,2023.0,1.0,21.0,3.5,4.6,0.0,-4.157457896,1.722075446,0.0,1013.4,40.5,0.0,17.24,0,0.339884921,0.940467033,0.5,0.866025404,0.79335334,0.608761429,2023-01-21,0.0,0.0
14168.0,2023.0,1.0,21.0,4.0,4.3,0.0,-3.787906083,1.569002073,0.0,1014.0,40.0,0.0,17.0,0,0.340222179,0.94034508,0.5,0.866025404,0.866025404,0.5,2023-01-21,0.0,0.0
14169.0,2023.0,1.0,21.0,4.5,4.0,0.0,-3.83410006,1.588136245,0.0,1014.45,40.0,0.0,17.0,0,0.340559392,0.940223006,0.5,0.866025404,0.923879533,0.382683432,2023-01-21,0.0,0.0
14170.0,2023.0,1.0,21.0,5.0,3.7,0.0,-3.880294037,1.607270416,0.0,1014.9,40.0,0.0,17.04,0,0.340896562,0.940100811,0.5,0.866025404,0.965925826,0.258819045,2023-01-21,0.0,0.0
14171.0,2023.0,1.0,21.0,5.5,3.4,0.0,-4.390147019,0.803635208,0.0,1015.2,39.0,0.0,17.31,0,0.341233687,0.939978495,0.5,0.866025404,0.991444861,0.130526192,2023-01-21,0.0,0.0
14172.0,2023.0,1.0,21.0,6.0,3.1,0.0,-4.9,6e-16,0.0,1015.5,38.0,0.0,17.24,0,0.341570769,0.939856058,0.5,0.866025404,1.0,6.12574e-17,2023-01-21,0.0,0.0
14173.0,2023.0,1.0,21.0,6.5,2.7,0.0,-3.121751442,0.671751442,1.388888889,1016.15,39.5,0.002743574,17.09,0,0.341907807,0.9397335,0.5,0.866025404,0.991444861,-0.130526192,2023-01-21,0.0,0.04688767966
14174.0,2023.0,1.0,21.0,7.0,2.3,0.0,-1.343502884,1.343502884,2.777777778,1016.8,41.0,0.005660904,17.62,0,0.342244801,0.939610822,0.5,0.866025404,0.965925826,-0.258819045,2023-01-21,0.0,0.14663280814000001
14175.0,2023.0,1.0,21.0,7.5,2.8,0.0,-1.414213562,1.414213562,45.83333333,1017.25,40.5,0.086383803,18.71,0,0.342581751,0.939488022,0.5,0.866025404,0.923879533,-0.382683432,2023-01-21,0.0,1.76287376227
14176.0,2023.0,1.0,21.0,8.0,3.3,0.0,-1.48492424,1.48492424,88.88888889,1017.7,40.0,0.198429803,18.93,0,0.342918657,0.939365102,0.5,0.866025404,0.866025404,-0.5,2023-01-21,5.5464899999999995,5.51914993306
14177.0,2023.0,1.0,21.0,8.5,4.05,0.0,-2.121320344,2.121320344,176.3888889,1018.15,37.5,0.358565512,18.32,0,0.343255519,0.939242061,0.5,0.866025404,0.79335334,-0.608761429,2023-01-21,12.12337,12.088070112899999
14178.0,2023.0,1.0,21.0,9.0,4.8,0.0,-2.757716447,2.757716447,263.8888889,1018.6,35.0,0.510216271,17.69,0,0.343592336,0.939118899,0.5,0.866025404,0.707106781,-0.707106781,2023-01-21,21.14527,21.11379594689
14179.0,2023.0,1.0,21.0,9.5,5.45,0.0,-2.2627417,2.2627417,341.6666667,1018.8,34.0,0.666083507,17.41,0,0.34392911,0.938995616,0.5,0.866025404,0.608761429,-0.79335334,2023-01-21,32.74033,32.71030980376
14180.0,2023.0,1.0,21.0,10.0,6.1,0.0,-1.767766953,1.767766953,419.4444444,1019.0,33.0,0.860867441,17.33,0,0.344265839,0.938872213,0.5,0.866025404,0.5,-0.866025404,2023-01-21,47.66146,47.62914255629
14181.0,2023.0,1.0,21.0,10.5,6.3,0.0,-2.192031022,2.192031022,472.2222222,1018.85,31.0,0.941817144,17.16,0,0.344602524,0.938748689,0.5,0.866025404,0.382683432,-0.923879533,2023-01-21,63.82618,63.79072474733
14182.0,2023.0,1.0,21.0,11.0,6.5,0.0,-2.61629509,2.61629509,525.0,1018.7,29.0,1.045677825,16.0,0,0.344939165,0.938625044,0.5,0.866025404,0.258819045,-0.965925826,2023-01-21,80.56218,80.52156994733001
14183.0,2023.0,1.0,21.0,11.5,7.3,0.0,-2.647772867,1.863038522,550.0,1018.2,28.5,1.183829274,13.32,0,0.345275761,0.938501278,0.5,0.866025404,0.130526192,-0.991444861,2023-01-21,96.33306,96.29017587701001
14184.0,2023.0,1.0,21.0,12.0,8.1,0.0,-2.679250644,1.109781954,575.0,1017.7,28.0,1.193443697,11.65,0,0.345612313,0.938377392,0.5,0.866025404,1.22515e-16,-1.0,2023-01-21,96.36801,110.19379494706001
14185.0,2023.0,1.0,21.0,12.5,7.85,0.0,-2.364930155,1.58019581,572.2222222,1017.5,27.5,1.131776352,11.65,0,0.34594882,0.938253385,0.5,0.866025404,-0.130526192,-0.991444861,2023-01-21,96.41461,123.37898944786001
14186.0,2023.0,1.0,21.0,13.0,7.6,0.0,-2.050609665,2.050609665,569.4444444,1017.3,27.0,1.144325983,11.0,0,0.346285283,0.938129257,0.5,0.866025404,-0.258819045,-0.965925826,2023-01-21,96.41461,135.96657526086
14187.0,2023.0,1.0,21.0,13.5,7.85,0.0,-1.838477631,1.838477631,530.5555556,1017.35,26.5,1.008570818,11.65,0,0.346621701,0.938005009,0.5,0.866025404,-0.382683432,-0.923879533,2023-01-21,101.90176,147.71642529055998
14188.0,2023.0,1.0,21.0,14.0,8.1,0.0,-1.626345597,1.626345597,491.6666667,1017.4,26.0,1.041625004,12.08,0,0.346958075,0.93788064,0.5,0.866025404,-0.5,-0.866025404,2023-01-21,125.22824,160.29925533888
14189.0,2023.0,1.0,21.0,14.5,8.15,0.0,-0.813172798,1.763172798,433.3333334,1017.5,26.0,0.888591623,11.65,0,0.347294404,0.93775615,0.5,0.866025404,-0.608761429,-0.79335334,2023-01-21,125.22824,170.65134774683
14190.0,2023.0,1.0,21.0,15.0,8.2,0.0,1.16e-16,1.9,375.0,1017.6,26.0,0.804646904,13.33,0,0.347630689,0.93763154,0.5,0.866025404,-0.707106781,-0.707106781,2023-01-21,144.11685,181.37729097715
14191.0,2023.0,1.0,21.0,15.5,7.8,0.0,1.29e-16,2.1,293.0555556,1017.9,27.0,0.611722555,12.02,0,0.347966929,0.937506809,0.5,0.866025404,-0.79335334,-0.608761429,2023-01-21,144.11685,188.73019608825
14192.0,2023.0,1.0,21.0,16.0,7.4,0.0,1.41e-16,2.3,211.1111111,1018.2,28.0,0.441808649,16.99,0,0.348303124,0.937381957,0.5,0.866025404,-0.866025404,-0.5,2023-01-21,151.62643,196.23652503476
14193.0,2023.0,1.0,21.0,16.5,6.05,0.0,0.41574579,1.322207544,129.1666667,1018.7,34.5,0.275594336,17.45,0,0.348639274,0.937256985,0.5,0.866025404,-0.923879533,-0.382683432,2023-01-21,156.44263,201.04564619796
14194.0,2023.0,1.0,21.0,17.0,4.7,0.0,0.831491579,0.344415089,47.22222222,1019.2,41.0,0.097321316,19.24,0,0.348975379,0.937131893,0.5,0.866025404,-0.965925826,-0.258819045,2023-01-21,158.30891,202.9181083178
14195.0,2023.0,1.0,21.0,17.5,4.0,0.0,1.122852571,0.879314326,23.61111111,1019.7,43.0,0.046092798,20.0,0,0.34931144,0.93700668,0.5,0.866025404,-0.991444861,-0.130526192,2023-01-21,159.22890999999998,203.8399642778
14196.0,2023.0,1.0,21.0,18.0,3.3,0.0,1.414213562,1.414213562,0.0,1020.2,45.0,0.0,22.0,0,0.349647455,0.936881346,0.5,0.866025404,-1.0,-1.83772e-16,2023-01-21,203.22890999999998,203.8399642778
14197.0,2023.0,1.0,21.0,18.5,3.35,0.0,1.538598361,1.05152187,0.0,1020.65,43.5,0.0,21.91,0,0.349983426,0.936755892,0.5,0.866025404,-0.991444861,0.130526192,2023-01-21,247.04890999999998,203.8399642778
14198.0,2023.0,1.0,21.0,19.0,3.4,0.0,1.662983159,0.688830178,0.0,1021.1,42.0,0.0,20.49,0,0.350319351,0.936630318,0.5,0.866025404,-0.965925826,0.258819045,2023-01-21,247.04890999999998,203.8399642778
14199.0,2023.0,1.0,21.0,19.5,3.0,0.0,1.432532344,0.945455853,0.0,1021.45,43.5,0.0,20.0,0,0.350655232,0.936504623,0.5,0.866025404,-0.923879533,0.382683432,2023-01-21,247.04890999999998,203.8399642778
14200.0,2023.0,1.0,21.0,20.0,2.6,0.0,1.202081528,1.202081528,0.0,1021.8,45.0,0.0,19.99,0,0.350991067,0.936378807,0.5,0.866025404,-0.866025404,0.5,2023-01-21,247.04890999999998,203.8399642778
14201.0,2023.0,1.0,21.0,20.5,1.3,0.0,1.34014439,0.294894018,0.0,1021.9,51.5,0.0,20.05,0,0.351326858,0.936252871,0.5,0.866025404,-0.79335334,0.608761429,2023-01-21,247.04890999999998,203.8399642778
14202.0,2023.0,1.0,21.0,21.0,0.0,0.0,1.478207252,-0.612293492,0.0,1022.0,58.0,0.0,19.3,0,0.351662603,0.936126815,0.5,0.866025404,-0.707106781,0.707106781,2023-01-21,247.04890999999998,203.8399642778
14203.0,2023.0,1.0,21.0,21.5,-0.25,0.0,0.739103626,-1.206146746,0.0,1022.15,61.0,0.0,19.48,0,0.351998303,0.936000638,0.5,0.866025404,-0.608761429,0.79335334,2023-01-21,247.04890999999998,203.8399642778
14204.0,2023.0,1.0,21.0,22.0,-0.5,0.0,-3.31e-16,-1.8,0.0,1022.3,64.0,0.0,18.71,0,0.352333957,0.935874341,0.5,0.866025404,-0.5,0.866025404,2023-01-21,247.04890999999998,203.8399642778
14205.0,2023.0,1.0,21.0,22.5,-0.4,0.0,0.459619408,-1.359619408,0.0,1022.15,65.5,0.0,18.68,0,0.352669567,0.935747924,0.5,0.866025404,-0.382683432,0.923879533,2023-01-21,247.04890999999998,203.8399642778
14206.0,2023.0,1.0,21.0,23.0,-0.3,0.0,0.919238816,-0.919238816,0.0,1022.0,67.0,0.0,17.83,0,0.353005131,0.935621386,0.5,0.866025404,-0.258819045,0.965925826,2023-01-21,247.04890999999998,203.8399642778
14207.0,2023.0,1.0,21.0,23.5,-0.75,0.0,1.060141104,-0.210875177,0.0,1022.1,68.5,0.0,17.83,0,0.353340649,0.935494728,0.5,0.866025404,-0.130526192,0.991444861,2023-01-21,247.04890999999998,203.8399642778
14208.0,2023.0,1.0,22.0,0.0,-1.2,0.0,1.201043392,0.497488462,0.0,1022.2,70.0,0.0,17.35,0,0.353676122,0.935367949,0.5,0.866025404,-2.4503e-16,1.0,2023-01-22,0.0,0.0
14209.0,2023.0,1.0,22.0,0.5,-0.7,0.0,1.016267486,0.076536687,0.0,1022.2,70.0,0.0,17.38,0,0.35401155,0.935241051,0.5,0.866025404,0.130526192,0.991444861,2023-01-22,0.0,0.0
14210.0,2023.0,1.0,22.0,1.0,-0.2,0.0,0.831491579,-0.344415089,0.0,1022.2,70.0,0.0,17.34,0,0.354346932,0.935114031,0.5,0.866025404,0.258819045,0.965925826,2023-01-22,0.0,0.0
14211.0,2023.0,1.0,22.0,1.5,-0.6,0.0,0.970073509,0.057402515,0.0,1022.6,70.5,0.0,17.06,0,0.354682268,0.934986892,0.5,0.866025404,0.382683432,0.923879533,2023-01-22,0.0,0.0
14212.0,2023.0,1.0,22.0,2.0,-1.0,0.0,1.108655439,0.459220119,0.0,1023.0,71.0,0.0,17.0,0,0.355017559,0.934859633,0.5,0.866025404,0.5,0.866025404,2023-01-22,0.0,0.0
14213.0,2023.0,1.0,22.0,2.5,-0.05,0.0,1.570595206,0.650561835,0.0,1022.5,63.0,0.0,16.0,0,0.355352804,0.934732253,0.5,0.866025404,0.608761429,0.79335334,2023-01-22,0.0,0.0
14214.0,2023.0,1.0,22.0,3.0,0.9,0.0,2.032534972,0.841903551,0.0,1022.0,55.0,0.0,17.0,0,0.355688004,0.934604753,0.5,0.866025404,0.707106781,0.707106781,2023-01-22,0.0,0.0
14215.0,2023.0,1.0,22.0,3.5,0.7,0.0,1.581952911,0.9866372,0.0,1022.25,55.5,0.0,17.0,0,0.356023158,0.934477133,0.5,0.866025404,0.79335334,0.608761429,2023-01-22,0.0,0.0
14216.0,2023.0,1.0,22.0,4.0,0.5,0.0,1.13137085,1.13137085,0.0,1022.5,56.0,0.0,17.0,0,0.356358266,0.934349392,0.5,0.866025404,0.866025404,0.5,2023-01-22,0.0,0.0
14217.0,2023.0,1.0,22.0,4.5,0.25,0.0,0.776161313,1.073819168,0.0,1022.6,59.0,0.0,17.01,0,0.356693328,0.934221531,0.5,0.866025404,0.923879533,0.382683432,2023-01-22,0.0,0.0
14218.0,2023.0,1.0,22.0,5.0,0.0,0.0,0.420951776,1.016267486,0.0,1022.7,62.0,0.0,17.0,0,0.357028344,0.934093551,0.5,0.866025404,0.965925826,0.258819045,2023-01-22,0.0,0.0
14219.0,2023.0,1.0,22.0,5.5,-0.15,0.0,0.210475888,0.808133743,0.0,1022.6,63.5,0.0,17.06,0,0.357363314,0.93396545,0.5,0.866025404,0.991444861,0.130526192,2023-01-22,0.0,0.0
14220.0,2023.0,1.0,22.0,6.0,-0.3,0.0,3.68e-17,0.6,0.0,1022.5,65.0,0.0,17.0,0,0.357698239,0.933837229,0.5,0.866025404,1.0,6.12574e-17,2023-01-22,0.0,0.0
14221.0,2023.0,1.0,22.0,6.5,-0.25,0.0,-0.508133743,0.089524112,0.0,1022.7,67.5,0.0,17.0,0,0.358033117,0.933708888,0.5,0.866025404,0.991444861,-0.130526192,2023-01-22,0.0,0.0
14222.0,2023.0,1.0,22.0,7.0,-0.2,0.0,-1.016267486,-0.420951776,0.0,1022.9,70.0,0.0,17.36,0,0.35836795,0.933580426,0.5,0.866025404,0.965925826,-0.258819045,2023-01-22,0.0,0.0
14223.0,2023.0,1.0,22.0,7.5,-0.05,0.0,-0.603804601,0.020493995,12.5,1022.9,70.0,0.026153256,17.66,0,0.358702736,0.933451845,0.5,0.866025404,0.923879533,-0.382683432,2023-01-22,0.0,0.46186650096
14224.0,2023.0,1.0,22.0,8.0,0.1,0.0,-0.191341716,0.461939766,25.0,1022.9,70.0,0.047191884,18.15,0,0.359037476,0.933323144,0.5,0.866025404,0.866025404,-0.5,2023-01-22,1.3249499999999999,1.31839919556
14225.0,2023.0,1.0,22.0,8.5,0.65,0.0,-0.649998578,0.460579943,63.8888889,1023.1,64.0,0.125209653,17.45,0,0.35937217,0.933194323,0.5,0.866025404,0.79335334,-0.608761429,2023-01-22,3.5061999999999998,3.50330764041
14226.0,2023.0,1.0,22.0,9.0,1.2,0.0,-1.108655439,0.459220119,102.7777778,1023.3,58.0,0.194348751,16.99,0,0.359706818,0.933065381,0.5,0.866025404,0.707106781,-0.707106781,2023-01-22,3.54018,6.805292919899999
14227.0,2023.0,1.0,22.0,9.5,1.75,0.0,-1.154849416,0.478354291,137.5,1023.2,55.5,0.292956589,12.08,0,0.360041419,0.93293632,0.5,0.866025404,0.608761429,-0.79335334,2023-01-22,3.54018,10.34420851502
14228.0,2023.0,1.0,22.0,10.0,2.3,0.0,-1.201043392,0.497488462,172.2222222,1023.1,53.0,0.329169989,13.01,0,0.360375974,0.932807138,0.5,0.866025404,0.5,-0.866025404,2023-01-22,3.54018,14.62671007191
14229.0,2023.0,1.0,22.0,10.5,3.3,0.0,-1.236917799,0.885140334,200.0,1022.95,50.0,0.406206792,16.99,0,0.360710483,0.932677837,0.5,0.866025404,0.382683432,-0.923879533,2023-01-22,24.267979999999998,21.528163467989998
14230.0,2023.0,1.0,22.0,11.0,4.3,0.0,-1.272792206,1.272792206,227.7777778,1022.8,47.0,0.471381485,15.0,0,0.361044945,0.932548416,0.5,0.866025404,0.258819045,-0.965925826,2023-01-22,31.33298,28.59888574299
14231.0,2023.0,1.0,22.0,11.5,4.75,0.0,-0.636396103,0.186396103,422.2222222,1021.95,43.5,0.835748927,14.89,0,0.361379361,0.932418874,0.5,0.866025404,0.130526192,-0.991444861,2023-01-22,43.78102,41.04318726602
14232.0,2023.0,1.0,22.0,12.0,5.2,0.0,-1.65e-16,-0.9,616.6666667,1021.1,40.0,1.214449254,14.62,0,0.361713731,0.932289213,0.5,0.866025404,1.22515e-16,-1.0,2023-01-22,61.5297,58.7984353595
14233.0,2023.0,1.0,22.0,12.5,6.0,0.0,-0.420951776,-1.466267486,540.2777778,1020.6,41.5,1.159522214,12.76,0,0.362048054,0.932159432,0.5,0.866025404,-0.130526192,-0.991444861,2023-01-22,61.5297,73.59393881014
14234.0,2023.0,1.0,22.0,13.0,6.8,0.0,-0.841903551,-2.032534972,463.8888889,1020.1,43.0,0.988185026,12.76,0,0.36238233,0.932029531,0.5,0.866025404,-0.258819045,-0.965925826,2023-01-22,79.22782,86.2031797419
14235.0,2023.0,1.0,22.0,13.5,7.05,0.0,-0.420951776,-1.916267486,448.6111111,1019.95,42.0,0.891515076,12.08,0,0.36271656,0.93189951,0.5,0.866025404,-0.382683432,-0.923879533,2023-01-22,79.22782,96.97268185998
14236.0,2023.0,1.0,22.0,14.0,7.3,0.0,-3.31e-16,-1.8,433.3333333,1019.8,41.0,0.881075302,11.65,0,0.363050743,0.93176937,0.5,0.866025404,-0.5,-0.866025404,2023-01-22,79.22782,107.23720912828
14237.0,2023.0,1.0,22.0,14.5,7.4,0.0,-0.22961006,-1.45432772,376.3888889,1019.6,40.5,0.778780539,10.0,0,0.363384879,0.931639109,0.5,0.866025404,-0.608761429,-0.79335334,2023-01-22,79.22782,115.02501451828
14238.0,2023.0,1.0,22.0,15.0,7.5,0.0,-0.459220119,-1.108655439,319.4444444,1019.4,40.0,0.687413606,11.65,0,0.363718969,0.931508729,0.5,0.866025404,-0.707106781,-0.707106781,2023-01-22,79.22782,123.03338302818
14239.0,2023.0,1.0,22.0,15.5,7.55,0.0,-0.019134172,-1.062461463,247.2222222,1019.6,39.5,0.499673774,13.0,0,0.364053012,0.931378228,0.5,0.866025404,-0.79335334,-0.608761429,2023-01-22,85.72782,129.52914209018
14240.0,2023.0,1.0,22.0,16.0,7.6,0.0,0.420951776,-1.016267486,175.0,1019.8,39.0,0.363392037,16.99,0,0.364387008,0.931247608,0.5,0.866025404,-0.866025404,-0.5,2023-01-22,91.89519,135.70317279881
14241.0,2023.0,1.0,22.0,16.5,6.75,0.0,0.857191561,-0.776012146,108.3333333,1019.95,43.5,0.208510964,17.41,0,0.364720957,0.931116869,0.5,0.866025404,-0.923879533,-0.382683432,2023-01-22,95.53388,139.33334868204997
14242.0,2023.0,1.0,22.0,17.0,5.9,0.0,1.293431346,-0.535756805,41.66666667,1020.1,48.0,0.07895521,17.85,0,0.36505486,0.930986009,0.5,0.866025404,-0.965925826,-0.258819045,2023-01-22,96.94403,140.74269918054998
14243.0,2023.0,1.0,22.0,17.5,4.45,0.0,1.196715673,-0.267878403,20.83333334,1020.3,57.0,0.039908784,19.1,0,0.365388715,0.93085503,0.5,0.866025404,-0.991444861,-0.130526192,2023-01-22,97.70803,141.50495695495
14244.0,2023.0,1.0,22.0,18.0,3.0,0.0,1.1,0.0,0.0,1020.5,66.0,0.0,20.97,0,0.365722523,0.930723931,0.5,0.866025404,-1.0,-1.83772e-16,2023-01-22,139.64803,141.50495695495
14245.0,2023.0,1.0,22.0,18.5,2.7,0.0,1.10432772,0.22961006,0.0,1020.6,69.0,0.0,19.34,0,0.366056285,0.930592712,0.5,0.866025404,-0.991444861,0.130526192,2023-01-22,139.64803,141.50495695495
14246.0,2023.0,1.0,22.0,19.0,2.4,0.0,1.108655439,0.459220119,0.0,1020.7,72.0,0.0,19.76,0,0.366389999,0.930461374,0.5,0.866025404,-0.965925826,0.258819045,2023-01-22,139.64803,141.50495695495
14247.0,2023.0,1.0,22.0,19.5,2.7,0.0,1.084657806,0.759940145,0.0,1020.7,70.0,0.0,19.81,0,0.366723666,0.930329916,0.5,0.866025404,-0.923879533,0.382683432,2023-01-22,179.26803,141.50495695495
14248.0,2023.0,1.0,22.0,20.0,3.0,0.0,1.060660172,1.060660172,0.0,1020.7,68.0,0.0,19.53,0,0.367057286,0.930198338,0.5,0.866025404,-0.866025404,0.5,2023-01-22,179.26803,141.50495695495
14249.0,2023.0,1.0,22.0,20.5,2.45,0.0,1.025304833,1.025304833,0.0,1020.95,69.0,0.0,19.61,0,0.367390859,0.930066641,0.5,0.866025404,-0.79335334,0.608761429,2023-01-22,179.26803,141.50495695495
14250.0,2023.0,1.0,22.0,21.0,1.9,0.0,0.989949494,0.989949494,0.0,1021.2,70.0,0.0,19.01,0,0.367724385,0.929934824,0.5,0.866025404,-0.707106781,0.707106781,2023-01-22,179.26803,141.50495695495
14251.0,2023.0,1.0,22.0,21.5,1.75,0.0,0.16969383,1.28027235,0.0,1020.95,69.5,0.0,18.64,0,0.368057863,0.929802888,0.5,0.866025404,-0.608761429,0.79335334,2023-01-22,179.26803,141.50495695495
14252.0,2023.0,1.0,22.0,22.0,1.6,0.0,-0.650561835,1.570595205,0.0,1020.7,69.0,0.0,17.89,0,0.368391294,0.929670831,0.5,0.866025404,-0.5,0.866025404,2023-01-22,179.26803,141.50495695495
14253.0,2023.0,1.0,22.0,22.5,1.4,0.0,-0.643478969,1.103495654,0.0,1020.45,71.0,0.0,17.69,0,0.368724677,0.929538656,0.5,0.866025404,-0.382683432,0.923879533,2023-01-22,179.26803,141.50495695495
14254.0,2023.0,1.0,22.0,23.0,1.2,0.0,-0.636396103,0.636396103,0.0,1020.2,73.0,0.0,17.23,0,0.369058013,0.92940636,0.5,0.866025404,-0.258819045,0.965925826,2023-01-22,179.26803,141.50495695495
14255.0,2023.0,1.0,22.0,23.5,1.05,0.0,-0.671751442,0.671751442,0.0,1020.05,73.5,0.0,17.28,0,0.369391302,0.929273946,0.5,0.866025404,-0.130526192,0.991444861,2023-01-22,179.26803,141.50495695495
14256.0,2023.0,1.0,23.0,0.0,0.9,0.0,-0.707106781,0.707106781,0.0,1019.9,74.0,0.0,16.87,0,0.369724543,0.929141411,0.5,0.866025404,-2.4503e-16,1.0,2023-01-23,0.0,0.0
14257.0,2023.0,1.0,23.0,0.5,0.6,0.0,-0.636396103,0.636396103,0.0,1019.75,75.0,0.0,16.99,0,0.370057736,0.929008758,0.5,0.866025404,0.130526192,0.991444861,2023-01-23,0.0,0.0
14258.0,2023.0,1.0,23.0,1.0,0.3,0.0,-0.565685425,0.565685425,0.0,1019.6,76.0,0.0,16.0,0,0.370390882,0.928875984,0.5,0.866025404,0.258819045,0.965925826,2023-01-23,0.0,0.0
14259.0,2023.0,1.0,23.0,1.5,0.2,0.0,-0.034098481,0.883364409,0.0,1019.4,78.5,0.0,16.0,0,0.370723981,0.928743092,0.5,0.866025404,0.382683432,0.923879533,2023-01-23,0.0,0.0
14260.0,2023.0,1.0,23.0,2.0,0.1,0.0,0.497488462,1.201043392,0.0,1019.2,81.0,0.0,16.0,0,0.371057031,0.928610079,0.5,0.866025404,0.5,0.866025404,2023-01-23,0.0,0.0
14261.0,2023.0,1.0,23.0,2.5,0.2,0.0,-0.140164498,0.989430426,0.0,1018.8,82.0,0.0,15.15,0,0.371390034,0.928476948,0.5,0.866025404,0.608761429,0.79335334,2023-01-23,0.0,0.0
14262.0,2023.0,1.0,23.0,3.0,0.3,0.0,-0.777817459,0.777817459,0.0,1018.4,83.0,0.0,16.0,0,0.371722989,0.928343697,0.5,0.866025404,0.707106781,0.707106781,2023-01-23,0.0,0.0
14263.0,2023.0,1.0,23.0,3.5,0.5,0.0,-0.601040764,0.601040764,0.0,1018.45,83.5,0.0,16.96,0,0.372055897,0.928210326,0.5,0.866025404,0.79335334,0.608761429,2023-01-23,0.0,0.0
14264.0,2023.0,1.0,23.0,4.0,0.7,0.0,-0.424264069,0.424264069,0.0,1018.5,84.0,0.0,16.0,0,0.372388756,0.928076836,0.5,0.866025404,0.866025404,0.5,2023-01-23,0.0,0.0
14265.0,2023.0,1.0,23.0,4.5,2.15,0.0,0.388908729,0.813172798,0.0,1018.4,78.5,0.0,17.0,0,0.372721568,0.927943227,0.5,0.866025404,0.923879533,0.382683432,2023-01-23,0.0,0.0
14266.0,2023.0,1.0,23.0,5.0,3.6,0.0,1.202081528,1.202081528,0.0,1018.3,73.0,0.0,17.0,0,0.373054331,0.927809499,0.5,0.866025404,0.965925826,0.258819045,2023-01-23,0.0,0.0
14267.0,2023.0,1.0,23.0,5.5,3.55,0.0,0.945455853,1.432532344,0.0,1018.3,71.0,0.0,17.42,0,0.373387047,0.927675651,0.5,0.866025404,0.991444861,0.130526192,2023-01-23,0.0,0.0
14268.0,2023.0,1.0,23.0,6.0,3.5,0.0,0.688830178,1.662983159,0.0,1018.3,69.0,0.0,17.73,0,0.373719715,0.927541684,0.5,0.866025404,1.0,6.12574e-17,2023-01-23,0.0,0.0
14269.0,2023.0,1.0,23.0,6.5,2.7,0.0,-0.115204319,1.291110988,1.388888889,1018.2,74.0,0.002959062,17.65,0,0.374052334,0.927407597,0.5,0.866025404,0.991444861,-0.130526192,2023-01-23,0.0,0.0522274443
14270.0,2023.0,1.0,23.0,7.0,1.9,0.0,-0.919238816,0.919238816,2.777777778,1018.1,79.0,0.005153029,21.0,0,0.374384906,0.927273391,0.5,0.866025404,0.965925826,-0.258819045,2023-01-23,0.0,0.1604410533
14271.0,2023.0,1.0,23.0,7.5,2.85,0.0,0.037869054,1.660662801,6.944444444,1018.15,77.5,0.014206094,22.64,0,0.374717429,0.927139066,0.5,0.866025404,0.923879533,-0.382683432,2023-01-23,0.0,0.48206702146
14272.0,2023.0,1.0,23.0,8.0,3.8,0.0,0.994976924,2.402086785,11.11111111,1018.2,76.0,0.023512315,23.01,0,0.375049904,0.927004622,0.5,0.866025404,0.866025404,-0.5,2023-01-23,0.0,1.02308538961
14273.0,2023.0,1.0,23.0,8.5,3.5,0.0,0.975842753,2.355892808,16.66666667,1018.55,83.5,0.032560384,23.52,0,0.375382331,0.926870059,0.5,0.866025404,0.79335334,-0.608761429,2023-01-23,0.0,1.78890562129
14274.0,2023.0,1.0,23.0,9.0,3.2,0.0,0.956708581,2.309698831,22.22222222,1018.9,91.0,0.043572297,24.59,0,0.37571471,0.926735376,0.5,0.866025404,0.707106781,-0.707106781,2023-01-23,0.0,2.86034840452
14275.0,2023.0,1.0,23.0,9.5,3.3,0.0,0.478354291,2.054849416,33.33333333,1018.85,92.5,0.065417031,24.76,0,0.37604704,0.926600574,0.5,0.866025404,0.608761429,-0.79335334,2023-01-23,4.65488,4.48007409208
14276.0,2023.0,1.0,23.0,10.0,3.4,0.0,1.1e-16,1.8,44.44444444,1018.8,94.0,0.093868127,24.0,0,0.376379322,0.926465653,0.5,0.866025404,0.5,-0.866025404,2023-01-23,6.910880000000001,6.732909140079999
14277.0,2023.0,1.0,23.0,10.5,3.55,0.25,-0.646715673,1.167878403,76.38888887,1018.55,95.0,0.166846789,22.46,0,0.376711556,0.926330613,0.5,0.866025404,0.382683432,-0.923879533,2023-01-23,6.910880000000001,10.48028802102
14278.0,2023.0,1.0,23.0,11.0,3.7,0.5,-1.293431346,0.535756805,108.3333333,1018.3,96.0,0.207479318,22.47,0,0.377043741,0.926195453,0.5,0.866025404,0.258819045,-0.965925826,2023-01-23,6.910880000000001,15.14234829648
14279.0,2023.0,1.0,23.0,11.5,3.75,0.25,-0.761520703,0.545042263,134.7222222,1017.3,95.0,0.264345006,22.41,0,0.377375877,0.926060175,0.5,0.866025404,0.130526192,-0.991444861,2023-01-23,6.910880000000001,21.06631988094
14280.0,2023.0,1.0,23.0,12.0,3.8,0.0,-0.229610059,0.55432772,161.1111111,1016.3,94.0,0.309106312,22.49,0,0.377707965,0.925924777,0.5,0.866025404,1.22515e-16,-1.0,2023-01-23,6.910880000000001,28.01812083782
14281.0,2023.0,1.0,23.0,12.5,4.3,0.0,1.476185228,-1.313826397,180.5555556,1014.15,91.5,0.379110801,20.04,0,0.378040005,0.925789261,0.5,0.866025404,-0.130526192,-0.991444861,2023-01-23,6.910880000000001,35.61550128986
14282.0,2023.0,1.0,23.0,13.0,4.8,0.0,3.181980515,-3.181980515,200.0,1012.0,89.0,0.396120345,17.8,0,0.378371995,0.925653625,0.5,0.866025404,-0.258819045,-0.965925826,2023-01-23,6.910880000000001,42.66644343086
14283.0,2023.0,1.0,23.0,13.5,5.05,0.0,1.590990258,-0.440990257,162.5,1012.65,89.0,0.331795136,21.0,0,0.378703938,0.92551787,0.5,0.866025404,-0.382683432,-0.923879533,2023-01-23,6.910880000000001,49.63414128686
14284.0,2023.0,1.0,23.0,14.0,5.3,0.0,1.41e-16,2.3,125.0,1013.3,89.0,0.250331277,21.0,0,0.379035831,0.925381996,0.5,0.866025404,-0.5,-0.866025404,2023-01-23,6.910880000000001,54.89109810386
14285.0,2023.0,1.0,23.0,14.5,4.95,0.0,-0.554890977,2.489625322,90.27777778,1013.45,88.0,0.171880283,21.0,0,0.379367676,0.925246003,0.5,0.866025404,-0.608761429,-0.79335334,2023-01-23,6.910880000000001,58.500584046860006
14286.0,2023.0,1.0,23.0,15.0,4.6,0.0,-1.109781954,2.679250644,55.55555556,1013.6,87.0,0.108831558,22.39,0,0.379699472,0.925109891,0.5,0.866025404,-0.707106781,-0.707106781,2023-01-23,6.910880000000001,60.937322630480004
14287.0,2023.0,1.0,23.0,15.5,4.8,0.0,-1.085221063,1.869955408,48.61111112,1013.45,87.0,0.096499065,22.61,0,0.380031219,0.924973661,0.5,0.866025404,-0.79335334,-0.608761429,2023-01-23,6.910880000000001,63.119166490130006
14288.0,2023.0,1.0,23.0,16.0,5.0,0.0,-1.060660172,1.060660172,41.66666667,1013.3,87.0,0.092074416,22.6,0,0.380362917,0.924837311,0.5,0.866025404,-0.866025404,-0.5,2023-01-23,6.910880000000001,65.20004829173001
14289.0,2023.0,1.0,23.0,16.5,4.9,0.0,-1.555634919,1.555634919,27.77777778,1013.3,86.5,0.057215877,22.75,0,0.380694566,0.924700842,0.5,0.866025404,-0.923879533,-0.382683432,2023-01-23,6.910880000000001,66.50170949348
14290.0,2023.0,1.0,23.0,17.0,4.8,0.0,-2.050609665,2.050609665,13.88888889,1013.3,86.0,0.026250965,22.77,0,0.381026167,0.924564254,0.5,0.866025404,-0.965925826,-0.258819045,2023-01-23,6.910880000000001,67.09944396653
14291.0,2023.0,1.0,23.0,17.5,4.85,0.0,-1.697056275,1.697056275,6.944444445,1012.95,85.5,0.013630022,23.23,0,0.381357718,0.924427548,0.5,0.866025404,-0.991444861,-0.130526192,2023-01-23,6.910880000000001,67.41606937759
14292.0,2023.0,1.0,23.0,18.0,4.9,0.0,-1.343502884,1.343502884,0.0,1012.6,85.0,0.0,23.77,0,0.38168922,0.924290722,0.5,0.866025404,-1.0,-1.83772e-16,2023-01-23,54.45088,67.41606937759
14293.0,2023.0,1.0,23.0,18.5,5.0,0.0,-1.343502884,1.343502884,0.0,1013.3,84.0,0.0,23.58,0,0.382020673,0.924153778,0.5,0.866025404,-0.991444861,0.130526192,2023-01-23,74.96548,67.41606937759
14294.0,2023.0,1.0,23.0,19.0,5.1,0.0,-1.343502884,1.343502884,0.0,1014.0,83.0,0.0,22.85,0,0.382352077,0.924016715,0.5,0.866025404,-0.965925826,0.258819045,2023-01-23,74.96548,67.41606937759
14295.0,2023.0,1.0,23.0,19.5,4.2,0.0,-1.096015511,1.096015511,0.0,1013.2,87.5,0.0,22.94,0,0.382683432,0.923879533,0.5,0.866025404,-0.923879533,0.382683432,2023-01-23,74.96548,67.41606937759
14296.0,2023.0,1.0,23.0,20.0,3.3,0.0,-0.848528137,0.848528137,0.0,1012.4,92.0,0.0,22.86,0,0.383014738,0.923742232,0.5,0.866025404,-0.866025404,0.5,2023-01-23,74.96548,67.41606937759
14297.0,2023.0,1.0,23.0,20.5,2.55,0.0,-1.117173718,0.137251494,0.0,1011.75,94.5,0.0,22.93,0,0.383345994,0.923604812,0.5,0.866025404,-0.79335334,0.608761429,2023-01-23,74.96548,67.41606937759
14298.0,2023.0,1.0,23.0,21.0,1.8,0.0,-1.385819299,-0.574025149,0.0,1011.1,97.0,0.0,20.64,0,0.383677201,0.923467273,0.5,0.866025404,-0.707106781,0.707106781,2023-01-23,74.96548,67.41606937759
14299.0,2023.0,1.0,23.0,21.5,1.7,0.0,-1.662983159,0.114805029,0.0,1010.6,97.5,0.0,19.8,0,0.384008359,0.923329616,0.5,0.866025404,-0.608761429,0.79335334,2023-01-23,74.96548,67.41606937759
14300.0,2023.0,1.0,23.0,22.0,1.6,0.0,-1.940147018,0.803635208,0.0,1010.1,98.0,0.0,18.17,0,0.384339468,0.92319184,0.5,0.866025404,-0.5,0.866025404,2023-01-23,74.96548,67.41606937759
14301.0,2023.0,1.0,23.0,22.5,2.0,0.0,-1.641824951,1.073569046,0.0,1009.55,94.0,0.0,18.96,0,0.384670527,0.923053945,0.5,0.866025404,-0.382683432,0.923879533,2023-01-23,74.96548,67.41606937759
14302.0,2023.0,1.0,23.0,23.0,2.4,0.0,-1.343502884,1.343502884,0.0,1009.0,90.0,0.0,17.2,0,0.385001536,0.922915932,0.5,0.866025404,-0.258819045,0.965925826,2023-01-23,74.96548,67.41606937759
14303.0,2023.0,1.0,23.0,23.5,2.1,0.0,-1.503243021,1.016166531,0.0,1008.7,90.5,0.0,17.19,0,0.385332496,0.9227778,0.5,0.866025404,-0.130526192,0.991444861,2023-01-23,74.96548,67.41606937759
14304.0,2023.0,1.0,24.0,0.0,1.8,0.0,-1.662983159,0.688830178,0.0,1008.4,91.0,0.0,17.0,0,0.385663406,0.922639549,0.5,0.866025404,-2.4503e-16,1.0,2023-01-24,0.0,0.0
14305.0,2023.0,1.0,24.0,0.5,2.05,0.0,-1.570595206,0.650561835,0.0,1008.1,90.5,0.0,15.0,0,0.385994267,0.922501179,0.5,0.866025404,0.130526192,0.991444861,2023-01-24,0.0,0.0
14306.0,2023.0,1.0,24.0,1.0,2.3,0.0,-1.478207252,0.612293492,0.0,1007.8,90.0,0.0,16.46,0,0.386325078,0.922362691,0.5,0.866025404,0.258819045,0.965925826,2023-01-24,0.0,0.0
14307.0,2023.0,1.0,24.0,1.5,2.1,0.0,-1.339625322,0.554890977,0.0,1007.45,90.5,0.0,15.69,0,0.38665584,0.922224084,0.5,0.866025404,0.382683432,0.923879533,2023-01-24,0.0,0.0
14308.0,2023.0,1.0,24.0,2.0,1.9,0.0,-1.201043392,0.497488462,0.0,1007.1,91.0,0.0,15.0,0,0.386986551,0.922085359,0.5,0.866025404,0.5,0.866025404,2023-01-24,0.0,0.0
14309.0,2023.0,1.0,24.0,2.5,1.75,0.0,-1.200521696,0.248744231,0.0,1006.05,91.0,0.0,15.0,0,0.387317213,0.921946515,0.5,0.866025404,0.608761429,0.79335334,2023-01-24,0.0,0.0
14310.0,2023.0,1.0,24.0,3.0,1.6,0.0,-1.2,1.47e-16,0.0,1005.0,91.0,0.0,12.02,0,0.387647825,0.921807552,0.5,0.866025404,0.707106781,0.707106781,2023-01-24,0.0,0.0
14311.0,2023.0,1.0,24.0,3.5,1.4,0.0,-0.091866257,-0.210475888,0.0,1004.35,92.5,0.0,15.74,0,0.387978388,0.921668471,0.5,0.866025404,0.79335334,0.608761429,2023-01-24,0.0,0.0
14312.0,2023.0,1.0,24.0,4.0,1.2,0.0,1.016267486,-0.420951776,0.0,1003.7,94.0,0.0,15.0,0,0.3883089,0.921529271,0.5,0.866025404,0.866025404,0.5,2023-01-24,0.0,0.0
14313.0,2023.0,1.0,24.0,4.5,1.2,0.0,-0.323357836,0.133939201,0.0,1003.3,94.0,0.0,12.02,0,0.388639362,0.921389953,0.5,0.866025404,0.923879533,0.382683432,2023-01-24,0.0,0.0
14314.0,2023.0,1.0,24.0,5.0,1.2,0.0,-1.662983159,0.688830178,0.0,1002.9,94.0,0.0,15.0,0,0.388969775,0.921250517,0.5,0.866025404,0.965925826,0.258819045,2023-01-24,0.0,0.0
14315.0,2023.0,1.0,24.0,5.5,1.2,0.0,-1.339625322,0.554890977,0.0,1002.4,94.0,0.0,17.0,0,0.389300137,0.921110961,0.5,0.866025404,0.991444861,0.130526192,2023-01-24,0.0,0.0
14316.0,2023.0,1.0,24.0,6.0,1.2,0.0,-1.016267486,0.420951776,0.0,1001.9,94.0,0.0,16.99,0,0.38963045,0.920971288,0.5,0.866025404,1.0,6.12574e-17,2023-01-24,0.0,0.0
14317.0,2023.0,1.0,24.0,6.5,1.2,0.0,-0.755621117,0.457963262,0.0,1001.1,94.5,0.0,17.69,0,0.389960712,0.920831496,0.5,0.866025404,0.991444861,-0.130526192,2023-01-24,0.0,0.0
14318.0,2023.0,1.0,24.0,7.0,1.2,0.0,-0.494974747,0.494974747,0.0,1000.3,95.0,0.0,22.39,0,0.390290924,0.920691585,0.5,0.866025404,0.965925826,-0.258819045,2023-01-24,0.0,0.0
14319.0,2023.0,1.0,24.0,7.5,1.3,0.0,-1.12517293,0.611036634,8.333333335,1000.45,95.0,0.016407656,23.11,0,0.390621086,0.920551556,0.5,0.866025404,0.923879533,-0.382683432,2023-01-24,0.0,0.37918093016
14320.0,2023.0,1.0,24.0,8.0,1.4,0.0,-1.755371112,0.727098521,16.66666667,1000.6,95.0,0.034539051,22.93,0,0.390951197,0.920411409,0.5,0.866025404,0.866025404,-0.5,2023-01-24,0.0,1.17116136959
14321.0,2023.0,1.0,24.0,8.5,1.6,0.25,-1.709177136,0.70796435,26.38888889,999.95,95.5,0.052531534,23.17,0,0.391281259,0.920271143,0.5,0.866025404,0.79335334,-0.608761429,2023-01-24,0.0,2.38831701237
14322.0,2023.0,1.0,24.0,9.0,1.8,0.5,-1.662983159,0.688830178,36.11111111,999.3,96.0,0.075830812,23.84,0,0.39161127,0.920130759,0.5,0.866025404,0.707106781,-0.707106781,2023-01-24,4.2912,4.19612357045
14323.0,2023.0,1.0,24.0,9.5,2.2,0.5,-1.53149158,0.344415089,51.38888889,998.7,96.5,0.096607397,23.41,0,0.39194123,0.919990256,0.5,0.866025404,0.608761429,-0.79335334,2023-01-24,6.5619700000000005,6.45770273422
14324.0,2023.0,1.0,24.0,10.0,2.6,0.5,-1.4,1.72e-16,66.66666667,998.1,97.0,0.135177487,22.66,0,0.392271141,0.919849636,0.5,0.866025404,0.5,-0.866025404,2023-01-24,9.621070000000001,9.52082458964
14325.0,2023.0,1.0,24.0,10.5,3.4,0.25,-0.912132034,-0.212132034,90.27777779,996.55,96.0,0.172982099,22.37,0,0.392601,0.919708897,0.5,0.866025404,0.382683432,-0.923879533,2023-01-24,13.491080000000002,13.39043414427
14326.0,2023.0,1.0,24.0,11.0,4.2,0.0,-0.424264069,-0.424264069,113.8888889,995.0,95.0,0.224209291,19.82,0,0.39293081,0.919568039,0.5,0.866025404,0.258819045,-0.965925826,2023-01-24,17.930760000000003,17.83426229189
14327.0,2023.0,1.0,24.0,11.5,5.1,0.0,-1.062132034,-0.212132034,262.5,993.9,88.0,0.506032216,18.82,0,0.393260568,0.919427064,0.5,0.866025404,0.130526192,-0.991444861,2023-01-24,27.453680000000006,27.35778859701
14328.0,2023.0,1.0,24.0,12.0,6.0,0.0,-1.7,2.08e-16,411.1111111,992.8,81.0,0.826781012,17.81,0,0.393590277,0.91928597,0.5,0.866025404,1.22515e-16,-1.0,2023-01-24,27.453680000000006,42.08275842073
14329.0,2023.0,1.0,24.0,12.5,7.0,0.0,-1.7,2.08e-16,434.7222222,992.0,76.0,0.838223123,17.0,0,0.393919934,0.919144758,0.5,0.866025404,-0.130526192,-0.991444861,2023-01-24,27.453680000000006,56.33255151173
14330.0,2023.0,1.0,24.0,13.0,8.0,0.0,-1.7,2.08e-16,458.3333333,991.2,71.0,0.908037965,17.0,0,0.394249541,0.919003427,0.5,0.866025404,-0.258819045,-0.965925826,2023-01-24,27.453680000000006,71.76919691673001
14331.0,2023.0,1.0,24.0,13.5,8.95,0.0,-1.424025149,-1.385819299,455.5555556,990.25,68.5,0.95788185,17.88,0,0.394579097,0.918861979,0.5,0.866025404,-0.382683432,-0.923879533,2023-01-24,27.453680000000006,88.89612439473001
14332.0,2023.0,1.0,24.0,14.0,9.9,0.0,-1.148050297,-2.771638598,452.7777778,989.3,66.0,0.982250067,18.28,0,0.394908603,0.918720412,0.5,0.866025404,-0.5,-0.866025404,2023-01-24,50.72412000000001,106.85165561949
14333.0,2023.0,1.0,24.0,14.5,9.85,0.0,-1.090647782,-2.633056668,400.0,988.6,61.5,0.759779959,18.02,0,0.395238057,0.918578727,0.5,0.866025404,-0.608761429,-0.79335334,2023-01-24,50.72412000000001,120.54289048067
14334.0,2023.0,1.0,24.0,15.0,9.8,0.0,-1.033245267,-2.494474738,347.2222222,987.9,57.0,0.655844954,18.61,0,0.395567461,0.918436924,0.5,0.866025404,-0.707106781,-0.707106781,2023-01-24,62.93228000000001,132.74816507461
14335.0,2023.0,1.0,24.0,15.5,9.65,0.0,-0.516622634,-2.247237369,266.6666666,987.7,58.5,0.499326219,18.7,0,0.395896814,0.918295003,0.5,0.866025404,-0.79335334,-0.608761429,2023-01-24,72.26358000000002,142.08556536991
14336.0,2023.0,1.0,24.0,16.0,9.5,0.0,-3.68e-16,-2.0,186.1111111,987.5,60.0,0.367433195,22.02,0,0.396226116,0.918152964,0.5,0.866025404,-0.866025404,-0.5,2023-01-24,80.34492000000002,150.17644432381
14337.0,2023.0,1.0,24.0,16.5,6.6,0.25,-2.298097039,1.298097039,101.3888889,988.15,70.5,0.200830907,22.64,0,0.396555367,0.918010806,0.5,0.866025404,-0.923879533,-0.382683432,2023-01-24,84.89556000000002,154.72325605829
14338.0,2023.0,1.0,24.0,17.0,3.7,0.5,-4.596194078,4.596194078,16.66666667,988.8,81.0,0.033585428,23.54,0,0.396884567,0.917868531,0.5,0.866025404,-0.965925826,-0.258819045,2023-01-24,85.69592000000002,155.51385703340998
14339.0,2023.0,1.0,24.0,17.5,2.6,0.484375,-3.312208135,4.7463778,8.333333335,989.75,84.0,0.016116901,23.95,0,0.397213716,0.917726138,0.5,0.866025404,-0.991444861,-0.130526192,2023-01-24,86.07912000000002,155.89985681235999
14340.0,2023.0,1.0,24.0,18.0,1.5,0.46875,-2.028222192,4.896561522,0.0,990.7,87.0,0.0,24.03,0,0.397542814,0.917583626,0.5,0.866025404,-1.0,-1.83772e-16,2023-01-24,86.07912000000002,155.89985681235999
14341.0,2023.0,1.0,24.0,18.5,1.3,0.453125,-2.074771268,3.508940933,0.0,991.95,82.0,0.0,24.14,0,0.397871861,0.917440997,0.5,0.866025404,-0.991444861,0.130526192,2023-01-24,134.35912000000002,155.89985681235999
14342.0,2023.0,1.0,24.0,19.0,1.1,0.4375,-2.121320344,2.121320344,0.0,993.2,77.0,0.0,24.3,0,0.398200857,0.917298249,0.5,0.866025404,-0.965925826,0.258819045,2023-01-24,182.95912,155.89985681235999
14343.0,2023.0,1.0,24.0,19.5,0.75,0.421875,-1.959966238,3.231777074,0.0,994.05,64.5,0.0,24.03,0,0.398529801,0.917155384,0.5,0.866025404,-0.923879533,0.382683432,2023-01-24,182.95912,155.89985681235999
14344.0,2023.0,1.0,24.0,20.0,0.4,0.40625,-1.798612132,4.342233803,0.0,994.9,52.0,0.0,23.77,0,0.398858694,0.9170124,0.5,0.866025404,-0.866025404,0.5,2023-01-24,182.95912,155.89985681235999
14345.0,2023.0,1.0,24.0,20.5,-0.75,0.390625,-1.492465386,3.603130177,0.0,995.9,62.5,0.0,23.58,0,0.399187536,0.916869299,0.5,0.866025404,-0.79335334,0.608761429,2023-01-24,182.95912,155.89985681235999
14346.0,2023.0,1.0,24.0,21.0,-1.9,0.375,-1.18631864,2.864026551,0.0,996.9,73.0,0.0,23.23,0,0.399516327,0.916726079,0.5,0.866025404,-0.707106781,0.707106781,2023-01-24,182.95912,155.89985681235999
14347.0,2023.0,1.0,24.0,21.5,-2.2,0.359375,-0.59315932,1.982013276,0.0,997.4,74.0,0.0,22.95,0,0.399845066,0.916582742,0.5,0.866025404,-0.608761429,0.79335334,2023-01-24,182.95912,155.89985681235999
14348.0,2023.0,1.0,24.0,22.0,-2.5,0.34375,6.74e-17,1.1,0.0,997.9,75.0,0.0,22.09,0,0.400173753,0.916439287,0.5,0.866025404,-0.5,0.866025404,2023-01-24,182.95912,155.89985681235999
14349.0,2023.0,1.0,24.0,22.5,-2.2,0.328125,-1.524401229,1.181427664,0.0,998.4,63.0,0.0,19.64,0,0.40050239,0.916295714,0.5,0.866025404,-0.382683432,0.923879533,2023-01-24,182.95912,155.89985681235999
14350.0,2023.0,1.0,24.0,23.0,-1.9,0.3125,-3.048802457,1.262855327,0.0,998.9,51.0,0.0,17.71,0,0.400830974,0.916152023,0.5,0.866025404,-0.258819045,0.965925826,2023-01-24,182.95912,155.89985681235999
14351.0,2023.0,1.0,24.0,23.5,-2.1,0.296875,-2.903259452,2.010285887,0.0,999.35,49.5,0.0,18.71,0,0.401159508,0.916008215,0.5,0.866025404,-0.130526192,0.991444861,2023-01-24,182.95912,155.89985681235999
14352.0,2023.0,1.0,25.0,0.0,-2.3,0.28125,-2.757716447,2.757716447,0.0,999.8,48.0,0.0,17.69,0,0.401487989,0.915864288,0.5,0.866025404,-2.4503e-16,1.0,2023-01-25,0.0,0.0
14353.0,2023.0,1.0,25.0,0.5,-2.35,0.265625,-4.228858224,1.378858224,0.0,1000.6,44.5,0.0,17.64,0,0.401816419,0.915720244,0.5,0.866025404,0.130526192,0.991444861,2023-01-25,0.0,0.0
14354.0,2023.0,1.0,25.0,1.0,-2.4,0.25,-5.7,6.98e-16,0.0,1001.4,41.0,0.0,16.99,0,0.402144797,0.915576082,0.5,0.866025404,0.258819045,0.965925826,2023-01-25,0.0,0.0
14355.0,2023.0,1.0,25.0,1.5,-2.75,0.234375,-6.3,7.72e-16,0.0,1002.3,46.5,0.0,16.53,0,0.402473124,0.915431802,0.5,0.866025404,0.382683432,0.923879533,2023-01-25,0.0,0.0
14356.0,2023.0,1.0,25.0,2.0,-3.1,0.21875,-6.9,8.45e-16,0.0,1003.2,52.0,0.0,16.96,0,0.402801399,0.915287405,0.5,0.866025404,0.5,0.866025404,2023-01-25,0.0,0.0
14357.0,2023.0,1.0,25.0,2.5,-3.15,0.203125,-6.683578364,1.339392014,0.0,1003.6,50.0,0.0,15.0,0,0.403129622,0.915142889,0.5,0.866025404,0.608761429,0.79335334,2023-01-25,0.0,0.0
14358.0,2023.0,1.0,25.0,3.0,-3.2,0.1875,-6.467156728,2.678784027,0.0,1004.0,48.0,0.0,16.0,0,0.403457793,0.914998257,0.5,0.866025404,0.707106781,0.707106781,2023-01-25,0.0,0.0
14359.0,2023.0,1.0,25.0,3.5,-3.35,0.171875,-5.533578364,1.339392014,0.0,1004.6,49.0,0.0,15.0,0,0.403785912,0.914853506,0.5,0.866025404,0.79335334,0.608761429,2023-01-25,0.0,0.0
14360.0,2023.0,1.0,25.0,4.0,-3.5,0.15625,-4.6,5.64e-16,0.0,1005.2,50.0,0.0,15.0,0,0.404113979,0.914708638,0.5,0.866025404,0.866025404,0.5,2023-01-25,0.0,0.0
14361.0,2023.0,1.0,25.0,4.5,-3.85,0.140625,-3.85,4.72e-16,0.0,1005.9,51.0,0.0,16.0,0,0.404441995,0.914563652,0.5,0.866025404,0.923879533,0.382683432,2023-01-25,0.0,0.0
14362.0,2023.0,1.0,25.0,5.0,-4.2,0.125,-3.1,3.8e-16,0.0,1006.6,52.0,0.0,16.0,0,0.404769958,0.914418548,0.5,0.866025404,0.965925826,0.258819045,2023-01-25,0.0,0.0
14363.0,2023.0,1.0,25.0,5.5,-4.1,0.109375,-3.1,3.8e-16,0.0,1007.35,49.0,0.0,15.71,0,0.405097869,0.914273327,0.5,0.866025404,0.991444861,0.130526192,2023-01-25,0.0,0.0
14364.0,2023.0,1.0,25.0,6.0,-4.0,0.09375,-3.1,3.8e-16,0.0,1008.1,46.0,0.0,17.36,0,0.405425728,0.914127988,0.5,0.866025404,1.0,6.12574e-17,2023-01-25,0.0,0.0
14365.0,2023.0,1.0,25.0,6.5,-4.0,0.078125,-3.45,4.23e-16,1.388888889,1008.65,43.0,0.002672745,19.34,0,0.405753535,0.913982532,0.5,0.866025404,0.991444861,-0.130526192,2023-01-25,0.0,0.051690888299999994
14366.0,2023.0,1.0,25.0,7.0,-4.0,0.0625,-3.8,4.66e-16,2.777777778,1009.2,40.0,0.005095457,23.2,0,0.40608129,0.913836958,0.5,0.866025404,0.965925826,-0.258819045,2023-01-25,0.0,0.1699054907
14367.0,2023.0,1.0,25.0,7.5,-3.35,0.046875,-4.2,5.15e-16,51.38888889,1009.8,38.5,0.111162293,23.98,0,0.406408993,0.913691267,0.5,0.866025404,0.923879533,-0.382683432,2023-01-25,0.0,2.83557727684
14368.0,2023.0,1.0,25.0,8.0,-2.7,0.03125,-4.6,5.64e-16,100.0,1010.4,37.0,0.202851869,24.76,0,0.406736643,0.913545458,0.5,0.866025404,0.866025404,-0.5,2023-01-25,7.972720000000001,7.858189553280001
14369.0,2023.0,1.0,25.0,8.5,-2.05,0.015625,-4.471116902,0.899306066,191.6666667,1010.85,36.5,0.383968616,24.03,0,0.407064241,0.913399531,0.5,0.866025404,0.79335334,-0.608761429,2023-01-25,7.972720000000001,17.08495539576
14370.0,2023.0,1.0,25.0,9.0,-1.4,0.0,-4.342233803,1.798612132,283.3333333,1011.3,36.0,0.624474958,24.71,0,0.407391787,0.913253487,0.5,0.866025404,0.707106781,-0.707106781,2023-01-25,32.8804,32.51573160794
14371.0,2023.0,1.0,25.0,9.5,-1.05,0.0,-5.127531406,2.12389305,366.6666667,1011.4,34.0,0.779684317,24.12,0,0.40771928,0.913107326,0.5,0.866025404,0.608761429,-0.79335334,2023-01-25,51.694,51.32171733398
14372.0,2023.0,1.0,25.0,10.0,-0.7,0.0,-5.912829008,2.449173967,450.0,1011.5,32.0,0.932586406,23.92,0,0.408046721,0.912961047,0.5,0.866025404,0.5,-0.866025404,2023-01-25,74.01136000000001,73.62918416549999
14373.0,2023.0,1.0,25.0,10.5,-0.2,0.0,-5.543277195,2.296100594,494.4444445,1011.25,30.0,0.948126599,22.37,0,0.408374109,0.912814651,0.5,0.866025404,0.382683432,-0.923879533,2023-01-25,95.21812000000001,94.83877618513
14374.0,2023.0,1.0,25.0,11.0,0.3,0.0,-5.173725382,2.143027221,538.8888889,1011.0,28.0,1.022804092,22.07,0,0.408701445,0.912668137,0.5,0.866025404,0.258819045,-0.965925826,2023-01-25,117.79573000000002,117.41206249557001
14375.0,2023.0,1.0,25.0,11.5,0.7,0.0,-5.497083219,2.276966423,548.6111111,1010.75,26.5,1.126825064,21.0,0,0.409028728,0.912521506,0.5,0.866025404,0.130526192,-0.991444861,2023-01-25,141.46273000000002,141.07538883957
14376.0,2023.0,1.0,25.0,12.0,1.1,0.0,-5.820441055,2.410905624,558.3333333,1010.5,25.0,1.08539519,19.11,0,0.409355959,0.912374758,0.5,0.866025404,1.22515e-16,-1.0,2023-01-25,162.19708000000003,161.81729092047
14377.0,2023.0,1.0,25.0,12.5,1.2,0.0,-5.260220528,1.205452812,581.9444445,1010.5,25.5,1.084445091,17.76,0,0.409683137,0.912227892,0.5,0.866025404,-0.130526192,-0.991444861,2023-01-25,162.19708000000003,181.07703573663
14378.0,2023.0,1.0,25.0,13.0,1.3,0.0,-4.7,5.76e-16,605.5555556,1010.5,26.0,1.268400311,17.43,0,0.410010262,0.912080909,0.5,0.866025404,-0.258819045,-0.965925826,2023-01-25,162.19708000000003,203.18525315736
14379.0,2023.0,1.0,25.0,13.5,1.3,0.0,-4.65,5.7e-16,556.9444445,1010.65,27.0,1.12292153,18.27,0,0.410337335,0.911933809,0.5,0.866025404,-0.382683432,-0.923879533,2023-01-25,162.19708000000003,223.70102951046
14380.0,2023.0,1.0,25.0,14.0,1.3,0.0,-4.6,5.64e-16,508.3333333,1010.8,28.0,0.940665388,18.69,0,0.410664354,0.911786591,0.5,0.866025404,-0.5,-0.866025404,2023-01-25,169.97212000000002,241.28206561218
14381.0,2023.0,1.0,25.0,14.5,0.8,0.0,-5.071638598,1.148050297,366.6666667,1011.25,28.0,0.761142082,19.04,0,0.410991321,0.911639256,0.5,0.866025404,-0.608761429,-0.79335334,2023-01-25,184.46156000000002,255.77421085345998
14382.0,2023.0,1.0,25.0,15.0,0.3,0.0,-5.543277195,2.296100594,225.0,1011.7,28.0,0.431059613,22.07,0,0.411318236,0.911491804,0.5,0.866025404,-0.707106781,-0.707106781,2023-01-25,193.97373000000002,265.28769651236996
14383.0,2023.0,1.0,25.0,15.5,0.35,0.0,-5.127531406,2.12389305,112.5,1012.3,30.0,0.230504842,22.37,0,0.411645097,0.911344235,0.5,0.866025404,-0.79335334,-0.608761429,2023-01-25,199.14120000000003,270.44408982791
14384.0,2023.0,1.0,25.0,16.0,0.4,0.0,-4.711785616,1.951685505,0.0,1012.9,32.0,0.0,23.01,0,0.411971905,0.911196548,0.5,0.866025404,-0.866025404,-0.5,2023-01-25,199.14120000000003,270.44408982791
14385.0,2023.0,1.0,25.0,16.5,-0.15,0.0,-4.296039826,1.779477961,30.55555556,1013.35,33.5,0.05988007,24.24,0,0.41229866,0.911048744,0.5,0.866025404,-0.923879533,-0.382683432,2023-01-25,200.59560000000002,271.89558272471
14386.0,2023.0,1.0,25.0,17.0,-0.7,0.0,-3.880294037,1.607270416,61.11111111,1013.8,35.0,0.116285686,36.43,0,0.412625363,0.910900823,0.5,0.866025404,-0.965925826,-0.258819045,2023-01-25,204.82148,276.13187026569
14387.0,2023.0,1.0,25.0,17.5,-1.05,0.0,-3.325966318,1.377660356,30.55555556,1014.2,37.0,0.064832349,44.43,0,0.412952012,0.910752785,0.5,0.866025404,-0.991444861,-0.130526192,2023-01-25,207.79829,279.01237153176
14388.0,2023.0,1.0,25.0,18.0,-1.4,0.0,-2.771638598,1.148050297,0.0,1014.6,39.0,0.0,44.43,0,0.413278608,0.91060463,0.5,0.866025404,-1.0,-1.83772e-16,2023-01-25,210.19751000000002,279.01237153176
14389.0,2023.0,1.0,25.0,18.5,-1.55,0.0,-3.233578364,1.339392013,0.0,1014.65,37.5,0.0,44.43,0,0.413605151,0.910456358,0.5,0.866025404,-0.991444861,0.130526192,2023-01-25,244.89734,279.01237153176
14390.0,2023.0,1.0,25.0,19.0,-1.7,0.0,-3.69551813,1.530733729,0.0,1014.7,36.0,0.0,44.43,0,0.41393164,0.910307968,0.5,0.866025404,-0.965925826,0.258819045,2023-01-25,313.63055,279.01237153176
14391.0,2023.0,1.0,25.0,19.5,-1.8,0.0,-3.747759065,0.765366865,0.0,1014.95,36.0,0.0,44.43,0,0.414258077,0.910159462,0.5,0.866025404,-0.923879533,0.382683432,2023-01-25,385.42943,279.01237153176
14392.0,2023.0,1.0,25.0,20.0,-1.9,0.0,-3.8,4.66e-16,0.0,1015.2,36.0,0.0,41.85,0,0.41458446,0.910010838,0.5,0.866025404,-0.866025404,0.5,2023-01-25,385.42943,279.01237153176
14393.0,2023.0,1.0,25.0,20.5,-1.75,0.0,-3.840147018,0.803635208,0.0,1015.25,35.0,0.0,36.43,0,0.41491079,0.909862097,0.5,0.866025404,-0.79335334,0.608761429,2023-01-25,385.42943,279.01237153176
14394.0,2023.0,1.0,25.0,21.0,-1.6,0.0,-3.880294037,1.607270416,0.0,1015.3,34.0,0.0,27.23,0,0.415237066,0.90971324,0.5,0.866025404,-0.707106781,0.707106781,2023-01-25,385.42943,279.01237153176
14395.0,2023.0,1.0,25.0,21.5,-1.4,0.0,-3.97268199,1.645538759,0.0,1015.15,33.0,0.0,24.79,0,0.41556329,0.909564265,0.5,0.866025404,-0.608761429,0.79335334,2023-01-25,385.42943,279.01237153176
14396.0,2023.0,1.0,25.0,22.0,-1.2,0.0,-4.065069943,1.683807102,0.0,1015.0,32.0,0.0,23.58,0,0.415889459,0.909415173,0.5,0.866025404,-0.5,0.866025404,2023-01-25,385.42943,279.01237153176
14397.0,2023.0,1.0,25.0,22.5,-1.05,0.0,-4.52700971,1.875148819,0.0,1015.15,31.5,0.0,23.21,0,0.416215575,0.909265965,0.5,0.866025404,-0.382683432,0.923879533,2023-01-25,385.42943,279.01237153176
14398.0,2023.0,1.0,25.0,23.0,-0.9,0.0,-4.988949476,2.066490535,0.0,1015.3,31.0,0.0,22.07,0,0.416541638,0.909116639,0.5,0.866025404,-0.258819045,0.965925826,2023-01-25,385.42943,279.01237153176
14399.0,2023.0,1.0,25.0,23.5,-1.5,0.0,-4.294474738,1.033245268,0.0,1015.55,34.0,0.0,22.02,0,0.416867647,0.908967197,0.5,0.866025404,-0.130526192,0.991444861,2023-01-25,385.42943,279.01237153176
14400.0,2023.0,1.0,26.0,0.0,-2.1,0.0,-3.6,4.41e-16,0.0,1015.8,37.0,0.0,19.88,0,0.417193603,0.908817637,0.5,0.866025404,-2.4503e-16,1.0,2023-01-26,0.0,0.0
14401.0,2023.0,1.0,26.0,0.5,-2.25,0.0,-3.5,4.29e-16,0.0,1015.65,38.0,0.0,21.33,0,0.417519504,0.908667961,0.5,0.866025404,0.130526192,0.991444861,2023-01-26,0.0,0.0
14402.0,2023.0,1.0,26.0,1.0,-2.4,0.0,-3.4,4.17e-16,0.0,1015.5,39.0,0.0,19.5,0,0.417845353,0.908518168,0.5,0.866025404,0.258819045,0.965925826,2023-01-26,0.0,0.0
14403.0,2023.0,1.0,26.0,1.5,-2.3,0.0,-3.132013276,0.59315932,0.0,1015.45,38.5,0.0,19.01,0,0.418171147,0.908368258,0.5,0.866025404,0.382683432,0.923879533,2023-01-26,0.0,0.0
14404.0,2023.0,1.0,26.0,2.0,-2.2,0.0,-2.864026551,1.18631864,0.0,1015.4,38.0,0.0,17.74,0,0.418496887,0.908218231,0.5,0.866025404,0.5,0.866025404,2023-01-26,0.0,0.0
14405.0,2023.0,1.0,26.0,2.5,-2.2,0.0,-2.448280762,1.014111096,0.0,1015.3,37.5,0.0,17.61,0,0.418822574,0.908068087,0.5,0.866025404,0.608761429,0.79335334,2023-01-26,0.0,0.0
14406.0,2023.0,1.0,26.0,3.0,-2.2,0.0,-2.032534972,0.841903551,0.0,1015.2,37.0,0.0,17.58,0,0.419148207,0.907917827,0.5,0.866025404,0.707106781,0.707106781,2023-01-26,0.0,0.0
14407.0,2023.0,1.0,26.0,3.5,-2.9,0.0,-2.216267486,0.420951776,0.0,1014.95,40.5,0.0,17.24,0,0.419473786,0.90776745,0.5,0.866025404,0.79335334,0.608761429,2023-01-26,0.0,0.0
14408.0,2023.0,1.0,26.0,4.0,-3.6,0.0,-2.4,2.94e-16,0.0,1014.7,44.0,0.0,17.0,0,0.419799311,0.907616956,0.5,0.866025404,0.866025404,0.5,2023-01-26,0.0,0.0
14409.0,2023.0,1.0,26.0,4.5,-3.7,0.0,-2.45,3e-16,0.0,1014.95,45.0,0.0,17.19,0,0.420124782,0.907466345,0.5,0.866025404,0.923879533,0.382683432,2023-01-26,0.0,0.0
14410.0,2023.0,1.0,26.0,5.0,-3.8,0.0,-2.5,3.06e-16,0.0,1015.2,46.0,0.0,17.67,0,0.420450199,0.907315618,0.5,0.866025404,0.965925826,0.258819045,2023-01-26,0.0,0.0
14411.0,2023.0,1.0,26.0,5.5,-4.1,0.0,-2.173879533,-0.382683432,0.0,1015.25,48.0,0.0,19.76,0,0.420775562,0.907164774,0.5,0.866025404,0.991444861,0.130526192,2023-01-26,0.0,0.0
14412.0,2023.0,1.0,26.0,6.0,-4.4,0.0,-1.847759065,-0.765366865,0.0,1015.3,50.0,0.0,21.96,0,0.421100871,0.907013813,0.5,0.866025404,1.0,6.12574e-17,2023-01-26,0.0,0.0
14413.0,2023.0,1.0,26.0,6.5,-4.1,0.0,-1.755371112,-0.727098522,1.388888889,1015.4,49.0,0.002806514,23.56,0,0.421426125,0.906862735,0.5,0.866025404,0.991444861,-0.130526192,2023-01-26,0.0,0.06612146984
14414.0,2023.0,1.0,26.0,7.0,-3.8,0.0,-1.662983159,-0.688830178,2.777777778,1015.5,48.0,0.005510621,24.61,0,0.421751326,0.906711541,0.5,0.866025404,0.965925826,-0.258819045,2023-01-26,0.0,0.20173785265
14415.0,2023.0,1.0,26.0,7.5,-2.65,0.0,-1.570595206,-0.650561835,50.0,1015.7,44.5,0.096413713,28.33,0,0.422076472,0.906560231,0.5,0.866025404,0.923879533,-0.382683432,2023-01-26,0.0,2.93313834194
14416.0,2023.0,1.0,26.0,8.0,-1.5,0.0,-1.478207252,-0.612293492,97.22222222,1015.9,41.0,0.181020969,31.15,0,0.422401564,0.906408803,0.5,0.866025404,0.866025404,-0.5,2023-01-26,8.908900000000001,8.571941526289999
14417.0,2023.0,1.0,26.0,8.5,-0.1,0.0,-1.989103626,-0.306146746,187.5,1015.9,36.0,0.35548567,25.42,0,0.422726602,0.906257259,0.5,0.866025404,0.79335334,-0.608761429,2023-01-26,8.908900000000001,17.608387257689998
14418.0,2023.0,1.0,26.0,9.0,1.3,0.0,-2.5,3.06e-16,277.7777778,1015.9,31.0,0.55698365,26.25,0,0.423051585,0.906105599,0.5,0.866025404,0.707106781,-0.707106781,2023-01-26,32.8489,32.22920807019
14419.0,2023.0,1.0,26.0,9.5,2.65,0.0,-2.404849416,-0.47835429,354.1666667,1015.65,30.5,0.709544807,24.53,0,0.423376514,0.905953822,0.5,0.866025404,0.608761429,-0.79335334,2023-01-26,50.2652,49.634342185899996
14420.0,2023.0,1.0,26.0,10.0,4.0,0.0,-2.309698831,-0.956708581,430.5555556,1015.4,30.0,0.844735555,22.68,0,0.423701388,0.905801929,0.5,0.866025404,0.5,-0.866025404,2023-01-26,50.2652,68.79294457329999
14421.0,2023.0,1.0,26.0,10.5,4.9,0.0,-2.633056668,-1.090647783,486.1111111,1014.8,30.0,0.927274264,22.79,0,0.424026208,0.905649919,0.5,0.866025404,0.382683432,-0.923879533,2023-01-26,90.64908,89.92552504986
14422.0,2023.0,1.0,26.0,11.0,5.8,0.0,-2.956414504,-1.224586984,541.6666667,1014.2,30.0,1.075792764,22.38,0,0.424350973,0.905497792,0.5,0.866025404,0.258819045,-0.965925826,2023-01-26,90.64908,114.00176710817999
14423.0,2023.0,1.0,26.0,11.5,6.2,0.0,-2.224439945,-2.413858581,566.6666667,1013.4,30.0,1.084611497,22.38,0,0.424675684,0.905345549,0.5,0.866025404,0.130526192,-0.991444861,2023-01-26,139.01226,138.27537241104
14424.0,2023.0,1.0,26.0,12.0,6.6,0.0,-1.492465386,-3.603130177,591.6666667,1012.6,30.0,1.301829579,22.34,0,0.42500034,0.90519319,0.5,0.866025404,1.22515e-16,-1.0,2023-01-26,168.09894,167.3582452059
14425.0,2023.0,1.0,26.0,12.5,7.1,0.0,-1.59476083,-2.650093226,581.9444445,1012.2,28.0,1.155654802,17.88,0,0.425324941,0.905040714,0.5,0.866025404,-0.130526192,-0.991444861,2023-01-26,168.09894,188.02135306566
14426.0,2023.0,1.0,26.0,13.0,7.6,0.0,-1.697056275,-1.697056275,572.2222222,1011.8,26.0,1.186282628,17.56,0,0.425649488,0.904888122,0.5,0.866025404,-0.258819045,-0.965925826,2023-01-26,168.09894,208.85247601334
14427.0,2023.0,1.0,26.0,13.5,7.8,0.0,-2.085965005,-2.085965005,540.2777778,1011.55,25.5,1.078271244,18.7,0,0.42597398,0.904735413,0.5,0.866025404,-0.382683432,-0.923879533,2023-01-26,168.09894,229.01614827614
14428.0,2023.0,1.0,26.0,14.0,8.0,0.0,-2.474873734,-2.474873734,508.3333333,1011.3,25.0,0.941322803,20.49,0,0.426298417,0.904582588,0.5,0.866025404,-0.5,-0.866025404,2023-01-26,175.49583,248.30385250961
14429.0,2023.0,1.0,26.0,14.5,7.85,0.0,-1.907132874,-2.854226049,441.6666667,1011.1,28.0,0.92770733,20.5,0,0.4266228,0.904429647,0.5,0.866025404,-0.608761429,-0.79335334,2023-01-26,194.51983,267.32185277461
14430.0,2023.0,1.0,26.0,15.0,7.7,0.0,-1.339392013,-3.233578364,375.0,1010.9,31.0,0.772493572,22.4,0,0.426947127,0.90427659,0.5,0.866025404,-0.707106781,-0.707106781,2023-01-26,224.40143,284.62570878741
14431.0,2023.0,1.0,26.0,15.5,7.3,0.0,-0.669696007,-3.616789182,291.6666667,1010.9,34.0,0.561537277,22.07,0,0.4272714,0.904123416,0.5,0.866025404,-0.79335334,-0.608761429,2023-01-26,224.40143,297.0188364908
14432.0,2023.0,1.0,26.0,16.0,6.9,0.0,-7.35e-16,-4.0,208.3333333,1010.9,37.0,0.402936069,22.6,0,0.427595618,0.903970125,0.5,0.866025404,-0.866025404,-0.5,2023-01-26,233.50923,306.1251916502
14433.0,2023.0,1.0,26.0,16.5,6.1,0.0,-6.34e-16,-3.45,127.7777778,1011.3,40.5,0.254999219,23.33,0,0.42791978,0.903816719,0.5,0.866025404,-0.923879533,-0.382683432,2023-01-26,239.45838,312.07432342947
14434.0,2023.0,1.0,26.0,17.0,5.3,0.0,-5.33e-16,-2.9,47.22222222,1011.7,44.0,0.092878402,24.71,0,0.428243888,0.903663196,0.5,0.866025404,-0.965925826,-0.258819045,2023-01-26,241.75641000000002,314.36934874289
14435.0,2023.0,1.0,26.0,17.5,4.0,0.0,0.877685556,-1.81354926,23.61111111,1011.95,49.5,0.046703451,33.09,0,0.42856794,0.903509557,0.5,0.866025404,-0.991444861,-0.130526192,2023-01-26,243.31164,315.91476593648
14436.0,2023.0,1.0,26.0,18.0,2.7,0.0,1.755371112,-0.727098521,0.0,1012.2,55.0,0.0,36.94,0,0.428891938,0.903355802,0.5,0.866025404,-1.0,-1.83772e-16,2023-01-26,317.19164,315.91476593648
14437.0,2023.0,1.0,26.0,18.5,2.25,0.0,1.317771503,-1.426010723,0.0,1012.1,56.0,0.0,35.41,0,0.42921588,0.903201931,0.5,0.866025404,-0.991444861,0.130526192,2023-01-26,388.01164,315.91476593648
14438.0,2023.0,1.0,26.0,19.0,1.8,0.0,0.880171894,-2.124922925,0.0,1012.0,57.0,0.0,33.09,0,0.429539767,0.903047944,0.5,0.866025404,-0.965925826,0.258819045,2023-01-26,388.01164,315.91476593648
14439.0,2023.0,1.0,26.0,19.5,1.2,0.0,0.191341716,-1.662983159,0.0,1012.05,61.5,0.0,28.0,0,0.429863599,0.90289384,0.5,0.866025404,-0.923879533,0.382683432,2023-01-26,388.01164,315.91476593648
14440.0,2023.0,1.0,26.0,20.0,0.6,0.0,-0.497488462,-1.201043392,0.0,1012.1,66.0,0.0,25.88,0,0.430187376,0.90273962,0.5,0.866025404,-0.866025404,0.5,2023-01-26,388.01164,315.91476593648
14441.0,2023.0,1.0,26.0,20.5,0.4,0.0,-0.440085947,-0.13858193,0.0,1012.2,69.5,0.0,24.79,0,0.430511097,0.902585284,0.5,0.866025404,-0.79335334,0.608761429,2023-01-26,388.01164,315.91476593648
14442.0,2023.0,1.0,26.0,21.0,0.2,0.0,-0.382683432,0.923879533,0.0,1012.3,73.0,0.0,24.03,0,0.430834763,0.902430832,0.5,0.866025404,-0.707106781,0.707106781,2023-01-26,388.01164,315.91476593648
14443.0,2023.0,1.0,26.0,21.5,-0.25,0.0,0.508658284,0.461939767,0.0,1012.2,73.0,0.0,23.58,0,0.431158373,0.902276264,0.5,0.866025404,-0.608761429,0.79335334,2023-01-26,388.01164,315.91476593648
14444.0,2023.0,1.0,26.0,22.0,-0.7,0.0,1.4,0.0,0.0,1012.1,73.0,0.0,23.07,0,0.431481928,0.90212158,0.5,0.866025404,-0.5,0.866025404,2023-01-26,388.01164,315.91476593648
14445.0,2023.0,1.0,26.0,22.5,-0.65,0.0,1.023357837,0.133939202,0.0,1011.65,74.0,0.0,22.9,0,0.431805428,0.90196678,0.5,0.866025404,-0.382683432,0.923879533,2023-01-26,388.01164,315.91476593648
14446.0,2023.0,1.0,26.0,23.0,-0.6,0.0,0.646715673,0.267878403,0.0,1011.2,75.0,0.0,22.39,0,0.432128871,0.901811864,0.5,0.866025404,-0.258819045,0.965925826,2023-01-26,388.01164,315.91476593648
14447.0,2023.0,1.0,26.0,23.5,-0.7,0.0,0.610370411,0.826848851,0.0,1011.05,74.5,0.0,21.46,0,0.43245226,0.901656832,0.5,0.866025404,-0.130526192,0.991444861,2023-01-26,388.01164,315.91476593648
14448.0,2023.0,1.0,27.0,0.0,-0.8,0.0,0.574025149,1.385819299,0.0,1010.9,74.0,0.0,19.82,0,0.432775593,0.901501684,0.5,0.866025404,-2.4503e-16,1.0,2023-01-27,0.0,0.0
14449.0,2023.0,1.0,27.0,0.5,-0.45,0.0,0.287012575,1.14290965,0.0,1010.95,70.0,0.0,17.81,0,0.43309887,0.90134642,0.5,0.866025404,0.130526192,0.991444861,2023-01-27,0.0,0.0
14450.0,2023.0,1.0,27.0,1.0,-0.1,0.0,5.51e-17,0.9,0.0,1011.0,66.0,0.0,16.94,0,0.433422091,0.90119104,0.5,0.866025404,0.258819045,0.965925826,2023-01-27,0.0,0.0
14451.0,2023.0,1.0,27.0,1.5,-0.8,0.0,-0.318198051,0.131801949,0.0,1010.9,70.0,0.0,16.99,0,0.433745257,0.901035544,0.5,0.866025404,0.382683432,0.923879533,2023-01-27,0.0,0.0
14452.0,2023.0,1.0,27.0,2.0,-1.5,0.0,-0.636396103,-0.636396103,0.0,1010.8,74.0,0.0,16.99,0,0.434068366,0.900879933,0.5,0.866025404,0.5,0.866025404,2023-01-27,0.0,0.0
14453.0,2023.0,1.0,27.0,2.5,-0.85,0.0,-0.318198052,-1.068198052,0.0,1011.0,71.5,0.0,16.35,0,0.43439142,0.900724205,0.5,0.866025404,0.608761429,0.79335334,2023-01-27,0.0,0.0
14454.0,2023.0,1.0,27.0,3.0,-0.2,0.0,-2.76e-16,-1.5,0.0,1011.2,69.0,0.0,16.0,0,0.434714419,0.900568362,0.5,0.866025404,0.707106781,0.707106781,2023-01-27,0.0,0.0
14455.0,2023.0,1.0,27.0,3.5,-0.65,0.0,-0.323357837,-0.616060799,0.0,1011.05,72.0,0.0,16.0,0,0.435037361,0.900412403,0.5,0.866025404,0.79335334,0.608761429,2023-01-27,0.0,0.0
14456.0,2023.0,1.0,27.0,4.0,-1.1,0.0,-0.646715673,0.267878403,0.0,1010.9,75.0,0.0,16.0,0,0.435360247,0.900256327,0.5,0.866025404,0.866025404,0.5,2023-01-27,0.0,0.0
14457.0,2023.0,1.0,27.0,4.5,-1.1,0.0,-0.646715673,0.267878403,0.0,1010.85,76.5,0.0,16.9,0,0.435683077,0.900100137,0.5,0.866025404,0.923879533,0.382683432,2023-01-27,0.0,0.0
14458.0,2023.0,1.0,27.0,5.0,-1.1,0.0,-0.646715673,0.267878403,0.0,1010.8,78.0,0.0,16.83,0,0.436005852,0.89994383,0.5,0.866025404,0.965925826,0.258819045,2023-01-27,0.0,0.0
14459.0,2023.0,1.0,27.0,5.5,-0.9,0.0,-0.074613605,0.734460898,0.0,1010.6,76.5,0.0,17.0,0,0.43632857,0.899787408,0.5,0.866025404,0.991444861,0.130526192,2023-01-27,0.0,0.0
14460.0,2023.0,1.0,27.0,6.0,-0.7,0.0,0.497488462,1.201043392,0.0,1010.4,75.0,0.0,18.31,0,0.436651232,0.89963087,0.5,0.866025404,1.0,6.12574e-17,2023-01-27,0.0,0.0
14461.0,2023.0,1.0,27.0,6.5,-0.35,0.0,0.566942283,0.918719748,0.0,1010.2,71.0,0.0,22.55,0,0.436973838,0.899474216,0.5,0.866025404,0.991444861,-0.130526192,2023-01-27,0.0,0.0
14462.0,2023.0,1.0,27.0,7.0,0.0,0.0,0.636396103,0.636396103,0.0,1010.0,67.0,0.0,23.2,0,0.437296388,0.899317446,0.5,0.866025404,0.965925826,-0.258819045,2023-01-27,0.0,0.0
14463.0,2023.0,1.0,27.0,7.5,0.1,0.0,-0.051353761,0.165124679,15.27777778,1009.85,68.0,0.029608079,24.53,0,0.437618881,0.899160561,0.5,0.866025404,0.923879533,-0.382683432,2023-01-27,0.0,0.72628617787
14464.0,2023.0,1.0,27.0,8.0,0.2,0.0,-0.739103626,-0.306146746,30.55555556,1009.7,69.0,0.066080662,26.55,0,0.437941318,0.899003561,0.5,0.866025404,0.866025404,-0.5,2023-01-27,0.0,2.48072775397
14465.0,2023.0,1.0,27.0,8.5,0.9,0.0,-1.019551813,-0.153073373,59.72222222,1009.6,68.0,0.118730725,32.0,0,0.438263699,0.898846444,0.5,0.866025404,0.79335334,-0.608761429,2023-01-27,0.0,6.28011095397
14466.0,2023.0,1.0,27.0,9.0,1.6,0.0,-1.3,1.59e-16,88.88888889,1009.5,67.0,0.168911366,37.14,0,0.438586024,0.898689212,0.5,0.866025404,0.707106781,-0.707106781,2023-01-27,0.11142,12.55347908721
14467.0,2023.0,1.0,27.0,9.5,2.45,0.0,-1.128354291,1.154849416,158.3333333,1008.85,59.5,0.304726118,37.14,0,0.438908292,0.898531865,0.5,0.866025404,0.608761429,-0.79335334,2023-01-27,0.22284,23.87100710973
14468.0,2023.0,1.0,27.0,10.0,3.3,0.0,-0.956708581,2.309698831,227.7777778,1008.2,52.0,0.439938872,37.14,0,0.439230503,0.898374401,0.5,0.866025404,0.5,-0.866025404,2023-01-27,32.46036,40.21033681581
14469.0,2023.0,1.0,27.0,10.5,3.95,0.0,-0.861037723,2.078728948,275.0,1007.35,49.0,0.506720807,32.03,0,0.439552658,0.898216823,0.5,0.866025404,0.382683432,-0.923879533,2023-01-27,32.46036,56.44060426402
14470.0,2023.0,1.0,27.0,11.0,4.6,0.0,-0.765366865,1.847759065,322.2222222,1006.5,46.0,0.684863141,26.55,0,0.439874757,0.898059128,0.5,0.866025404,0.258819045,-0.965925826,2023-01-27,32.46036,74.62372065757
14471.0,2023.0,1.0,27.0,11.5,4.85,0.0,-0.937011152,1.153489592,295.8333333,1005.65,46.0,0.574479336,25.72,0,0.440196799,0.897901319,0.5,0.866025404,0.130526192,-0.991444861,2023-01-27,32.46036,89.39932917949
14472.0,2023.0,1.0,27.0,12.0,5.1,0.0,-1.108655439,0.459220119,269.4444444,1004.8,46.0,0.517762215,25.0,0,0.440518784,0.897743394,0.5,0.866025404,1.22515e-16,-1.0,2023-01-27,32.46036,102.34338455449
14473.0,2023.0,1.0,27.0,12.5,5.2,0.0,-1.20432772,0.22961006,229.1666667,1004.15,45.0,0.428813348,23.56,0,0.440840713,0.897585353,0.5,0.866025404,-0.130526192,-0.991444861,2023-01-27,32.46036,112.44622703337001
14474.0,2023.0,1.0,27.0,13.0,5.3,0.0,-1.3,1.59e-16,188.8888889,1003.5,44.0,0.375414639,23.46,0,0.441162585,0.897427197,0.5,0.866025404,-0.258819045,-0.965925826,2023-01-27,32.46036,121.25345446431001
14475.0,2023.0,1.0,27.0,13.5,5.45,0.0,-0.880969883,0.095670858,143.0555556,1003.0,45.0,0.283789303,25.68,0,0.4414844,0.897268925,0.5,0.866025404,-0.382683432,-0.923879533,2023-01-27,32.46036,128.54116376535
14476.0,2023.0,1.0,27.0,14.0,5.6,0.0,-0.461939766,0.191341716,97.22222222,1002.5,46.0,0.188241394,26.55,0,0.441806159,0.897110538,0.5,0.866025404,-0.5,-0.866025404,2023-01-27,32.46036,133.53897277605
14477.0,2023.0,1.0,27.0,14.5,5.45,0.0,-0.020493995,0.603804601,75.0,1002.0,47.0,0.151985091,30.0,0,0.442127861,0.896952036,0.5,0.866025404,-0.608761429,-0.79335334,2023-01-27,32.46036,138.09852550605
14478.0,2023.0,1.0,27.0,15.0,5.3,0.0,0.420951776,1.016267486,52.77777778,1001.5,48.0,0.100123179,37.14,0,0.442449506,0.896793418,0.5,0.866025404,-0.707106781,-0.707106781,2023-01-27,38.10564,141.81710037411
14479.0,2023.0,1.0,27.0,15.5,5.0,0.0,1.023648687,-0.305039056,38.88888889,1001.1,55.5,0.077901824,30.0,0,0.442771093,0.896634685,0.5,0.866025404,-0.79335334,-0.608761429,2023-01-27,38.10564,144.15415509411
14480.0,2023.0,1.0,27.0,16.0,4.7,0.0,1.626345597,-1.626345597,25.0,1000.7,63.0,0.054356392,37.14,0,0.443092624,0.896475837,0.5,0.866025404,-0.866025404,-0.5,2023-01-27,44.41944,146.17295149299
14481.0,2023.0,1.0,27.0,16.5,4.3,0.0,1.100185373,-1.506082448,15.27777778,1000.4,67.5,0.030336324,37.14,0,0.443414098,0.896316873,0.5,0.866025404,-0.923879533,-0.382683432,2023-01-27,45.6822,147.29964256635
14482.0,2023.0,1.0,27.0,17.0,3.9,0.0,0.574025149,-1.385819299,5.555555556,1000.1,72.0,0.011055206,37.14,0,0.443735515,0.896157794,0.5,0.866025404,-0.965925826,-0.258819045,2023-01-27,46.94496,147.71023291719
14483.0,2023.0,1.0,27.0,17.5,3.8,0.0,0.287012574,-2.09290965,2.777777778,999.55,73.0,0.005198473,37.14,0,0.444056875,0.8959986,0.5,0.866025404,-0.991444861,-0.130526192,2023-01-27,48.20772,147.90330420441
14484.0,2023.0,1.0,27.0,18.0,3.7,0.0,-5.15e-16,-2.8,0.0,999.0,74.0,0.0,37.14,0,0.444378178,0.895839291,0.5,0.866025404,-1.0,-1.83772e-16,2023-01-27,49.47048,147.90330420441
14485.0,2023.0,1.0,27.0,18.5,3.55,0.0,-0.707106781,-2.107106781,0.0,998.9,77.0,0.0,37.14,0,0.444699424,0.895679866,0.5,0.866025404,-0.991444861,0.130526192,2023-01-27,50.73324,147.90330420441
14486.0,2023.0,1.0,27.0,19.0,3.4,0.0,-1.414213562,-1.414213562,0.0,998.8,80.0,0.0,37.14,0,0.445020612,0.895520326,0.5,0.866025404,-0.965925826,0.258819045,2023-01-27,119.9622,147.90330420441
14487.0,2023.0,1.0,27.0,19.5,3.1,0.0,-1.353822454,-0.439228378,0.0,998.85,83.0,0.0,37.14,0,0.445341743,0.895360671,0.5,0.866025404,-0.923879533,0.382683432,2023-01-27,190.11966,147.90330420441
14488.0,2023.0,1.0,27.0,20.0,2.8,0.0,-1.293431346,0.535756805,0.0,998.9,86.0,0.0,30.0,0,0.445662817,0.895200901,0.5,0.866025404,-0.866025404,0.5,2023-01-27,190.11966,147.90330420441
14489.0,2023.0,1.0,27.0,20.5,2.7,0.0,-1.182472479,1.561309748,0.0,998.6,84.0,0.0,26.55,0,0.445983834,0.895041016,0.5,0.866025404,-0.79335334,0.608761429,2023-01-27,190.11966,147.90330420441
14490.0,2023.0,1.0,27.0,21.0,2.6,0.0,-1.071513611,2.586862691,0.0,998.3,82.0,0.0,24.72,0,0.446304793,0.894881015,0.5,0.866025404,-0.707106781,0.707106781,2023-01-27,190.11966,147.90330420441
14491.0,2023.0,1.0,27.0,21.5,2.35,0.0,-1.667127655,2.424802196,0.0,998.35,83.0,0.0,23.58,0,0.446625695,0.8947209,0.5,0.866025404,-0.608761429,0.79335334,2023-01-27,190.11966,147.90330420441
14492.0,2023.0,1.0,27.0,22.0,2.1,0.0,-2.2627417,2.2627417,0.0,998.4,84.0,0.0,23.32,0,0.446946539,0.894560669,0.5,0.866025404,-0.5,0.866025404,2023-01-27,190.11966,147.90330420441
14493.0,2023.0,1.0,27.0,22.5,1.8,0.0,-2.193832312,1.571456797,0.0,998.45,83.0,0.0,23.01,0,0.447267326,0.894400324,0.5,0.866025404,-0.382683432,0.923879533,2023-01-27,190.11966,147.90330420441
14494.0,2023.0,1.0,27.0,23.0,1.5,0.0,-2.124922925,0.880171894,0.0,998.5,82.0,0.0,22.39,0,0.447588056,0.894239863,0.5,0.866025404,-0.258819045,0.965925826,2023-01-27,190.11966,147.90330420441
14495.0,2023.0,1.0,27.0,23.5,1.15,0.0,-1.662983159,0.688830178,0.0,998.75,84.5,0.0,22.38,0,0.447908728,0.894079287,0.5,0.866025404,-0.130526192,0.991444861,2023-01-27,190.11966,147.90330420441
14496.0,2023.0,1.0,28.0,0.0,0.8,0.0,-1.201043392,0.497488462,0.0,999.0,87.0,0.0,20.11,0,0.448229342,0.893918597,0.5,0.866025404,-2.4503e-16,1.0,2023-01-28,0.0,0.0
14497.0,2023.0,1.0,28.0,0.5,0.95,0.0,-0.600521696,0.798744231,0.0,999.1,85.0,0.0,18.37,0,0.448549898,0.893757791,0.5,0.866025404,0.130526192,0.991444861,2023-01-28,0.0,0.0
14498.0,2023.0,1.0,28.0,1.0,1.1,0.0,6.74e-17,1.1,0.0,999.2,83.0,0.0,17.45,0,0.448870397,0.89359687,0.5,0.866025404,0.258819045,0.965925826,2023-01-28,0.0,0.0
14499.0,2023.0,1.0,28.0,1.5,1.0,0.0,-0.325280918,1.335297603,0.0,999.75,73.0,0.0,17.5,0,0.449190838,0.893435835,0.5,0.866025404,0.382683432,0.923879533,2023-01-28,0.0,0.0
14500.0,2023.0,1.0,28.0,2.0,0.9,0.0,-0.650561835,1.570595205,0.0,1000.3,63.0,0.0,17.31,0,0.449511222,0.893274684,0.5,0.866025404,0.5,0.866025404,2023-01-28,0.0,0.0
14501.0,2023.0,1.0,28.0,2.5,-0.1,0.0,-0.60812363,1.068140315,0.0,1000.6,65.5,0.0,17.29,0,0.449831547,0.893113419,0.5,0.866025404,0.608761429,0.79335334,2023-01-28,0.0,0.0
14502.0,2023.0,1.0,28.0,3.0,-1.1,0.0,-0.565685425,0.565685425,0.0,1000.9,68.0,0.0,17.22,0,0.450151815,0.892952039,0.5,0.866025404,0.707106781,0.707106781,2023-01-28,0.0,0.0
14503.0,2023.0,1.0,28.0,3.5,-1.9,0.0,0.167157288,0.282842713,0.0,1001.1,73.5,0.0,17.0,0,0.450472025,0.892790544,0.5,0.866025404,0.79335334,0.608761429,2023-01-28,0.0,0.0
14504.0,2023.0,1.0,28.0,4.0,-2.7,0.0,0.9,0.0,0.0,1001.3,79.0,0.0,16.9,0,0.450792177,0.892628934,0.5,0.866025404,0.866025404,0.5,2023-01-28,0.0,0.0
14505.0,2023.0,1.0,28.0,4.5,-3.25,0.0,0.45,-0.6,0.0,1001.85,80.0,0.0,16.0,0,0.451112271,0.892467209,0.5,0.866025404,0.923879533,0.382683432,2023-01-28,0.0,0.0
14506.0,2023.0,1.0,28.0,5.0,-3.8,0.0,-2.21e-16,-1.2,0.0,1002.4,81.0,0.0,15.33,0,0.451432306,0.89230537,0.5,0.866025404,0.965925826,0.258819045,2023-01-28,0.0,0.0
14507.0,2023.0,1.0,28.0,5.5,-4.1,0.0,0.508133743,-0.810475888,0.0,1002.9,82.5,0.0,15.51,0,0.451752284,0.892143415,0.5,0.866025404,0.991444861,0.130526192,2023-01-28,0.0,0.0
14508.0,2023.0,1.0,28.0,6.0,-4.4,0.0,1.016267486,-0.420951776,0.0,1003.4,84.0,0.0,16.01,0,0.452072204,0.891981346,0.5,0.866025404,1.0,6.12574e-17,2023-01-28,0.0,0.0
14509.0,2023.0,1.0,28.0,6.5,-4.6,0.0,0.092387954,-0.038268343,1.388888889,1004.1,87.5,0.002974423,17.08,0,0.452392065,0.891819163,0.5,0.866025404,0.991444861,-0.130526192,2023-01-28,0.0,0.050803144839999995
14510.0,2023.0,1.0,28.0,7.0,-4.8,0.0,-0.831491579,0.344415089,2.777777778,1004.8,91.0,0.005258691,17.75,0,0.452711869,0.891656864,0.5,0.866025404,0.965925826,-0.258819045,2023-01-28,0.0,0.14414491009
14511.0,2023.0,1.0,28.0,7.5,-2.5,0.0,-1.087497232,0.843958987,51.38888889,1005.3,77.5,0.100555006,18.95,0,0.453031614,0.891494451,0.5,0.866025404,0.923879533,-0.382683432,2023-01-28,2.06555,2.04966227379
14512.0,2023.0,1.0,28.0,8.0,-0.2,0.0,-1.343502884,1.343502884,100.0,1005.8,64.0,0.20958609,18.29,0,0.453351301,0.891331924,0.5,0.866025404,0.866025404,-0.5,2023-01-28,5.9064499999999995,5.88299185989
14513.0,2023.0,1.0,28.0,8.5,1.3,0.0,-3.121751442,0.671751442,190.2777778,1006.0,56.0,0.359361882,17.48,0,0.45367093,0.891169281,0.5,0.866025404,0.79335334,-0.608761429,2023-01-28,12.18177,12.16463755725
14514.0,2023.0,1.0,28.0,9.0,2.8,0.0,-4.9,6e-16,280.5555556,1006.2,48.0,0.528025037,17.29,0,0.4539905,0.891006524,0.5,0.866025404,0.707106781,-0.707106781,2023-01-28,21.31089,21.29419044698
14515.0,2023.0,1.0,28.0,9.5,3.7,0.0,-4.55,5.57e-16,361.1111112,1006.05,43.5,0.736811652,17.23,0,0.454310012,0.890843653,0.5,0.866025404,0.608761429,-0.79335334,2023-01-28,34.0094,33.98945521094
14516.0,2023.0,1.0,28.0,10.0,4.6,0.0,-4.2,5.15e-16,441.6666667,1005.9,39.0,0.831330425,16.99,0,0.454629465,0.890680666,0.5,0.866025404,0.5,-0.866025404,2023-01-28,48.12809,48.11375913169
14517.0,2023.0,1.0,28.0,10.5,5.2,0.0,-4.75,5.82e-16,498.6111112,1005.8,35.5,0.965673658,16.92,0,0.45494886,0.890517566,0.5,0.866025404,0.382683432,-0.923879533,2023-01-28,64.47281000000001,64.45295742505
14518.0,2023.0,1.0,28.0,11.0,5.8,0.0,-5.3,6.49e-16,555.5555556,1005.7,32.0,1.125912409,15.62,0,0.455268196,0.89035435,0.5,0.866025404,0.258819045,-0.965925826,2023-01-28,64.47281000000001,82.03970925363001
14519.0,2023.0,1.0,28.0,11.5,6.05,0.0,-4.95,6.06e-16,580.5555556,1005.5,30.0,1.145814083,15.69,0,0.455587474,0.890191021,0.5,0.866025404,0.130526192,-0.991444861,2023-01-28,100.12049000000002,100.0175322159
14520.0,2023.0,1.0,28.0,12.0,6.3,0.0,-4.6,5.64e-16,605.5555556,1005.3,28.0,1.133056498,15.0,0,0.455906694,0.890027576,0.5,0.866025404,1.22515e-16,-1.0,2023-01-28,108.58049000000003,117.0133796859
14521.0,2023.0,1.0,28.0,12.5,6.45,0.0,-4.704163056,2.404163056,605.5555556,1004.9,28.0,1.120834552,14.86,0,0.456225854,0.889864018,0.5,0.866025404,-0.130526192,-0.991444861,2023-01-28,108.58049000000003,133.66898112862
14522.0,2023.0,1.0,28.0,13.0,6.6,0.0,-4.808326112,4.808326112,605.5555556,1004.5,28.0,1.155545757,14.86,0,0.456544956,0.889700345,0.5,0.866025404,-0.258819045,-0.965925826,2023-01-28,108.58049000000003,150.84039107764
14523.0,2023.0,1.0,28.0,13.5,6.25,0.0,-3.533079181,5.129607677,569.4444445,1004.35,25.5,1.154273796,14.86,0,0.456863999,0.889536557,0.5,0.866025404,-0.382683432,-0.923879533,2023-01-28,108.58049000000003,167.9928996862
14524.0,2023.0,1.0,28.0,14.0,5.9,0.0,-2.257832251,5.450889242,533.3333333,1004.2,23.0,1.110567907,15.14,0,0.457182984,0.889372655,0.5,0.866025404,-0.5,-0.866025404,2023-01-28,125.40103000000002,184.80689779818
14525.0,2023.0,1.0,28.0,14.5,6.05,0.0,-2.884287237,3.452543142,469.4444445,1004.35,23.0,0.961483926,15.62,0,0.45750191,0.889208638,0.5,0.866025404,-0.608761429,-0.79335334,2023-01-28,140.41185000000002,199.82527672229998
14526.0,2023.0,1.0,28.0,15.0,6.2,0.0,-3.510742224,1.454197043,405.5555556,1004.5,23.0,0.730317583,16.73,0,0.457820776,0.889044508,0.5,0.866025404,-0.707106781,-0.707106781,2023-01-28,164.03461000000001,212.04348988588998
14527.0,2023.0,1.0,28.0,15.5,5.8,0.0,-2.55900632,2.66724554,322.2222223,1004.85,23.5,0.681767882,16.44,0,0.458139584,0.888880263,0.5,0.866025404,-0.79335334,-0.608761429,2023-01-28,164.03461000000001,223.25175386597
14528.0,2023.0,1.0,28.0,16.0,5.4,0.0,-1.607270416,3.880294037,238.8888889,1005.2,24.0,0.469639526,16.99,0,0.458458333,0.888715903,0.5,0.866025404,-0.866025404,-0.5,2023-01-28,172.01991,231.23092941271
14529.0,2023.0,1.0,28.0,16.5,4.65,0.0,-1.47538665,2.611898461,151.3888889,1005.5,26.5,0.307095685,17.3,0,0.458777023,0.888551429,0.5,0.866025404,-0.923879533,-0.382683432,2023-01-28,177.33101000000002,236.54368476321
14530.0,2023.0,1.0,28.0,17.0,3.9,0.0,-1.343502884,1.343502884,63.88888889,1005.8,29.0,0.130498443,19.88,0,0.459095655,0.888386841,0.5,0.866025404,-0.965925826,-0.258819045,2023-01-28,179.91541,239.13799381005
14531.0,2023.0,1.0,28.0,17.5,2.35,0.0,-1.133691209,0.480409726,31.94444445,1006.05,35.0,0.066050654,22.55,0,0.459414227,0.888222139,0.5,0.866025404,-0.991444861,-0.130526192,2023-01-28,181.40371000000002,240.62743605775
14532.0,2023.0,1.0,28.0,18.0,0.8,0.0,-0.923879533,-0.382683432,0.0,1006.3,41.0,0.0,22.86,0,0.459732739,0.888057323,0.5,0.866025404,-1.0,-1.83772e-16,2023-01-28,227.12371000000002,240.62743605775
14533.0,2023.0,1.0,28.0,18.5,-0.2,0.0,-0.815493157,0.162211675,0.0,1006.4,43.5,0.0,23.01,0,0.460051193,0.887892392,0.5,0.866025404,-0.991444861,0.130526192,2023-01-28,273.14371,240.62743605775
14534.0,2023.0,1.0,28.0,19.0,-1.2,0.0,-0.707106781,0.707106781,0.0,1006.5,46.0,0.0,22.81,0,0.460369588,0.887727347,0.5,0.866025404,-0.965925826,0.258819045,2023-01-28,273.14371,240.62743605775
14535.0,2023.0,1.0,28.0,19.5,-1.25,0.0,0.282842713,0.989949494,0.0,1006.7,48.0,0.0,22.66,0,0.460687923,0.887562188,0.5,0.866025404,-0.923879533,0.382683432,2023-01-28,273.14371,240.62743605775
14536.0,2023.0,1.0,28.0,20.0,-1.3,0.0,1.272792206,1.272792206,0.0,1006.9,50.0,0.0,22.64,0,0.461006199,0.887396915,0.5,0.866025404,-0.866025404,0.5,2023-01-28,273.14371,240.62743605775
14537.0,2023.0,1.0,28.0,20.5,-1.7,0.0,0.636396103,1.036396103,0.0,1006.9,54.5,0.0,22.67,0,0.461324416,0.887231527,0.5,0.866025404,-0.79335334,0.608761429,2023-01-28,273.14371,240.62743605775
14538.0,2023.0,1.0,28.0,21.0,-2.1,0.0,4.9e-17,0.8,0.0,1006.9,59.0,0.0,22.64,0,0.461642574,0.887066026,0.5,0.866025404,-0.707106781,0.707106781,2023-01-28,273.14371,240.62743605775
14539.0,2023.0,1.0,28.0,21.5,-2.8,0.0,-0.55432772,0.170389941,0.0,1007.05,62.0,0.0,22.63,0,0.461960672,0.88690041,0.5,0.866025404,-0.608761429,0.79335334,2023-01-28,273.14371,240.62743605775
14540.0,2023.0,1.0,28.0,22.0,-3.5,0.0,-1.108655439,-0.459220119,0.0,1007.2,65.0,0.0,21.92,0,0.462278711,0.88673468,0.5,0.866025404,-0.5,0.866025404,2023-01-28,273.14371,240.62743605775
14541.0,2023.0,1.0,28.0,22.5,-3.65,0.0,-1.293431346,-0.535756806,0.0,1007.3,65.5,0.0,19.96,0,0.46259669,0.886568837,0.5,0.866025404,-0.382683432,0.923879533,2023-01-28,273.14371,240.62743605775
14542.0,2023.0,1.0,28.0,23.0,-3.8,0.0,-1.478207252,-0.612293492,0.0,1007.4,66.0,0.0,18.21,0,0.46291461,0.886402879,0.5,0.866025404,-0.258819045,0.965925826,2023-01-28,273.14371,240.62743605775
14543.0,2023.0,1.0,28.0,23.5,-3.35,0.0,-1.304789051,0.259538679,0.0,1007.55,63.0,0.0,17.5,0,0.46323247,0.886236807,0.5,0.866025404,-0.130526192,0.991444861,2023-01-28,273.14371,240.62743605775
14544.0,2023.0,1.0,29.0,0.0,-2.9,0.0,-1.13137085,1.13137085,0.0,1007.7,60.0,0.0,16.99,0,0.463550271,0.886070622,0.5,0.866025404,-2.4503e-16,1.0,2023-01-29,0.0,0.0
14545.0,2023.0,1.0,29.0,0.5,-3.15,0.0,-1.489564957,0.948368858,0.0,1007.95,61.0,0.0,17.5,0,0.463868012,0.885904322,0.5,0.866025404,0.130526192,0.991444861,2023-01-29,0.0,0.0
14546.0,2023.0,1.0,29.0,1.0,-3.4,0.0,-1.847759065,0.765366865,0.0,1008.2,62.0,0.0,17.22,0,0.464185693,0.885737908,0.5,0.866025404,0.258819045,0.965925826,2023-01-29,0.0,0.0
14547.0,2023.0,1.0,29.0,1.5,-3.65,0.0,-1.823879533,0.382683433,0.0,1008.5,64.5,0.0,16.99,0,0.464503315,0.885571381,0.5,0.866025404,0.382683432,0.923879533,2023-01-29,0.0,0.0
14548.0,2023.0,1.0,29.0,2.0,-3.9,0.0,-1.8,2.21e-16,0.0,1008.8,67.0,0.0,16.99,0,0.464820877,0.885404739,0.5,0.866025404,0.5,0.866025404,2023-01-29,0.0,0.0
14549.0,2023.0,1.0,29.0,2.5,-4.7,0.0,-1.041421356,0.141421356,0.0,1008.8,71.5,0.0,16.72,0,0.465138379,0.885237984,0.5,0.866025404,0.608761429,0.79335334,2023-01-29,0.0,0.0
14550.0,2023.0,1.0,29.0,3.0,-5.5,0.0,-0.282842712,0.282842712,0.0,1008.8,76.0,0.0,16.66,0,0.465455822,0.885071115,0.5,0.866025404,0.707106781,0.707106781,2023-01-29,0.0,0.0
14551.0,2023.0,1.0,29.0,3.5,-5.6,0.0,0.126457047,0.788137029,0.0,1008.95,77.0,0.0,16.5,0,0.465773204,0.884904132,0.5,0.866025404,0.79335334,0.608761429,2023-01-29,0.0,0.0
14552.0,2023.0,1.0,29.0,4.0,-5.7,0.0,0.535756805,1.293431346,0.0,1009.1,78.0,0.0,16.0,0,0.466090527,0.884737035,0.5,0.866025404,0.866025404,0.5,2023-01-29,0.0,0.0
14553.0,2023.0,1.0,29.0,4.5,-6.05,0.0,-0.191741006,0.187096265,0.0,1009.6,79.5,0.0,16.53,0,0.466407789,0.884569824,0.5,0.866025404,0.923879533,0.382683432,2023-01-29,0.0,0.0
14554.0,2023.0,1.0,29.0,5.0,-6.4,0.0,-0.919238816,-0.919238816,0.0,1010.1,81.0,0.0,15.74,0,0.466724992,0.8844025,0.5,0.866025404,0.965925826,0.258819045,2023-01-29,0.0,0.0
14555.0,2023.0,1.0,29.0,5.5,-6.6,0.0,-0.919238816,0.0,0.0,1010.2,81.5,0.0,16.0,0,0.467042135,0.884235062,0.5,0.866025404,0.991444861,0.130526192,2023-01-29,0.0,0.0
14556.0,2023.0,1.0,29.0,6.0,-6.8,0.0,-0.919238816,0.919238816,0.0,1010.3,82.0,0.0,15.79,0,0.467359217,0.88406751,0.5,0.866025404,1.0,6.12574e-17,2023-01-29,0.0,0.0
14557.0,2023.0,1.0,29.0,6.5,-6.95,0.0,-0.176776696,0.176776696,1.388888889,1010.7,83.0,0.002679204,16.92,0,0.46767624,0.883899844,0.5,0.866025404,0.991444861,-0.130526192,2023-01-29,0.0,0.045332131680000005
14558.0,2023.0,1.0,29.0,7.0,-7.1,0.0,0.565685425,-0.565685425,2.777777778,1011.1,84.0,0.005363663,17.77,0,0.467993202,0.883732065,0.5,0.866025404,0.965925826,-0.258819045,2023-01-29,0.0,0.14064442319
14559.0,2023.0,1.0,29.0,7.5,-5.1,0.0,0.106066017,-0.459619408,52.77777779,1011.4,79.0,0.108153384,18.23,0,0.468310104,0.883564172,0.5,0.866025404,0.923879533,-0.382683432,2023-01-29,2.1146800000000003,2.1122806135100003
14560.0,2023.0,1.0,29.0,8.0,-3.1,0.0,-0.353553391,-0.353553391,102.7777778,1011.7,74.0,0.206702943,17.92,0,0.468626946,0.883396166,0.5,0.866025404,0.866025404,-0.5,2023-01-29,5.824120000000001,5.81639735207
14561.0,2023.0,1.0,29.0,8.5,-0.85,0.0,0.167638394,-1.008268275,191.6666667,1012.05,64.0,0.381582262,16.99,0,0.468943727,0.883228046,0.5,0.866025404,0.79335334,-0.608761429,2023-01-29,12.3143,12.299479983449999
14562.0,2023.0,1.0,29.0,9.0,1.4,0.0,0.688830178,-1.662983159,280.5555556,1012.4,54.0,0.570079465,16.84,0,0.469260449,0.883059812,0.5,0.866025404,0.707106781,-0.707106781,2023-01-29,12.3143,21.899618174049998
14563.0,2023.0,1.0,29.0,9.5,2.25,0.0,-0.117524677,-0.640149864,361.1111112,1012.25,48.5,0.691311933,16.92,0,0.46957711,0.882891464,0.5,0.866025404,0.608761429,-0.79335334,2023-01-29,33.650420000000004,33.59661608041
14564.0,2023.0,1.0,29.0,10.0,3.1,0.0,-0.923879533,0.382683432,441.6666667,1012.1,43.0,0.918753775,16.82,0,0.46989371,0.882723004,0.5,0.866025404,0.5,-0.866025404,2023-01-29,49.108000000000004,49.05005457591
14565.0,2023.0,1.0,29.0,10.5,3.55,0.0,-1.616789182,-0.287012574,500.0,1011.8,41.5,1.044953298,16.0,0,0.47021025,0.882554429,0.5,0.866025404,0.382683432,-0.923879533,2023-01-29,65.828,65.76930734391
14566.0,2023.0,1.0,29.0,11.0,4.0,0.0,-2.309698831,-0.956708581,558.3333333,1011.5,40.0,1.161451414,15.0,0,0.47052673,0.882385741,0.5,0.866025404,0.258819045,-0.965925826,2023-01-29,83.243,83.19107855391
14567.0,2023.0,1.0,29.0,11.5,4.8,0.0,-2.402086785,-0.994976924,584.7222222,1010.9,37.0,1.212824075,11.99,0,0.470843149,0.88221694,0.5,0.866025404,0.130526192,-0.991444861,2023-01-29,97.78687,97.73283921316
14568.0,2023.0,1.0,29.0,12.0,5.6,0.0,-2.494474738,-1.033245267,611.1111111,1010.3,34.0,1.284119721,11.58,0,0.471159508,0.882048025,0.5,0.866025404,1.22515e-16,-1.0,2023-01-29,97.79844999999999,112.60294558234
14569.0,2023.0,1.0,29.0,12.5,6.55,0.0,-2.447237369,-0.516622633,608.3333334,1009.8,30.5,1.170269795,11.58,0,0.471475806,0.881878997,0.5,0.866025404,-0.130526192,-0.991444861,2023-01-29,98.06478999999999,126.15466980844
14570.0,2023.0,1.0,29.0,13.0,7.5,0.0,-2.4,2.94e-16,605.5555556,1009.3,27.0,1.159999587,11.58,0,0.471792043,0.881709855,0.5,0.866025404,-0.258819045,-0.965925826,2023-01-29,98.33112999999999,139.5874650259
14571.0,2023.0,1.0,29.0,13.5,7.5,0.0,-2.33137085,-1.13137085,570.8333334,1009.1,26.5,1.167341726,11.58,0,0.47210822,0.8815406,0.5,0.866025404,-0.382683432,-0.923879533,2023-01-29,116.00220999999999,153.10528221298
14572.0,2023.0,1.0,29.0,14.0,7.5,0.0,-2.2627417,-2.2627417,536.1111111,1008.9,26.0,1.110120101,11.58,0,0.472424336,0.881371231,0.5,0.866025404,-0.5,-0.866025404,2023-01-29,119.68464999999999,165.96047298256
14573.0,2023.0,1.0,29.0,14.5,7.6,0.0,-2.121320344,-2.121320344,473.6111111,1008.9,26.5,0.886995983,14.75,0,0.472740391,0.881201749,0.5,0.866025404,-0.608761429,-0.79335334,2023-01-29,132.7679,179.04366373181
14574.0,2023.0,1.0,29.0,15.0,7.7,0.0,-1.979898987,-1.979898987,411.1111111,1008.9,27.0,0.857076688,15.51,0,0.473056385,0.881032154,0.5,0.866025404,-0.707106781,-0.707106781,2023-01-29,146.05997,192.33692316269
14575.0,2023.0,1.0,29.0,15.5,7.5,0.0,-0.989949494,-2.589949494,325.0,1008.95,30.0,0.694137816,15.51,0,0.473372319,0.880862446,0.5,0.866025404,-0.79335334,-0.608761429,2023-01-29,156.82390999999998,203.10300068885
14576.0,2023.0,1.0,29.0,16.0,7.3,0.0,-5.88e-16,-3.2,238.8888889,1009.0,33.0,0.512865833,16.74,0,0.473688191,0.880692624,0.5,0.866025404,-0.866025404,-0.5,2023-01-29,165.41152999999997,211.68837473327
14577.0,2023.0,1.0,29.0,16.5,6.5,0.0,-5.15e-16,-2.8,152.7777778,1009.15,38.0,0.296314082,17.14,0,0.474004003,0.880522689,0.5,0.866025404,-0.923879533,-0.382683432,2023-01-29,170.48496999999998,216.76719809875
14578.0,2023.0,1.0,29.0,17.0,5.7,0.0,-4.41e-16,-2.4,66.66666667,1009.3,43.0,0.133628798,18.23,0,0.474319754,0.88035264,0.5,0.866025404,-0.965925826,-0.258819045,2023-01-29,172.92779,219.20325108628998
14579.0,2023.0,1.0,29.0,17.5,4.05,0.0,-3.68e-16,-2.0,33.33333334,1009.55,49.0,0.062525477,21.35,0,0.474635443,0.880182479,0.5,0.866025404,-0.991444861,-0.130526192,2023-01-29,174.27283999999997,220.53817002024
14580.0,2023.0,1.0,29.0,18.0,2.4,0.0,-2.94e-16,-1.6,0.0,1009.8,55.0,0.0,22.63,0,0.474951072,0.880012204,0.5,0.866025404,-1.0,-1.83772e-16,2023-01-29,174.27283999999997,220.53817002024
14581.0,2023.0,1.0,29.0,18.5,1.7,0.0,0.739103626,-1.106146746,0.0,1010.0,60.0,0.0,22.64,0,0.47526664,0.879841816,0.5,0.866025404,-0.991444861,0.130526192,2023-01-29,219.55283999999997,220.53817002024
14582.0,2023.0,1.0,29.0,19.0,1.0,0.0,1.478207252,-0.612293492,0.0,1010.2,65.0,0.0,22.68,0,0.475582146,0.879671315,0.5,0.866025404,-0.965925826,0.258819045,2023-01-29,264.91283999999996,220.53817002024
14583.0,2023.0,1.0,29.0,19.5,0.5,0.0,1.339625322,-0.554890977,0.0,1010.25,68.0,0.0,22.63,0,0.475897591,0.879500701,0.5,0.866025404,-0.923879533,0.382683432,2023-01-29,264.91283999999996,220.53817002024
14584.0,2023.0,1.0,29.0,20.0,0.0,0.0,1.201043392,-0.497488462,0.0,1010.3,71.0,0.0,22.6,0,0.476212976,0.879329973,0.5,0.866025404,-0.866025404,0.5,2023-01-29,264.91283999999996,220.53817002024
14585.0,2023.0,1.0,29.0,20.5,-0.35,0.0,1.350521696,-0.248744231,0.0,1010.2,72.5,0.0,22.57,0,0.476528298,0.879159133,0.5,0.866025404,-0.79335334,0.608761429,2023-01-29,264.91283999999996,220.53817002024
14586.0,2023.0,1.0,29.0,21.0,-0.7,0.0,1.5,0.0,0.0,1010.1,74.0,0.0,22.29,0,0.47684356,0.878988179,0.5,0.866025404,-0.707106781,0.707106781,2023-01-29,264.91283999999996,220.53817002024
14587.0,2023.0,1.0,29.0,21.5,-1.15,0.0,1.489103626,0.306146746,0.0,1009.9,76.5,0.0,20.09,0,0.47715876,0.878817113,0.5,0.866025404,-0.608761429,0.79335334,2023-01-29,264.91283999999996,220.53817002024
14588.0,2023.0,1.0,29.0,22.0,-1.6,0.0,1.478207252,0.612293492,0.0,1009.7,79.0,0.0,19.15,0,0.477473899,0.878645933,0.5,0.866025404,-0.5,0.866025404,2023-01-29,264.91283999999996,220.53817002024
14589.0,2023.0,1.0,29.0,22.5,-1.85,0.0,1.375499729,0.942542849,0.0,1009.45,79.0,0.0,18.25,0,0.477788977,0.87847464,0.5,0.866025404,-0.382683432,0.923879533,2023-01-29,264.91283999999996,220.53817002024
14590.0,2023.0,1.0,29.0,23.0,-2.1,0.0,1.272792206,1.272792206,0.0,1009.2,79.0,0.0,17.36,0,0.478103993,0.878303235,0.5,0.866025404,-0.258819045,0.965925826,2023-01-29,264.91283999999996,220.53817002024
14591.0,2023.0,1.0,29.0,23.5,-1.7,0.0,1.449568902,1.449568902,0.0,1009.05,76.0,0.0,17.08,0,0.478418947,0.878131716,0.5,0.866025404,-0.130526192,0.991444861,2023-01-29,264.91283999999996,220.53817002024
14592.0,2023.0,1.0,30.0,0.0,-1.3,0.0,1.626345597,1.626345597,0.0,1008.9,73.0,0.0,15.52,0,0.47873384,0.877960085,0.5,0.866025404,-2.4503e-16,1.0,2023-01-30,0.0,0.0
14593.0,2023.0,1.0,30.0,0.5,-2.15,0.0,1.449568902,1.449568902,0.0,1008.75,77.5,0.0,16.92,0,0.479048672,0.87778834,0.5,0.866025404,0.130526192,0.991444861,2023-01-30,0.0,0.0
14594.0,2023.0,1.0,30.0,1.0,-3.0,0.0,1.272792206,1.272792206,0.0,1008.6,82.0,0.0,16.55,0,0.479363441,0.877616483,0.5,0.866025404,0.258819045,0.965925826,2023-01-30,0.0,0.0
14595.0,2023.0,1.0,30.0,1.5,-3.1,0.0,1.060660172,1.060660172,0.0,1008.5,83.0,0.0,15.13,0,0.479678149,0.877444513,0.5,0.866025404,0.382683432,0.923879533,2023-01-30,0.0,0.0
14596.0,2023.0,1.0,30.0,2.0,-3.2,0.0,0.848528137,0.848528137,0.0,1008.4,84.0,0.0,15.5,0,0.479992796,0.87727243,0.5,0.866025404,0.5,0.866025404,2023-01-30,0.0,0.0
14597.0,2023.0,1.0,30.0,2.5,-3.4,0.0,0.194654009,0.978591788,0.0,1008.3,85.5,0.0,15.0,0,0.480307381,0.877100234,0.5,0.866025404,0.608761429,0.79335334,2023-01-30,0.0,0.0
14598.0,2023.0,1.0,30.0,3.0,-3.6,0.0,-0.459220119,1.108655439,0.0,1008.2,87.0,0.0,15.0,0,0.480621904,0.876927925,0.5,0.866025404,0.707106781,0.707106781,2023-01-30,0.0,0.0
14599.0,2023.0,1.0,30.0,3.5,-3.85,0.0,-0.968713686,0.860474466,0.0,1008.15,85.5,0.0,15.02,0,0.480936365,0.876755504,0.5,0.866025404,0.79335334,0.608761429,2023-01-30,0.0,0.0
14600.0,2023.0,1.0,30.0,4.0,-4.1,0.0,-1.478207252,0.612293492,0.0,1008.1,84.0,0.0,15.0,0,0.481250764,0.876582969,0.5,0.866025404,0.866025404,0.5,2023-01-30,0.0,0.0
14601.0,2023.0,1.0,30.0,4.5,-4.2,0.0,-1.234078373,0.801121493,0.0,1008.15,85.0,0.0,15.51,0,0.481565101,0.876410322,0.5,0.866025404,0.923879533,0.382683432,2023-01-30,0.0,0.0
14602.0,2023.0,1.0,30.0,5.0,-4.3,0.0,-0.989949494,0.989949494,0.0,1008.2,86.0,0.0,16.01,0,0.481879377,0.876237563,0.5,0.866025404,0.965925826,0.258819045,2023-01-30,0.0,0.0
14603.0,2023.0,1.0,30.0,5.5,-4.35,0.0,-0.954594155,0.954594155,0.0,1008.3,87.0,0.0,16.61,0,0.48219359,0.87606469,0.5,0.866025404,0.991444861,0.130526192,2023-01-30,0.0,0.0
14604.0,2023.0,1.0,30.0,6.0,-4.4,0.0,-0.919238816,0.919238816,0.0,1008.4,88.0,0.0,17.65,0,0.482507742,0.875891705,0.5,0.866025404,1.0,6.12574e-17,2023-01-30,0.0,0.0
14605.0,2023.0,1.0,30.0,6.5,-4.6,0.0,-1.244917011,0.784900326,1.388888889,1008.65,88.5,0.002789166,18.95,0,0.482821831,0.875718607,0.5,0.866025404,0.991444861,-0.130526192,2023-01-30,0.0,0.052854695699999996
14606.0,2023.0,1.0,30.0,7.0,-4.8,0.0,-1.570595205,0.650561835,2.777777778,1008.9,89.0,0.005499316,22.78,0,0.483135858,0.875545397,0.5,0.866025404,0.965925826,-0.258819045,2023-01-30,0.0,0.17812911418
14607.0,2023.0,1.0,30.0,7.5,-3.15,0.0,-1.244917011,0.784900326,50.0,1009.1,83.5,0.105997642,24.35,0,0.483449824,0.875372074,0.5,0.866025404,0.923879533,-0.382683432,2023-01-30,0.0,2.75917169688
14608.0,2023.0,1.0,30.0,8.0,-1.5,0.0,-0.919238816,0.919238816,97.22222222,1009.3,78.0,0.192870734,24.62,0,0.483763727,0.875198639,0.5,0.866025404,0.866025404,-0.5,2023-01-30,7.55834,7.50764916796
14609.0,2023.0,1.0,30.0,8.5,-0.25,0.0,-1.202081528,1.202081528,186.1111111,1009.35,74.0,0.367857128,23.56,0,0.484077567,0.87502509,0.5,0.866025404,0.79335334,-0.608761429,2023-01-30,7.55834,16.174363103639998
14610.0,2023.0,1.0,30.0,9.0,1.0,0.0,-1.48492424,1.48492424,275.0,1009.4,70.0,0.561440371,23.56,0,0.484391346,0.87485143,0.5,0.866025404,0.707106781,-0.707106781,2023-01-30,29.44558,29.401898244399995
14611.0,2023.0,1.0,30.0,9.5,2.4,0.0,-1.29246212,0.74246212,355.5555556,1009.15,65.5,0.741267202,23.01,0,0.484705062,0.874677657,0.5,0.866025404,0.608761429,-0.79335334,2023-01-30,46.49599,46.45845656242
14612.0,2023.0,1.0,30.0,10.0,3.8,0.0,-1.1,1.35e-16,436.1111111,1008.9,61.0,0.873387125,22.4,0,0.485018716,0.874503771,0.5,0.866025404,0.5,-0.866025404,2023-01-30,66.05118999999999,66.02232816242
14613.0,2023.0,1.0,30.0,10.5,5.05,0.0,-1.25,1.53e-16,493.0555556,1008.45,57.0,1.038868558,21.6,0,0.485332307,0.874329773,0.5,0.866025404,0.382683432,-0.923879533,2023-01-30,88.49358999999998,88.46188901522
14614.0,2023.0,1.0,30.0,11.0,6.3,0.0,-1.4,1.72e-16,550.0,1008.0,53.0,1.0367693,17.89,0,0.485645836,0.874155662,0.5,0.866025404,0.258819045,-0.965925826,2023-01-30,107.04551999999998,107.00969179222
14615.0,2023.0,1.0,30.0,11.5,7.05,0.0,-1.485297603,-0.325280917,579.1666667,1007.3,50.5,1.171576047,16.93,0,0.485959303,0.873981439,0.5,0.866025404,0.130526192,-0.991444861,2023-01-30,126.88747999999998,126.84447426793
14616.0,2023.0,1.0,30.0,12.0,7.8,0.0,-1.570595205,-0.650561835,608.3333333,1006.6,48.0,1.26216224,16.55,0,0.486272707,0.873807104,0.5,0.866025404,1.22515e-16,-1.0,2023-01-30,141.02118,147.73325933993
14617.0,2023.0,1.0,30.0,12.5,8.0,0.0,-1.321054408,-1.618712263,606.9444445,1005.9,45.0,1.159953444,12.67,0,0.486586049,0.873632656,0.5,0.866025404,-0.130526192,-0.991444861,2023-01-30,141.02118,162.42986947541
14618.0,2023.0,1.0,30.0,13.0,8.2,0.0,-1.071513611,-2.586862691,605.5555556,1005.2,42.0,1.328675565,11.99,0,0.486899328,0.873458096,0.5,0.866025404,-0.258819045,-0.965925826,2023-01-30,141.02118,178.36068949975999
14619.0,2023.0,1.0,30.0,13.5,8.95,0.0,-1.773193673,-2.530868212,569.4444445,1004.9,37.5,1.102763579,16.0,0,0.487212544,0.873283423,0.5,0.866025404,-0.382683432,-0.923879533,2023-01-30,141.02118,196.00490676375998
14620.0,2023.0,1.0,30.0,14.0,9.7,0.0,-2.474873734,-2.474873734,533.3333333,1004.6,33.0,1.039172675,16.75,0,0.487525698,0.873108638,0.5,0.866025404,-0.5,-0.866025404,2023-01-30,158.42442999999997,213.41104907000997
14621.0,2023.0,1.0,30.0,14.5,9.65,0.0,-2.2627417,-2.2627417,448.6111111,1004.6,32.0,0.895454702,16.91,0,0.487838789,0.872933741,0.5,0.866025404,-0.608761429,-0.79335334,2023-01-30,173.55888,228.55318808082995
14622.0,2023.0,1.0,30.0,15.0,9.6,0.0,-2.050609665,-2.050609665,363.8888889,1004.6,31.0,0.714872699,17.19,0,0.488151817,0.872758732,0.5,0.866025404,-0.707106781,-0.707106781,2023-01-30,185.84973,240.84184977663995
14623.0,2023.0,1.0,30.0,15.5,9.45,0.0,-1.949184365,-1.407988265,295.8333334,1004.8,33.5,0.569850015,17.48,0,0.488464782,0.87258361,0.5,0.866025404,-0.79335334,-0.608761429,2023-01-30,195.81333,250.80282803883995
14624.0,2023.0,1.0,30.0,16.0,9.3,0.0,-1.847759065,-0.765366865,227.7777778,1005.0,36.0,0.490541989,22.0,0,0.488777685,0.872408376,0.5,0.866025404,-0.866025404,-0.5,2023-01-30,206.61533,261.59475179683994
14625.0,2023.0,1.0,30.0,16.5,8.35,0.0,-1.709177135,-0.057402515,140.2777778,1005.55,39.0,0.289863024,22.63,0,0.489090525,0.87223303,0.5,0.866025404,-0.923879533,-0.382683432,2023-01-30,213.17803,268.15435202995997
14626.0,2023.0,1.0,30.0,17.0,7.4,0.0,-1.570595205,0.650561835,52.77777778,1006.1,42.0,0.098867361,23.01,0,0.489403302,0.872057572,0.5,0.866025404,-0.965925826,-0.258819045,2023-01-30,215.45602,270.42929000656994
14627.0,2023.0,1.0,30.0,17.5,6.35,0.0,-1.739891757,1.279875072,27.77777778,1007.05,48.0,0.05154334,23.62,0,0.489716015,0.871882001,0.5,0.866025404,-0.991444861,-0.130526192,2023-01-30,216.68426,271.64674369736997
14628.0,2023.0,1.0,30.0,18.0,5.3,0.0,-1.909188309,1.909188309,2.777777778,1008.0,54.0,0.005310302,24.02,0,0.490028666,0.871706319,0.5,0.866025404,-1.0,-1.83772e-16,2023-01-30,264.84436,271.77429715141
14629.0,2023.0,1.0,30.0,18.5,4.45,0.0,-2.10944357,1.432948445,1.388888889,1008.4,54.0,0.002826826,23.88,0,0.490341254,0.871530524,0.5,0.866025404,-0.991444861,0.130526192,2023-01-30,312.676,271.84180175629
14630.0,2023.0,1.0,30.0,19.0,3.6,0.0,-2.309698831,0.956708581,0.0,1008.8,54.0,0.0,23.75,0,0.490653779,0.871354617,0.5,0.866025404,-0.965925826,0.258819045,2023-01-30,312.676,271.84180175629
14631.0,2023.0,1.0,30.0,19.5,3.25,0.0,-2.217310878,0.918440238,0.0,1009.15,47.5,0.0,23.78,0,0.490966241,0.871178598,0.5,0.866025404,-0.923879533,0.382683432,2023-01-30,312.676,271.84180175629
14632.0,2023.0,1.0,30.0,20.0,2.9,0.0,-2.124922925,0.880171894,0.0,1009.5,41.0,0.0,23.15,0,0.49127864,0.871002467,0.5,0.866025404,-0.866025404,0.5,2023-01-30,312.676,271.84180175629
14633.0,2023.0,1.0,30.0,20.5,2.7,0.0,-1.734212905,1.111837389,0.0,1009.85,40.0,0.0,23.02,0,0.491590975,0.870826225,0.5,0.866025404,-0.79335334,0.608761429,2023-01-30,312.676,271.84180175629
14634.0,2023.0,1.0,30.0,21.0,2.5,0.0,-1.343502884,1.343502884,0.0,1010.2,39.0,0.0,22.78,0,0.491903247,0.87064987,0.5,0.866025404,-0.707106781,0.707106781,2023-01-30,312.676,271.84180175629
14635.0,2023.0,1.0,30.0,21.5,2.7,0.0,-2.227386361,2.227386361,0.0,1010.25,37.0,0.0,22.66,0,0.492215456,0.870473403,0.5,0.866025404,-0.608761429,0.79335334,2023-01-30,312.676,271.84180175629
14636.0,2023.0,1.0,30.0,22.0,2.9,0.0,-3.111269837,3.111269837,0.0,1010.3,35.0,0.0,22.0,0,0.492527602,0.870296824,0.5,0.866025404,-0.5,0.866025404,2023-01-30,312.676,271.84180175629
14637.0,2023.0,1.0,30.0,22.5,2.7,0.0,-4.096303633,2.608014358,0.0,1010.4,36.0,0.0,22.66,0,0.492839684,0.870120133,0.5,0.866025404,-0.382683432,0.923879533,2023-01-30,312.676,271.84180175629
14638.0,2023.0,1.0,30.0,23.0,2.5,0.0,-5.081337429,2.104758878,0.0,1010.5,37.0,0.0,17.9,0,0.493151703,0.86994333,0.5,0.866025404,-0.258819045,0.965925826,2023-01-30,312.676,271.84180175629
14639.0,2023.0,1.0,30.0,23.5,2.25,0.0,-3.880294037,1.607270416,0.0,1011.15,39.0,0.0,17.61,0,0.493463658,0.869766416,0.5,0.866025404,-0.130526192,0.991444861,2023-01-30,312.676,271.84180175629
14640.0,2023.0,1.0,31.0,0.0,2.0,0.0,-2.679250644,1.109781954,0.0,1011.8,41.0,0.0,16.99,0,0.49377555,0.869589389,0.5,0.866025404,-2.4503e-16,1.0,2023-01-31,0.0,0.0
14641.0,2023.0,1.0,31.0,0.5,1.6,0.0,-2.25806556,2.772201855,0.0,1011.65,43.5,0.0,16.93,0,0.494087379,0.869412251,0.5,0.866025404,0.130526192,0.991444861,2023-01-31,0.0,0.0
14642.0,2023.0,1.0,31.0,1.0,1.2,0.0,-1.836880475,4.434621756,0.0,1011.5,46.0,0.0,15.51,0,0.494399144,0.869235001,0.5,0.866025404,0.258819045,0.965925826,2023-01-31,0.0,0.0
14643.0,2023.0,1.0,31.0,1.5,1.45,0.0,-2.143027221,5.173725382,0.0,1011.45,43.5,0.0,15.51,0,0.494710845,0.869057639,0.5,0.866025404,0.382683432,0.923879533,2023-01-31,0.0,0.0
14644.0,2023.0,1.0,31.0,2.0,1.7,0.0,-2.449173967,5.912829008,0.0,1011.4,41.0,0.0,15.82,0,0.495022483,0.868880165,0.5,0.866025404,0.5,0.866025404,2023-01-31,0.0,0.0
14645.0,2023.0,1.0,31.0,2.5,1.05,0.0,-2.468308139,5.959022985,0.0,1011.65,45.5,0.0,15.51,0,0.495334057,0.86870258,0.5,0.866025404,0.608761429,0.79335334,2023-01-31,0.0,0.0
14646.0,2023.0,1.0,31.0,3.0,0.4,0.0,-2.48744231,6.005216961,0.0,1011.9,50.0,0.0,16.0,0,0.495645567,0.868524883,0.5,0.866025404,0.707106781,0.707106781,2023-01-31,0.0,0.0
14647.0,2023.0,1.0,31.0,3.5,0.3,0.0,-2.799356074,4.558243399,0.0,1012.2,51.0,0.0,15.64,0,0.495957014,0.868347074,0.5,0.866025404,0.79335334,0.608761429,2023-01-31,0.0,0.0
14648.0,2023.0,1.0,31.0,4.0,0.2,0.0,-3.111269837,3.111269837,0.0,1012.5,52.0,0.0,15.51,0,0.496268396,0.868169153,0.5,0.866025404,0.866025404,0.5,2023-01-31,0.0,0.0
14649.0,2023.0,1.0,31.0,4.5,-0.05,0.0,-2.187062582,3.080036147,0.0,1012.95,52.5,0.0,15.51,0,0.496579715,0.867991121,0.5,0.866025404,0.923879533,0.382683432,2023-01-31,0.0,0.0
14650.0,2023.0,1.0,31.0,5.0,-0.3,0.0,-1.262855327,3.048802457,0.0,1013.4,53.0,0.0,16.0,0,0.49689097,0.867812977,0.5,0.866025404,0.965925826,0.258819045,2023-01-31,0.0,0.0
14651.0,2023.0,1.0,31.0,5.5,-0.6,0.0,-0.631427663,2.774401229,0.0,1013.9,55.0,0.0,16.93,0,0.497202162,0.867634722,0.5,0.866025404,0.991444861,0.130526192,2023-01-31,0.0,0.0
14652.0,2023.0,1.0,31.0,6.0,-0.9,0.0,1.53e-16,2.5,0.0,1014.4,57.0,0.0,17.26,0,0.497513289,0.867456355,0.5,0.866025404,1.0,6.12574e-17,2023-01-31,0.0,0.0
14653.0,2023.0,1.0,31.0,6.5,-0.85,0.0,-0.574025149,2.635819299,1.388888889,1014.75,56.5,0.002806288,19.05,0,0.497824352,0.867277876,0.5,0.866025404,0.991444861,-0.130526192,2023-01-31,0.0,0.0534597864
14654.0,2023.0,1.0,31.0,7.0,-0.8,0.0,-1.148050297,2.771638598,2.777777778,1015.1,56.0,0.0056934,22.66,0,0.498135351,0.867099286,0.5,0.866025404,0.965925826,-0.258819045,2023-01-31,0.0,0.1824722304
14655.0,2023.0,1.0,31.0,7.5,0.1,0.0,-0.574025148,2.835819299,54.16666669,1015.5,53.5,0.106162753,23.46,0,0.498446287,0.866920584,0.5,0.866025404,0.923879533,-0.382683432,2023-01-31,2.6979,2.67305041578
14656.0,2023.0,1.0,31.0,8.0,1.0,0.0,1.78e-16,2.9,105.5555556,1015.9,51.0,0.203394598,23.21,0,0.498757158,0.866741771,0.5,0.866025404,0.866025404,-0.5,2023-01-31,7.40953,7.393839035360001
14657.0,2023.0,1.0,31.0,8.5,2.05,0.0,-1.590990257,3.040990258,197.2222223,1016.1,47.0,0.37963009,22.66,0,0.499067965,0.866562846,0.5,0.866025404,0.79335334,-0.608761429,2023-01-31,16.02033,15.99625687476
14658.0,2023.0,1.0,31.0,9.0,3.1,0.0,-3.181980515,3.181980515,288.8888889,1016.3,43.0,0.554502782,22.38,0,0.499378707,0.86638381,0.5,0.866025404,0.707106781,-0.707106781,2023-01-31,16.02033,28.40602913592
14659.0,2023.0,1.0,31.0,9.5,3.75,0.0,-2.547698838,3.900689089,369.4444445,1016.2,40.5,0.731611932,22.4,0,0.499689386,0.866204663,0.5,0.866025404,0.608761429,-0.79335334,2023-01-31,44.84913,44.79413641272
14660.0,2023.0,1.0,31.0,10.0,4.4,0.0,-1.913417162,4.619397663,450.0,1016.1,38.0,1.017428876,18.95,0,0.5,0.866025404,0.5,0.866025404,0.5,-0.866025404,2023-01-31,64.12128,64.07441361292
14661.0,2023.0,1.0,31.0,10.5,4.8,0.0,-1.569002073,3.787906084,506.9444445,1015.7,36.0,1.053940483,17.24,0,0.50031055,0.865846033,0.5,0.866025404,0.382683432,-0.923879533,2023-01-31,82.29223999999999,82.24434753983999
14662.0,2023.0,1.0,31.0,11.0,5.2,0.0,-1.224586984,2.956414504,563.8888889,1015.3,34.0,1.114097409,16.95,0,0.500621035,0.865666552,0.5,0.866025404,0.258819045,-0.965925826,2023-01-31,101.17454,101.12829862238999
14663.0,2023.0,1.0,31.0,11.5,5.55,0.0,-1.305203142,1.765219827,591.6666667,1014.75,32.0,1.242910708,16.0,0,0.500931457,0.865486959,0.5,0.866025404,0.130526192,-0.991444861,2023-01-31,121.06254,121.01486995039
14664.0,2023.0,1.0,31.0,12.0,5.9,0.0,-1.385819299,0.574025149,619.4444444,1014.2,30.0,1.304881959,15.0,0,0.501241813,0.865307254,0.5,0.866025404,1.22515e-16,-1.0,2023-01-31,133.64754,140.58809933538998
14665.0,2023.0,1.0,31.0,12.5,5.9,0.0,-1.037324739,1.118504154,616.6666667,1013.85,29.0,1.173801555,12.0,0,0.501552106,0.865127439,0.5,0.866025404,-0.130526192,-0.991444861,2023-01-31,133.64754,154.67371799538998
14666.0,2023.0,1.0,31.0,13.0,5.9,0.0,-0.688830178,1.662983159,613.8888889,1013.5,28.0,1.227933221,11.99,0,0.501862334,0.864947512,0.5,0.866025404,-0.258819045,-0.965925826,2023-01-31,133.64754,169.39663731518
14667.0,2023.0,1.0,31.0,13.5,6.45,0.0,-0.631427664,1.524401229,577.7777778,1013.3,27.0,1.131503736,12.0,0,0.502172497,0.864767474,0.5,0.866025404,-0.382683432,-0.923879533,2023-01-31,133.64754,182.97468214717998
14668.0,2023.0,1.0,31.0,14.0,7.0,0.0,-0.574025149,1.385819299,541.6666667,1013.1,26.0,1.169685778,15.01,0,0.502482595,0.864587324,0.5,0.866025404,-0.5,-0.866025404,2023-01-31,151.20924,200.53166567495998
14669.0,2023.0,1.0,31.0,14.5,7.05,0.0,0.683060934,0.291092046,477.7777778,1013.3,27.5,0.938545952,16.54,0,0.502792629,0.864407064,0.5,0.866025404,-0.608761429,-0.79335334,2023-01-31,166.7403,216.05521572103999
14670.0,2023.0,1.0,31.0,15.0,7.1,0.0,1.940147018,-0.803635208,413.8888889,1013.5,29.0,0.795426137,17.09,0,0.503102599,0.864226692,0.5,0.866025404,-0.707106781,-0.707106781,2023-01-31,180.32684999999998,229.64904840237
14671.0,2023.0,1.0,31.0,15.5,6.6,0.0,1.970073509,-0.401817604,322.2222222,1013.85,30.0,0.706131502,17.36,0,0.503412503,0.864046209,0.5,0.866025404,-0.79335334,-0.608761429,2023-01-31,192.58300999999997,241.90749127709
14672.0,2023.0,1.0,31.0,16.0,6.1,0.0,2.0,0.0,230.5555556,1014.2,31.0,0.4693579,19.88,0,0.503722343,0.863865615,0.5,0.866025404,-0.866025404,-0.5,2023-01-31,201.90672999999998,251.23832632909
14673.0,2023.0,1.0,31.0,16.5,5.7,0.0,1.785297603,-0.325280918,134.7222222,1014.55,33.0,0.282107493,22.46,0,0.504032118,0.86368491,0.5,0.866025404,-0.923879533,-0.382683432,2023-01-31,208.24044999999998,257.57446062187
14674.0,2023.0,1.0,31.0,17.0,5.3,0.0,1.570595205,-0.650561835,38.88888889,1014.9,35.0,0.081467161,23.05,0,0.504341829,0.863504094,0.5,0.866025404,-0.965925826,-0.258819045,2023-01-31,210.1075,259.45227868292
14675.0,2023.0,1.0,31.0,17.5,4.8,0.0,1.570595205,-0.650561835,19.44444445,1015.1,39.5,0.040214399,23.57,0,0.504651474,0.863323166,0.5,0.866025404,-0.991444861,-0.130526192,2023-01-31,211.0503,260.40013206735
14676.0,2023.0,1.0,31.0,18.0,4.3,0.0,1.570595205,-0.650561835,0.0,1015.3,44.0,0.0,24.03,0,0.504961055,0.863142128,0.5,0.866025404,-1.0,-1.83772e-16,2023-01-31,259.1103,260.40013206735
14677.0,2023.0,1.0,31.0,18.5,3.95,0.0,1.524401229,-0.631427664,0.0,1015.35,49.5,0.0,24.35,0,0.50527057,0.862960979,0.5,0.866025404,-0.991444861,0.130526192,2023-01-31,307.8103,260.40013206735
14678.0,2023.0,1.0,31.0,19.0,3.6,0.0,1.478207252,-0.612293492,0.0,1015.4,55.0,0.0,23.97,0,0.505580021,0.862779718,0.5,0.866025404,-0.965925826,0.258819045,2023-01-31,307.8103,260.40013206735
14679.0,2023.0,1.0,31.0,19.5,3.4,0.0,1.163367695,-0.730410815,0.0,1015.5,53.5,0.0,23.47,0,0.505889406,0.862598347,0.5,0.866025404,-0.923879533,0.382683432,2023-01-31,307.8103,260.40013206735
14680.0,2023.0,1.0,31.0,20.0,3.2,0.0,0.848528137,-0.848528137,0.0,1015.6,52.0,0.0,23.24,0,0.506198727,0.862416865,0.5,0.866025404,-0.866025404,0.5,2023-01-31,307.8103,260.40013206735
14681.0,2023.0,1.0,31.0,20.5,2.3,0.0,1.060660172,-1.060660172,0.0,1015.45,54.0,0.0,23.07,0,0.506507982,0.862235272,0.5,0.866025404,-0.79335334,0.608761429,2023-01-31,307.8103,260.40013206735
14682.0,2023.0,1.0,31.0,21.0,1.4,0.0,1.272792206,-1.272792206,0.0,1015.3,56.0,0.0,22.78,0,0.506817173,0.862053568,0.5,0.866025404,-0.707106781,0.707106781,2023-01-31,307.8103,260.40013206735
14683.0,2023.0,1.0,31.0,21.5,0.95,0.0,1.190723823,-0.406786044,0.0,1015.3,59.0,0.0,22.78,0,0.507126298,0.861871753,0.5,0.866025404,-0.608761429,0.79335334,2023-01-31,307.8103,260.40013206735
14684.0,2023.0,1.0,31.0,22.0,0.5,0.0,1.108655439,0.459220119,0.0,1015.3,62.0,0.0,22.66,0,0.507435358,0.861689827,0.5,0.866025404,-0.5,0.866025404,2023-01-31,307.8103,260.40013206735
14685.0,2023.0,1.0,31.0,22.5,-0.45,0.0,0.726535264,0.645355849,0.0,1015.15,67.5,0.0,22.66,0,0.507744352,0.86150779,0.5,0.866025404,-0.382683432,0.923879533,2023-01-31,307.8103,260.40013206735
14686.0,2023.0,1.0,31.0,23.0,-1.4,0.0,0.344415089,0.831491579,0.0,1015.0,73.0,0.0,20.01,0,0.508053281,0.861325643,0.5,0.866025404,-0.258819045,0.965925826,2023-01-31,307.8103,260.40013206735
14687.0,2023.0,1.0,31.0,23.5,-1.85,0.0,-0.520702105,0.702758364,0.0,1014.95,74.5,0.0,18.21,0,0.508362145,0.861143385,0.5,0.866025404,-0.130526192,0.991444861,2023-01-31,307.8103,260.40013206735
